INSERT INTO id_sequences VALUES('project_id_seq', 1, 1, 0);
INSERT INTO id_sequences VALUES('project_audit_id_seq', 1, 1, 0);
INSERT INTO id_sequences VALUES('phase_id_seq', 1000, 1, 0);
INSERT INTO id_sequences VALUES('resource_id_seq', 1, 1, 0);
INSERT INTO id_sequences VALUES('notification_type_id_seq', 1, 1, 0);
INSERT INTO id_sequences VALUES('resource_role_id_seq', 1, 1, 0);

INSERT INTO phase(phase_id,description) VALUES (111, 'Collaboration');
INSERT INTO phase(phase_id,description) VALUES (112, 'Design');
INSERT INTO phase(phase_id,description) VALUES (113, 'Development');
INSERT INTO phase(phase_id,description) VALUES (114, 'Completed');

insert into phase values (125, 'Assembly');
insert into phase values (118, 'Architecture');
insert into phase values (117, 'Specification');
insert into phase values (134, 'Conceptualization');
insert into phase values (124, 'Testing');

INSERT INTO phase(phase_id, description) VALUES (115, 'Process');
INSERT INTO phase(phase_id, description) VALUES (116, 'Testing Competition');
INSERT INTO phase(phase_id, description) VALUES (119, 'Component Production');
INSERT INTO phase(phase_id, description) VALUES (120, 'Quality Assurance');
INSERT INTO phase(phase_id, description) VALUES (121, 'Deployment');
INSERT INTO phase(phase_id, description) VALUES (122, 'Security');
INSERT INTO phase(phase_id, description) VALUES (123, 'Process');
INSERT INTO phase(phase_id, description) VALUES (126, 'Legacy');
INSERT INTO phase(phase_id, description) VALUES (127, 'Icon Sets');
INSERT INTO phase(phase_id, description) VALUES (128, 'Storyboards');
INSERT INTO phase(phase_id, description) VALUES (129, 'Wireframes');
INSERT INTO phase(phase_id, description) VALUES (130, 'UI Prototype Competition');
INSERT INTO phase(phase_id, description) VALUES (131, 'Logos');
INSERT INTO phase(phase_id, description) VALUES (132, 'Print');
INSERT INTO phase(phase_id, description) VALUES (135, 'RIA Build Competition');
INSERT INTO phase(phase_id, description) VALUES (136, 'RIA Component Competition');
INSERT INTO phase(phase_id, description) VALUES (137, 'Test Scenarios');

INSERT INTO roles(role_id,role_name,description,status_id) VALUES (1, 'REQUESTOR', 'User that requested a components creation', 1);
INSERT INTO roles(role_id,role_name,description,status_id) VALUES (2, 'ARCHITECT', 'Project Architect', 1);
INSERT INTO roles(role_id,role_name,description,status_id) VALUES (3, 'DEVELOPER', 'Project Developer', 1);
INSERT INTO roles(role_id,role_name,description,status_id) VALUES (4, 'QA DEVELOPER', 'Porject Quality Assurance Developer', 1);
INSERT INTO roles(role_id,role_name,description,status_id) VALUES (5, 'Component Designer', 'Winning designer for component project', 1);
INSERT INTO roles(role_id,role_name,description,status_id) VALUES (6, 'Component Design Reviewer', 'Design review board member for component project', 1);
INSERT INTO roles(role_id,role_name,description,status_id) VALUES (7, 'Component Developer', 'Winning developer for component project', 1);
INSERT INTO roles(role_id,role_name,description,status_id) VALUES (8, 'Component Development Reviewer', 'Development review board member for component project', 1);

INSERT INTO project_type_lu(project_type_id,name,description,is_generic,create_user,create_date,modify_user,modify_date) VALUES (1, 'Component', 'Component', 'f', 'System', '2006-11-02 20:14:24.000', 'System', '2006-11-02 20:14:24.000');
INSERT INTO project_type_lu(project_type_id,name,description,is_generic,create_user,create_date,modify_user,modify_date) VALUES (2, 'Application', 'Application', 'f', 'System', '2006-11-02 20:14:24.000', 'System', '2006-11-02 20:14:24.000');
INSERT INTO project_type_lu(project_type_id,name,description,is_generic,create_user,create_date,modify_user,modify_date) VALUES (3, 'Studio', 'Studio', 'f', 'System', '2007-07-23 18:45:43.000', 'System', '2007-07-23 18:45:43.000');
INSERT INTO project_type_lu(project_type_id,name,description,is_generic,create_user,create_date,modify_user,modify_date) VALUES (4, 'Generic', 'Generic (can not have projects created of that type)', 't', 'System', current, 'System', current);
INSERT INTO project_category_lu(project_category_id,project_type_id,name,description,create_user,create_date,modify_user,modify_date) VALUES (1, 1, 'Design', 'Design', 'System', '2006-11-02 20:14:24.000', 'System', '2006-11-02 20:14:24.000');
INSERT INTO project_category_lu(project_category_id,project_type_id,name,description,create_user,create_date,modify_user,modify_date) VALUES (2, 1, 'Development', 'Development', 'System', '2006-11-02 20:14:24.000', 'System', '2006-11-02 20:14:24.000');
INSERT INTO project_category_lu(project_category_id,project_type_id,name,description,create_user,create_date,modify_user,modify_date) VALUES (3, 1, 'Security', 'Security', 'System', '2006-11-02 20:14:24.000', 'System', '2006-11-02 20:14:24.000');
INSERT INTO project_category_lu(project_category_id,project_type_id,name,description,create_user,create_date,modify_user,modify_date) VALUES (4, 1, 'Process', 'Process', 'System', '2006-11-02 20:14:24.000', 'System', '2006-11-02 20:14:24.000');
INSERT INTO project_category_lu(project_category_id,project_type_id,name,description,create_user,create_date,modify_user,modify_date) VALUES (5, 1, 'Testing Competition', 'Testing Competition', 'System', '2006-11-02 20:14:24.000', 'System', '2006-11-02 20:14:24.000');
INSERT INTO project_category_lu(project_category_id,project_type_id,name,description,create_user,create_date,modify_user,modify_date) VALUES (6, 2, 'Specification', 'Specification', 'System', '2006-11-02 20:14:24.000', 'System', '2006-11-02 20:14:24.000');
INSERT INTO project_category_lu(project_category_id,project_type_id,name,description,create_user,create_date,modify_user,modify_date) VALUES (7, 2, 'Architecture', 'Architecture', 'System', '2006-11-02 20:14:24.000', 'System', '2006-11-02 20:14:24.000');
INSERT INTO project_category_lu(project_category_id,project_type_id,name,description,create_user,create_date,modify_user,modify_date) VALUES (8, 2, 'Component Production', 'Component Production', 'System', '2006-11-02 20:14:24.000', 'System', '2006-11-02 20:14:24.000');
INSERT INTO project_category_lu(project_category_id,project_type_id,name,description,create_user,create_date,modify_user,modify_date) VALUES (9, 2, 'Quality Assurance', 'Quality Assurance', 'System', '2006-11-02 20:14:24.000', 'System', '2006-11-02 20:14:24.000');
INSERT INTO project_category_lu(project_category_id,project_type_id,name,description,create_user,create_date,modify_user,modify_date) VALUES (10, 2, 'Deployment', 'Deployment', 'System', '2006-11-02 20:14:24.000', 'System', '2006-11-02 20:14:24.000');
INSERT INTO project_category_lu(project_category_id,project_type_id,name,description,create_user,create_date,modify_user,modify_date) VALUES (11, 2, 'Security', 'Security', 'System', '2006-11-02 20:14:24.000', 'System', '2006-11-02 20:14:24.000');
INSERT INTO project_category_lu(project_category_id,project_type_id,name,description,create_user,create_date,modify_user,modify_date) VALUES (12, 2, 'Process', 'Process', 'System', '2006-11-02 20:14:24.000', 'System', '2006-11-02 20:14:24.000');
INSERT INTO project_category_lu(project_category_id,project_type_id,name,description,create_user,create_date,modify_user,modify_date) VALUES (13, 2, 'Test Suites', 'Test Suites', 'System', '2006-11-02 20:14:24.000', 'System', '2006-11-02 20:14:24.000');
INSERT INTO project_category_lu(project_category_id,project_type_id,name,description,create_user,create_date,modify_user,modify_date) VALUES (14, 2, 'Assembly Competition', 'Assembly Competition', 'System', '2006-11-02 20:14:24.000', 'System', '2006-11-02 20:14:24.000');
INSERT INTO project_category_lu(project_category_id,project_type_id,name,description,create_user,create_date,modify_user,modify_date) VALUES (15, 2, 'Legacy', 'Legacy', 'System', '2006-11-02 20:14:24.000', 'System', '2006-11-02 20:14:24.000');
INSERT INTO project_category_lu(project_category_id,project_type_id,name,description,create_user,create_date,modify_user,modify_date) VALUES (16, 3, 'Icon Sets', 'Icon Sets', 'System', '2007-07-23 18:45:52.000', 'System', '2007-07-23 18:45:52.000');
INSERT INTO project_category_lu(project_category_id,project_type_id,name,description,create_user,create_date,modify_user,modify_date) VALUES (17, 3, 'Storyboards', 'Storyboards', 'System', '2007-07-23 18:45:54.000', 'System', '2007-07-23 18:45:54.000');
INSERT INTO project_category_lu(project_category_id,project_type_id,name,description,create_user,create_date,modify_user,modify_date) VALUES (18, 3, 'Wireframes', 'Wireframes', 'System', '2007-07-23 18:45:56.000', 'System', '2007-07-23 18:45:56.000');
INSERT INTO project_category_lu(project_category_id,project_type_id,name,description,create_user,create_date,modify_user,modify_date) VALUES (19, 3, 'UI Prototypes', 'UI Prototypes', 'System', '2007-07-23 18:45:57.000', 'System', '2007-07-23 18:45:57.000');
INSERT INTO project_category_lu(project_category_id,project_type_id,name,description,create_user,create_date,modify_user,modify_date) VALUES (20, 3, 'Logos', 'Logos', 'System', '2007-07-23 18:45:59.000', 'System', '2007-07-23 18:45:59.000');
INSERT INTO project_category_lu(project_category_id,project_type_id,name,description,create_user,create_date,modify_user,modify_date) VALUES (21, 3, 'Print', 'Print', 'System', '2007-07-23 18:46:01.000', 'System', '2007-07-23 18:46:01.000');
INSERT INTO project_category_lu(project_category_id,project_type_id,name,description,create_user,create_date,modify_user,modify_date) VALUES (22, 3, 'Specification', 'Specification', 'System', '2007-07-23 18:46:01.000', 'System', '2007-07-23 18:46:01.000');
insert into project_category_lu(project_category_id,project_type_id,name,description,create_user,create_date,modify_user,modify_date) values (23, 2, 'Conceptualization', 'Conceptualization', 'System', current, 'System', current);
insert into project_category_lu(project_category_id,project_type_id,name,description,create_user,create_date,modify_user,modify_date) values (24, 2, 'RIA Build', 'RIA Build', 'System', current, 'System', current);
insert into project_category_lu(project_category_id,project_type_id,name,description,create_user,create_date,modify_user,modify_date) values (25, 2, 'RIA Component', 'RIA Component', 'System', current, 'System', current);
insert into project_category_lu(project_category_id,project_type_id,name,description,create_user,create_date,modify_user,modify_date) values (26, 2, 'Test Scenarios', 'Test Scenarios', 'System', current, 'System', current);
insert into project_category_lu(project_category_id,project_type_id,name,description,create_user,create_date,modify_user,modify_date) values (27, 2, 'Spec Review', 'Spec Review', 'System', current, 'System', current);
insert into project_category_lu(project_category_id,project_type_id,name,description,create_user,create_date,modify_user,modify_date) values (28, 4, 'Generic Scorecards', 'Generic scorecards are available for selection when creating projects of all categories', 'System', current, 'System', current);

INSERT INTO project_status_lu(project_status_id,name,description,create_user,create_date,modify_user,modify_date) VALUES (1, 'Active', 'Active', 'System', '2006-11-02 20:14:24.000', 'System', '2006-11-02 20:14:24.000');
INSERT INTO project_status_lu(project_status_id,name,description,create_user,create_date,modify_user,modify_date) VALUES (2, 'Draft', 'Draft', 'System', '2006-11-02 20:14:24.000', 'System', '2010-07-20 07:32:00.000');
INSERT INTO project_status_lu(project_status_id,name,description,create_user,create_date,modify_user,modify_date) VALUES (3, 'Deleted', 'Deleted', 'System', '2006-11-02 20:14:24.000', 'System', '2006-11-02 20:14:24.000');
INSERT INTO project_status_lu(project_status_id,name,description,create_user,create_date,modify_user,modify_date) VALUES (4, 'Cancelled - Failed Review', 'Cancelled - Failed Review', 'System', '2006-11-02 20:14:24.000', 'System', '2006-11-02 20:14:24.000');
INSERT INTO project_status_lu(project_status_id,name,description,create_user,create_date,modify_user,modify_date) VALUES (5, 'Cancelled - Failed Screening', 'Cancelled - Failed Screening', 'System', '2006-11-02 20:14:24.000', 'System', '2006-11-02 20:14:24.000');
INSERT INTO project_status_lu(project_status_id,name,description,create_user,create_date,modify_user,modify_date) VALUES (6, 'Cancelled - Zero Submissions', 'Cancelled - Zero Submissions', 'System', '2006-11-02 20:14:24.000', 'System', '2006-11-02 20:14:24.000');
INSERT INTO project_status_lu(project_status_id,name,description,create_user,create_date,modify_user,modify_date) VALUES (7, 'Completed', 'Completed', 'System', '2006-11-02 20:14:24.000', 'System', '2006-11-02 20:14:24.000');
INSERT INTO project_status_lu(project_status_id,name,description,create_user,create_date,modify_user,modify_date) VALUES (8, 'Cancelled - Winner Unresponsive', 'Cancelled - Winner Unresponsive', 'dok', '2007-05-23 15:47:06.000', 'dok', '2007-05-23 15:47:06.000');
INSERT INTO project_status_lu(project_status_id,name,description,create_user,create_date,modify_user,modify_date) VALUES (9, 'Cancelled - Client Request', 'Cancelled - Client Request', 156859, '2009-12-10 12:21:12.000', 156859, '2009-12-10 12:21:12.000');
INSERT INTO project_status_lu(project_status_id,name,description,create_user,create_date,modify_user,modify_date) VALUES (10, 'Cancelled - Requirements Infeasible', 'Cancelled - Requirements Infeasible', 156859, '2009-12-10 12:21:12.000', 156859, '2009-12-10 12:21:12.000');
insert into project_status_lu (project_status_id,name,description,create_user,create_date,modify_user,modify_date) values (11, 'Cancelled - Zero Registrations', 'Cancelled - Zero Registrations', 156859, current, 156859, current);
INSERT INTO project_info_type_lu(project_info_type_id,name,description,create_user,create_date,modify_user,modify_date) VALUES (1, 'External Reference ID', 'External Reference ID', 'System', '2006-11-02 20:14:24.000', 'System', '2006-11-02 20:14:24.000');
INSERT INTO project_info_type_lu(project_info_type_id,name,description,create_user,create_date,modify_user,modify_date) VALUES (2, 'Component ID', 'Component ID', 'System', '2006-11-02 20:14:24.000', 'System', '2006-11-02 20:14:24.000');
INSERT INTO project_info_type_lu(project_info_type_id,name,description,create_user,create_date,modify_user,modify_date) VALUES (3, 'Version ID', 'Version ID', 'System', '2006-11-02 20:14:24.000', 'System', '2006-11-02 20:14:24.000');
INSERT INTO project_info_type_lu(project_info_type_id,name,description,create_user,create_date,modify_user,modify_date) VALUES (4, 'Developer Forum ID', 'Developer Forum ID', 'System', '2006-11-02 20:14:24.000', 'System', '2006-11-02 20:14:24.000');
INSERT INTO project_info_type_lu(project_info_type_id,name,description,create_user,create_date,modify_user,modify_date) VALUES (5, 'Root Catalog ID', 'Root Catelog ID', 'System', '2006-11-02 20:14:24.000', 'System', '2006-11-02 20:14:24.000');
INSERT INTO project_info_type_lu(project_info_type_id,name,description,create_user,create_date,modify_user,modify_date) VALUES (6, 'Project Name', 'Project Name', 'System', '2006-11-02 20:14:24.000', 'System', '2006-11-02 20:14:24.000');
INSERT INTO project_info_type_lu(project_info_type_id,name,description,create_user,create_date,modify_user,modify_date) VALUES (7, 'Project Version', 'Project Version', 'System', '2006-11-02 20:14:24.000', 'System', '2006-11-02 20:14:24.000');
INSERT INTO project_info_type_lu(project_info_type_id,name,description,create_user,create_date,modify_user,modify_date) VALUES (8, 'SVN Module', 'SVN Module', 'System', '2006-11-02 20:14:24.000', 'System', '2006-11-02 20:14:24.000');
INSERT INTO project_info_type_lu(project_info_type_id,name,description,create_user,create_date,modify_user,modify_date) VALUES (9, 'Autopilot Option', 'Autopilot Option', 'System', '2006-11-02 20:14:24.000', 'System', '2006-11-02 20:14:24.000');
INSERT INTO project_info_type_lu(project_info_type_id,name,description,create_user,create_date,modify_user,modify_date) VALUES (10, 'Status Notification', 'Status Notification', 'System', '2006-11-02 20:14:24.000', 'System', '2006-11-02 20:14:24.000');
INSERT INTO project_info_type_lu(project_info_type_id,name,description,create_user,create_date,modify_user,modify_date) VALUES (11, 'Timeline Notification', 'Timeline Notification', 'System', '2006-11-02 20:14:24.000', 'System', '2006-11-02 20:14:24.000');
INSERT INTO project_info_type_lu(project_info_type_id,name,description,create_user,create_date,modify_user,modify_date) VALUES (12, 'Public', 'Public', 'System', '2006-11-02 20:14:24.000', 'System', '2006-11-02 20:14:24.000');
INSERT INTO project_info_type_lu(project_info_type_id,name,description,create_user,create_date,modify_user,modify_date) VALUES (13, 'Rated', 'Rated', 'System', '2006-11-02 20:14:24.000', 'System', '2006-11-02 20:14:24.000');
INSERT INTO project_info_type_lu(project_info_type_id,name,description,create_user,create_date,modify_user,modify_date) VALUES (14, 'Eligibility', 'Eligibility', 'System', '2006-11-02 20:14:24.000', 'System', '2006-11-02 20:14:24.000');
INSERT INTO project_info_type_lu(project_info_type_id,name,description,create_user,create_date,modify_user,modify_date) VALUES (15, 'Payments Required', 'Payments Required', 'System', '2006-11-02 20:14:24.000', 'System', '2006-11-02 20:14:24.000');
INSERT INTO project_info_type_lu(project_info_type_id,name,description,create_user,create_date,modify_user,modify_date) VALUES (16, 'Payments', 'Payments', 'System', '2006-11-02 20:14:24.000', 'System', '2006-11-02 20:14:24.000');
INSERT INTO project_info_type_lu(project_info_type_id,name,description,create_user,create_date,modify_user,modify_date) VALUES (17, 'Notes', 'Notes', 'System', '2006-11-02 20:14:24.000', 'System', '2006-11-02 20:14:24.000');
INSERT INTO project_info_type_lu(project_info_type_id,name,description,create_user,create_date,modify_user,modify_date) VALUES (18, 'Deactivated Timestamp', 'Deactivated Timestamp', 'System', '2006-11-02 20:14:24.000', 'System', '2006-11-02 20:14:24.000');
INSERT INTO project_info_type_lu(project_info_type_id,name,description,create_user,create_date,modify_user,modify_date) VALUES (19, 'Deactivated Phase', 'Deactivated Phase', 'System', '2006-11-02 20:14:24.000', 'System', '2006-11-02 20:14:24.000');
INSERT INTO project_info_type_lu(project_info_type_id,name,description,create_user,create_date,modify_user,modify_date) VALUES (20, 'Deactivated Reason', 'Deactivated Reason', 'System', '2006-11-02 20:14:24.000', 'System', '2006-11-02 20:14:24.000');
INSERT INTO project_info_type_lu(project_info_type_id,name,description,create_user,create_date,modify_user,modify_date) VALUES (21, 'Completion Timestamp', 'Completion Timestamp', 'System', '2006-11-02 20:14:24.000', 'System', '2006-11-02 20:14:24.000');
INSERT INTO project_info_type_lu(project_info_type_id,name,description,create_user,create_date,modify_user,modify_date) VALUES (22, 'Rated Timestamp', 'Rated Timestamp', 'System', '2006-11-02 20:14:24.000', 'System', '2006-11-02 20:14:24.000');
INSERT INTO project_info_type_lu(project_info_type_id,name,description,create_user,create_date,modify_user,modify_date) VALUES (23, 'Winner External Reference ID', 'Winner External Reference', 'System', '2006-11-02 20:14:24.000', 'System', '2006-11-02 20:14:24.000');
INSERT INTO project_info_type_lu(project_info_type_id,name,description,create_user,create_date,modify_user,modify_date) VALUES (24, 'Runner-up External Reference ID', 'Runner-up External Refere', 'System', '2006-11-02 20:14:24.000', 'System', '2006-11-02 20:14:24.000');
INSERT INTO project_info_type_lu(project_info_type_id,name,description,create_user,create_date,modify_user,modify_date) VALUES (25, 'Event Flag', 'Event Flag', 'System', '2006-11-02 20:14:24.000', 'System', '2006-11-02 20:14:24.000');
INSERT INTO project_info_type_lu(project_info_type_id,name,description,create_user,create_date,modify_user,modify_date) VALUES (26, 'Digital Run Flag', 'Digital Run Flag', 'System', '2006-11-02 20:14:24.000', 'System', '2006-11-02 20:14:24.000');
INSERT INTO project_info_type_lu(project_info_type_id,name,description,create_user,create_date,modify_user,modify_date) VALUES (27, 'AutoPilot AD Change', 'AutoPilot AD Change', 'System', '2007-04-23 17:54:24.000', 'System', '2007-04-23 17:54:24.000');
INSERT INTO project_info_type_lu(project_info_type_id,name,description,create_user,create_date,modify_user,modify_date) VALUES (28, 'Allow multiple submissions', 'Allow multiple submission', 'System', '2007-07-23 18:45:36.000', 'System', '2007-07-23 18:45:36.000');
INSERT INTO project_info_type_lu(project_info_type_id,name,description,create_user,create_date,modify_user,modify_date) VALUES (29, 'Contest Indicator', 'Whether or not this proje', 'dok', '2007-12-11 18:41:00.000', 'dok', '2007-12-11 18:41:00.000');
INSERT INTO project_info_type_lu(project_info_type_id,name,description,create_user,create_date,modify_user,modify_date) VALUES (30, 'DR points', 'DR points to award', 'pulky', '2008-02-18 10:11:50.000', 'pulky', '2008-02-18 10:11:50.000');
INSERT INTO project_info_type_lu(project_info_type_id,name,description,create_user,create_date,modify_user,modify_date) values (31,"Admin Fee","Admin Fee","System","2009-05-28 16:47:38.000","System","2009-05-28 16:47:38.000");
INSERT INTO project_info_type_lu(project_info_type_id,name,description,create_user,create_date,modify_user,modify_date) values (32,"Billing Project","Billing Project","System","2009-05-28 16:47:38.000","System","2009-05-28 16:47:38.000");
INSERT INTO project_info_type_lu(project_info_type_id,name,description,create_user,create_date,modify_user,modify_date) values (33,"Review Cost","Review Cost","System","2009-05-28 16:47:38.000","System","2009-05-28 16:47:38.000");
insert into project_info_type_lu(project_info_type_id,name,description,create_user,create_date,modify_user,modify_date) values (34, 'Confidentiality Type', 'Confidentiality Type', 'System', '2009-09-30 16:25:10', 'System', '2009-09-30 16:25:10');
insert into project_info_type_lu(project_info_type_id,name,description,create_user,create_date,modify_user,modify_date) values (35, 'Spec Review Cost', 'Spec Review Cost', 'System', '2009-09-30 16:25:10', 'System', '2009-09-30 16:25:10');
insert into project_info_type_lu(project_info_type_id,name,description,create_user,create_date,modify_user,modify_date) values (36,'First Place Cost','First Place Cost','System',CURRENT,'System',CURRENT);
insert into project_info_type_lu(project_info_type_id,name,description,create_user,create_date,modify_user,modify_date) values (37,'Second Place Cost','Second Place Cost','System',CURRENT,'System',CURRENT);
insert into project_info_type_lu(project_info_type_id,name,description,create_user,create_date,modify_user,modify_date) values (38,'Reliability Bonus Cost','Reliability Bonus Cost','System',CURRENT,'System',CURRENT);
insert into project_info_type_lu(project_info_type_id,name,description,create_user,create_date,modify_user,modify_date) values (39,'Milestone Bonus Cost','Milestone Bonus Cost','System',CURRENT,'System',CURRENT);
insert into project_info_type_lu(project_info_type_id,name,description,create_user,create_date,modify_user,modify_date) values (40,'Cost Level','Cost Level','System',CURRENT,'System',CURRENT);
insert into project_info_type_lu(project_info_type_id,name,description,create_user,create_date,modify_user,modify_date) values (41, 'Approval Required', 'Approval Required', 'System', current, 'System', current);
insert into project_info_type_lu(project_info_type_id,name,description,create_user,create_date,modify_user,modify_date) values (42, 'Requires Other Fixes', 'Requires Other Fixes', 'System', current, 'System', current);
insert into project_info_type_lu(project_info_type_id,name,description,create_user,create_date,modify_user,modify_date) values (43, 'Send Winner Emails', 'Send Winner Emails', 'System', current, 'System', current);
insert into project_info_type_lu(project_info_type_id,name,description,create_user,create_date,modify_user,modify_date) values (44, 'Post-Mortem Required', 'Post-Mortem Required', 'System', current, 'System', current);
insert into project_info_type_lu(project_info_type_id,name,description,create_user,create_date,modify_user,modify_date) values (45, 'Reliability Bonus Eligible', 'Reliability Bonus Eligible', 'System', current, 'System', current);
insert into project_info_type_lu(project_info_type_id,name,description,create_user,create_date,modify_user,modify_date) values (46, 'Member Payments Eligible', 'Member Payments Eligible', 'System', current, 'System', current);
insert into project_info_type_lu(project_info_type_id,name,description,create_user,create_date,modify_user,modify_date) values (47, 'Phase Dependencies Editable', 'Phase Dependencies Editable', 'System', current, 'System', current);
INSERT INTO project_info_type_lu  VALUES(48, 'Track Late Deliverables', 'Track Late Deliverables', 'System', CURRENT, 'System', CURRENT);

INSERT INTO phase_status_lu(phase_status_id,name,description,create_user,create_date,modify_user,modify_date) VALUES (1, 'Scheduled', 'Scheduled', 'System', '2006-11-02 20:14:24.000', 'System', '2006-11-02 20:14:24.000');
INSERT INTO phase_status_lu(phase_status_id,name,description,create_user,create_date,modify_user,modify_date) VALUES (2, 'Open', 'Open', 'System', '2006-11-02 20:14:24.000', 'System', '2006-11-02 20:14:24.000');
INSERT INTO phase_status_lu(phase_status_id,name,description,create_user,create_date,modify_user,modify_date) VALUES (3, 'Closed', 'Closed', 'System', '2006-11-02 20:14:24.000', 'System', '2006-11-02 20:14:24.000');
INSERT INTO phase_type_lu(phase_type_id,name,description,create_user,create_date,modify_user,modify_date) VALUES (1, 'Registration', 'Registration', 'System', '2006-11-02 20:14:24.000', 'System', '2006-11-02 20:14:24.000');
INSERT INTO phase_type_lu(phase_type_id,name,description,create_user,create_date,modify_user,modify_date) VALUES (2, 'Submission', 'Submission', 'System', '2006-11-02 20:14:24.000', 'System', '2006-11-02 20:14:24.000');
INSERT INTO phase_type_lu(phase_type_id,name,description,create_user,create_date,modify_user,modify_date) VALUES (3, 'Screening', 'Screening', 'System', '2006-11-02 20:14:24.000', 'System', '2006-11-02 20:14:24.000');
INSERT INTO phase_type_lu(phase_type_id,name,description,create_user,create_date,modify_user,modify_date) VALUES (4, 'Review', 'Review', 'System', '2006-11-02 20:14:24.000', 'System', '2006-11-02 20:14:24.000');
INSERT INTO phase_type_lu(phase_type_id,name,description,create_user,create_date,modify_user,modify_date) VALUES (5, 'Appeals', 'Appeals', 'System', '2006-11-02 20:14:24.000', 'System', '2006-11-02 20:14:24.000');
INSERT INTO phase_type_lu(phase_type_id,name,description,create_user,create_date,modify_user,modify_date) VALUES (6, 'Appeals Response', 'Appeals Response', 'System', '2006-11-02 20:14:24.000', 'System', '2006-11-02 20:14:24.000');
INSERT INTO phase_type_lu(phase_type_id,name,description,create_user,create_date,modify_user,modify_date) VALUES (7, 'Aggregation', 'Aggregation', 'System', '2006-11-02 20:14:24.000', 'System', '2006-11-02 20:14:24.000');
INSERT INTO phase_type_lu(phase_type_id,name,description,create_user,create_date,modify_user,modify_date) VALUES (8, 'Aggregation Review', 'Aggregation Review', 'System', '2006-11-02 20:14:24.000', 'System', '2006-11-02 20:14:24.000');
INSERT INTO phase_type_lu(phase_type_id,name,description,create_user,create_date,modify_user,modify_date) VALUES (9, 'Final Fix', 'Final Fix', 'System', '2006-11-02 20:14:24.000', 'System', '2006-11-02 20:14:24.000');
INSERT INTO phase_type_lu(phase_type_id,name,description,create_user,create_date,modify_user,modify_date) VALUES (10, 'Final Review', 'Final Review', 'System', '2006-11-02 20:14:24.000', 'System', '2006-11-02 20:14:24.000');
INSERT INTO phase_type_lu(phase_type_id,name,description,create_user,create_date,modify_user,modify_date) VALUES (11, 'Approval', 'Approval', 'System', '2006-11-02 20:14:24.000', 'System', '2006-11-02 20:14:24.000');
INSERT INTO phase_type_lu(phase_type_id,name,description,create_user,create_date,modify_user,modify_date) VALUES (12, 'Post-Mortem', 'Post-Mortem', 'System', current, 'System', current);
INSERT INTO phase_type_lu(phase_type_id,name,description,create_user,create_date,modify_user,modify_date) VALUES (13, 'Specification Submission', 'Specification Submission', 'System', current, 'System', current);
INSERT INTO phase_type_lu(phase_type_id,name,description,create_user,create_date,modify_user,modify_date) VALUES (14, 'Specification Review', 'Specification Review', 'System', current, 'System', current);
INSERT INTO phase_criteria_type_lu(phase_criteria_type_id,name,description,create_user,create_date,modify_user,modify_date) VALUES (1, 'Scorecard ID', 'Scorecard ID', 'System', '2006-11-02 20:14:24.000', 'System', '2006-11-02 20:14:24.000');
INSERT INTO phase_criteria_type_lu(phase_criteria_type_id,name,description,create_user,create_date,modify_user,modify_date) VALUES (2, 'Registration Number', 'Registration Number', 'System', '2006-11-02 20:14:24.000', 'System', '2006-11-02 20:14:24.000');
INSERT INTO phase_criteria_type_lu(phase_criteria_type_id,name,description,create_user,create_date,modify_user,modify_date) VALUES (3, 'Submission Number', 'Submission Number', 'System', '2006-11-02 20:14:24.000', 'System', '2006-11-02 20:14:24.000');
INSERT INTO phase_criteria_type_lu(phase_criteria_type_id,name,description,create_user,create_date,modify_user,modify_date) VALUES (4, 'View Response During Appeals', 'View Response During Appeals', 'System', '2006-11-02 20:14:24.000', 'System', '2006-11-02 20:14:24.000');
INSERT INTO phase_criteria_type_lu(phase_criteria_type_id,name,description,create_user,create_date,modify_user,modify_date) VALUES (5, 'Manual Screening', 'Manual Screening', 'System', '2006-11-02 20:14:24.000', 'System', '2006-11-02 20:14:24.000');
INSERT INTO phase_criteria_type_lu(phase_criteria_type_id,name,description,create_user,create_date,modify_user,modify_date) VALUES (6, 'Reviewer Number', 'Reviewer Number', 'System', '2006-11-08 09:10:10.000', 'System', '2006-11-08 09:10:10.000');
INSERT INTO resource_role_lu(resource_role_id,phase_type_id,name,description,create_user,create_date,modify_user,modify_date) VALUES (1, NULL, 'Submitter', 'Submitter', 'System', '2006-11-02 20:14:24.000', 'System', '2006-11-02 20:14:24.000');
INSERT INTO resource_role_lu(resource_role_id,phase_type_id,name,description,create_user,create_date,modify_user,modify_date) VALUES (2, 3, 'Primary Screener', 'Primary Screener', 'System', '2006-11-02 20:14:24.000', 'System', '2006-11-02 20:14:24.000');
INSERT INTO resource_role_lu(resource_role_id,phase_type_id,name,description,create_user,create_date,modify_user,modify_date) VALUES (3, 3, 'Screener', 'Screener', 'System', '2006-11-02 20:14:24.000', 'System', '2006-11-02 20:14:24.000');
INSERT INTO resource_role_lu(resource_role_id,phase_type_id,name,description,create_user,create_date,modify_user,modify_date) VALUES (4, 4, 'Reviewer', 'Reviewer', 'System', '2006-11-02 20:14:24.000', 'System', '2006-11-02 20:14:24.000');
INSERT INTO resource_role_lu(resource_role_id,phase_type_id,name,description,create_user,create_date,modify_user,modify_date) VALUES (5, 4, 'Accuracy Reviewer', 'Accuracy Reviewer', 'System', '2006-11-02 20:14:24.000', 'System', '2006-11-02 20:14:24.000');
INSERT INTO resource_role_lu(resource_role_id,phase_type_id,name,description,create_user,create_date,modify_user,modify_date) VALUES (6, 4, 'Failure Reviewer', 'Failure Reviewer', 'System', '2006-11-02 20:14:24.000', 'System', '2006-11-02 20:14:24.000');
INSERT INTO resource_role_lu(resource_role_id,phase_type_id,name,description,create_user,create_date,modify_user,modify_date) VALUES (7, 4, 'Stress Reviewer', 'Stress Reviewer', 'System', '2006-11-02 20:14:24.000', 'System', '2006-11-02 20:14:24.000');
INSERT INTO resource_role_lu(resource_role_id,phase_type_id,name,description,create_user,create_date,modify_user,modify_date) VALUES (8, 7, 'Aggregator', 'Aggregator', 'System', '2006-11-02 20:14:24.000', 'System', '2006-11-02 20:14:24.000');
INSERT INTO resource_role_lu(resource_role_id,phase_type_id,name,description,create_user,create_date,modify_user,modify_date) VALUES (9, 10, 'Final Reviewer', 'Final Reviewer', 'System', '2006-11-02 20:14:24.000', 'System', '2006-11-02 20:14:24.000');
INSERT INTO resource_role_lu(resource_role_id,phase_type_id,name,description,create_user,create_date,modify_user,modify_date) VALUES (10, NULL, 'Approver', 'Approver', 'System', '2006-11-02 20:14:24.000', 'System', '2006-11-02 20:14:24.000');
INSERT INTO resource_role_lu(resource_role_id,phase_type_id,name,description,create_user,create_date,modify_user,modify_date) VALUES (11, NULL, 'Designer', 'Designer', 'System', '2006-11-02 20:14:24.000', 'System', '2006-11-02 20:14:24.000');
INSERT INTO resource_role_lu(resource_role_id,phase_type_id,name,description,create_user,create_date,modify_user,modify_date) VALUES (12, NULL, 'Observer', 'Observer', 'System', '2006-11-02 20:14:24.000', 'System', '2006-11-02 20:14:24.000');
INSERT INTO resource_role_lu(resource_role_id,phase_type_id,name,description,create_user,create_date,modify_user,modify_date) VALUES (13, NULL, 'Manager', 'Manager', 'System', '2006-11-02 20:14:24.000', 'System', '2006-11-02 20:14:24.000');
INSERT INTO resource_role_lu(resource_role_id,phase_type_id,name,description,create_user,create_date,modify_user,modify_date) VALUES (14, NULL, 'Copilot', 'Copilot', 'System', '2010-01-13 08:54:35.000', 'System', '2010-01-13 08:54:35.000');
INSERT INTO resource_role_lu(resource_role_id,phase_type_id,name,description,create_user,create_date,modify_user,modify_date) VALUES (15, NULL, 'Client Manager', 'Client Manager', 'System', '2010-01-13 08:54:35.000', 'System', '2010-01-13 08:54:35.000');
INSERT INTO resource_role_lu(resource_role_id,phase_type_id,name,description,create_user,create_date,modify_user,modify_date) VALUES (16, NULL, 'Post-Mortem Reviewer', 'Post-Mortem Reviewer', 'System', current, 'System', current);
INSERT INTO resource_role_lu(resource_role_id,phase_type_id,name,description,create_user,create_date,modify_user,modify_date) VALUES (17, NULL, 'Specification Submitter', 'Specification Submitter', 'System', current, 'System', current);
INSERT INTO resource_role_lu(resource_role_id,phase_type_id,name,description,create_user,create_date,modify_user,modify_date) VALUES (18, 14, 'Specification Reviewer', 'Specification Reviewer', 'System', current, 'System', current);
INSERT INTO resource_role_lu(resource_role_id,phase_type_id,name,description,create_user,create_date,modify_user,modify_date) VALUES (1001, NULL, 'Team Captain', 'Team Captain', 'System', '2006-11-02 20:14:24.000', 'System', '2006-11-02 20:14:24.000');
INSERT INTO resource_role_lu(resource_role_id,phase_type_id,name,description,create_user,create_date,modify_user,modify_date) VALUES (1002, NULL, 'Free Agent', 'Free Agent', 'System', '2006-11-02 20:14:24.000', 'System', '2006-11-02 20:14:24.000');
INSERT INTO resource_role_lu(resource_role_id,phase_type_id,name,description,create_user,create_date,modify_user,modify_date) VALUES (1003, NULL, 'Payment Manager', 'Payment Manager', 'System', '2009-03-16 20:27:00.000', 'System', '2009-03-16 20:27:00.000');
INSERT INTO resource_role_lu(resource_role_id,phase_type_id,name,description,create_user,create_date,modify_user,modify_date) VALUES (86, NULL, 'Deactivated', 'Deactivated', 'System', '2008-12-04 14:51:25.000', 'System', '2008-12-04 14:51:25.000');
INSERT INTO resource_info_type_lu(resource_info_type_id,name,description,create_user,create_date,modify_user,modify_date) VALUES (1, 'External Reference ID', 'External Reference ID', 'System', '2006-11-02 20:14:24.000', 'System', '2006-11-02 20:14:24.000');
INSERT INTO resource_info_type_lu(resource_info_type_id,name,description,create_user,create_date,modify_user,modify_date) VALUES (2, 'Handle', 'Handle', 'System', '2006-11-02 20:14:24.000', 'System', '2006-11-02 20:14:24.000');
INSERT INTO resource_info_type_lu(resource_info_type_id,name,description,create_user,create_date,modify_user,modify_date) VALUES (3, 'Email', 'Email', 'System', '2006-11-02 20:14:24.000', 'System', '2006-11-02 20:14:24.000');
INSERT INTO resource_info_type_lu(resource_info_type_id,name,description,create_user,create_date,modify_user,modify_date) VALUES (4, 'Rating', 'Rating', 'System', '2006-11-02 20:14:24.000', 'System', '2006-11-02 20:14:24.000');
INSERT INTO resource_info_type_lu(resource_info_type_id,name,description,create_user,create_date,modify_user,modify_date) VALUES (5, 'Reliability', 'Reliability', 'System', '2006-11-02 20:14:24.000', 'System', '2006-11-02 20:14:24.000');
INSERT INTO resource_info_type_lu(resource_info_type_id,name,description,create_user,create_date,modify_user,modify_date) VALUES (6, 'Registration Date', 'Registration Date', 'System', '2006-11-02 20:14:24.000', 'System', '2006-11-02 20:14:24.000');
INSERT INTO resource_info_type_lu(resource_info_type_id,name,description,create_user,create_date,modify_user,modify_date) VALUES (7, 'Payment', 'Payment', 'System', '2006-11-02 20:14:24.000', 'System', '2006-11-02 20:14:24.000');
INSERT INTO resource_info_type_lu(resource_info_type_id,name,description,create_user,create_date,modify_user,modify_date) VALUES (8, 'Payment Status', 'Payment Status', 'System', '2006-11-02 20:14:24.000', 'System', '2006-11-02 20:14:24.000');
INSERT INTO resource_info_type_lu(resource_info_type_id,name,description,create_user,create_date,modify_user,modify_date) VALUES (9, 'Screening Score', 'Screening Score', 'System', '2006-11-02 20:14:24.000', 'System', '2006-11-02 20:14:24.000');
INSERT INTO resource_info_type_lu(resource_info_type_id,name,description,create_user,create_date,modify_user,modify_date) VALUES (10, 'Initial Score', 'Initial Score', 'System', '2006-11-02 20:14:24.000', 'System', '2006-11-02 20:14:24.000');
INSERT INTO resource_info_type_lu(resource_info_type_id,name,description,create_user,create_date,modify_user,modify_date) VALUES (11, 'Final Score', 'Final Score', 'System', '2006-11-02 20:14:24.000', 'System', '2006-11-02 20:14:24.000');
INSERT INTO resource_info_type_lu(resource_info_type_id,name,description,create_user,create_date,modify_user,modify_date) VALUES (12, 'Placement', 'Placement', 'System', '2006-11-02 20:14:24.000', 'System', '2006-11-02 20:14:24.000');
insert into resource_info_type_lu(resource_info_type_id,name,description,create_user,create_date,modify_user,modify_date) values (13, 'Appeals Completed Early', 'Appeals Completed Early', 'System', current, 'System', current);
INSERT INTO upload_type_lu(upload_type_id,name,description,create_user,create_date,modify_user,modify_date) VALUES (1, 'Submission', 'Submission', 'System', '2006-11-02 20:14:24.000', 'System', '2006-11-02 20:14:24.000');
INSERT INTO upload_type_lu(upload_type_id,name,description,create_user,create_date,modify_user,modify_date) VALUES (2, 'Test Case', 'Test Case', 'System', '2006-11-02 20:14:24.000', 'System', '2006-11-02 20:14:24.000');
INSERT INTO upload_type_lu(upload_type_id,name,description,create_user,create_date,modify_user,modify_date) VALUES (3, 'Final Fix', 'Final Fix', 'System', '2006-11-02 20:14:24.000', 'System', '2006-11-02 20:14:24.000');
INSERT INTO upload_type_lu(upload_type_id,name,description,create_user,create_date,modify_user,modify_date) VALUES (4, 'Review Document', 'Review Document', 'System', '2006-11-02 20:14:24.000', 'System', '2006-11-02 20:14:24.000');
INSERT INTO upload_status_lu(upload_status_id,name,description,create_user,create_date,modify_user,modify_date) VALUES (1, 'Active', 'Active', 'System', '2006-11-02 20:14:24.000', 'System', '2006-11-02 20:14:24.000');
INSERT INTO upload_status_lu(upload_status_id,name,description,create_user,create_date,modify_user,modify_date) VALUES (2, 'Deleted', 'Deleted', 'System', '2006-11-02 20:14:24.000', 'System', '2006-11-02 20:14:24.000');
INSERT INTO submission_status_lu(submission_status_id,name,description,create_user,create_date,modify_user,modify_date) VALUES (1, 'Active', 'Active', 'System', '2006-11-02 20:14:24.000', 'System', '2006-11-02 20:14:24.000');
INSERT INTO submission_status_lu(submission_status_id,name,description,create_user,create_date,modify_user,modify_date) VALUES (2, 'Failed Screening', 'Failed Manual Screening', 'System', '2006-11-02 20:14:24.000', 'System', '2006-11-02 20:14:24.000');
INSERT INTO submission_status_lu(submission_status_id,name,description,create_user,create_date,modify_user,modify_date) VALUES (3, 'Failed Review', 'Failed Review', 'System', '2006-11-02 20:14:24.000', 'System', '2006-11-02 20:14:24.000');
INSERT INTO submission_status_lu(submission_status_id,name,description,create_user,create_date,modify_user,modify_date) VALUES (4, 'Completed Without Win', 'Completed Without Win', 'System', '2006-11-02 20:14:24.000', 'System', '2006-11-02 20:14:24.000');
INSERT INTO submission_status_lu(submission_status_id,name,description,create_user,create_date,modify_user,modify_date) VALUES (5, 'Deleted', 'Deleted', 'System', '2006-11-02 20:14:24.000', 'System', '2006-11-02 20:14:24.000');
INSERT INTO submission_type_lu(submission_type_id,name,description,create_user,create_date,modify_user,modify_date) VALUES (1, 'Contest Submission', 'Contest Submission', 'System', CURRENT, 'System', CURRENT);
INSERT INTO submission_type_lu(submission_type_id,name,description,create_user,create_date,modify_user,modify_date) VALUES (2, 'Specification Submission', 'Specification Submission', 'System', CURRENT, 'System', CURRENT);
INSERT INTO comment_type_lu(comment_type_id,name,description,create_user,create_date,modify_user,modify_date) VALUES (1, 'Comment', 'Comment', 'System', '2006-11-02 20:14:24.000', 'System', '2006-11-02 20:14:24.000');
INSERT INTO comment_type_lu(comment_type_id,name,description,create_user,create_date,modify_user,modify_date) VALUES (2, 'Recommended', 'Recommended', 'System', '2006-11-02 20:14:24.000', 'System', '2006-11-02 20:14:24.000');
INSERT INTO comment_type_lu(comment_type_id,name,description,create_user,create_date,modify_user,modify_date) VALUES (3, 'Required', 'Required', 'System', '2006-11-02 20:14:24.000', 'System', '2006-11-02 20:14:24.000');
INSERT INTO comment_type_lu(comment_type_id,name,description,create_user,create_date,modify_user,modify_date) VALUES (4, 'Appeal', 'Appeal', 'System', '2006-11-02 20:14:24.000', 'System', '2006-11-02 20:14:24.000');
INSERT INTO comment_type_lu(comment_type_id,name,description,create_user,create_date,modify_user,modify_date) VALUES (5, 'Appeal Response', 'Appeal Response', 'System', '2006-11-02 20:14:24.000', 'System', '2006-11-02 20:14:24.000');
INSERT INTO comment_type_lu(comment_type_id,name,description,create_user,create_date,modify_user,modify_date) VALUES (6, 'Aggregation Comment', 'Aggregator Comment', 'System', '2006-11-02 20:14:24.000', 'System', '2006-11-02 20:14:24.000');
INSERT INTO comment_type_lu(comment_type_id,name,description,create_user,create_date,modify_user,modify_date) VALUES (7, 'Aggregation Review Comment', 'Aggregator Comment', 'System', '2006-11-02 20:14:24.000', 'System', '2006-11-02 20:14:24.000');
INSERT INTO comment_type_lu(comment_type_id,name,description,create_user,create_date,modify_user,modify_date) VALUES (8, 'Submitter Comment', 'Submitter Comment', 'System', '2006-11-02 20:14:24.000', 'System', '2006-11-02 20:14:24.000');
INSERT INTO comment_type_lu(comment_type_id,name,description,create_user,create_date,modify_user,modify_date) VALUES (9, 'Final Fix Comment', 'Final Fix Comment', 'System', '2006-11-02 20:14:24.000', 'System', '2006-11-02 20:14:24.000');
INSERT INTO comment_type_lu(comment_type_id,name,description,create_user,create_date,modify_user,modify_date) VALUES (10, 'Final Review Comment', 'Final Review Comment', 'System', '2006-11-02 20:14:24.000', 'System', '2006-11-02 20:14:24.000');
INSERT INTO comment_type_lu(comment_type_id,name,description,create_user,create_date,modify_user,modify_date) VALUES (11, 'Manager Comment', 'Manager Comment', 'System', '2006-11-02 20:14:24.000', 'System', '2006-11-02 20:14:24.000');
INSERT INTO comment_type_lu(comment_type_id,name,description,create_user,create_date,modify_user,modify_date) VALUES (12, 'Approval Review Comment', 'The final product fails to meet one or more requirements', 'System', current, 'System', current);
INSERT INTO comment_type_lu(comment_type_id,name,description,create_user,create_date,modify_user,modify_date) VALUES (13, 'Approval Review Comment - Other Fixes', 'The final product meets all requirement but requires other fixes before it can be used', 'System', current, 'System', current);
INSERT INTO comment_type_lu(comment_type_id,name,description,create_user,create_date,modify_user,modify_date) VALUES (14, 'Specification Review Comment', 'Specification Review Comment', 'System', current, 'System', current);
INSERT INTO deliverable_lu(deliverable_id,phase_type_id,resource_role_id,name,description,required,submission_type_id,create_user,create_date,modify_user,modify_date) VALUES (1, 2, 1, 'Submission', 'Submission', 0, NULL, 'System', '2006-11-02 20:14:24.000', 'System', '2006-11-02 20:14:24.000');
INSERT INTO deliverable_lu(deliverable_id,phase_type_id,resource_role_id,name,description,required,submission_type_id,create_user,create_date,modify_user,modify_date) VALUES (2, 3, 2, 'Primary Screening Scorecard', 'Primary Screening Scorecard', 1, 1, 'System', '2006-11-02 20:14:24.000', 'System', '2006-11-02 20:14:24.000');
INSERT INTO deliverable_lu(deliverable_id,phase_type_id,resource_role_id,name,description,required,submission_type_id,create_user,create_date,modify_user,modify_date) VALUES (3, 3, 3, 'Screening Scorecard', 'Screening Scorecard', 1, NULL, 'System', '2006-11-02 20:14:24.000', 'System', '2006-11-02 20:14:24.000');
INSERT INTO deliverable_lu(deliverable_id,phase_type_id,resource_role_id,name,description,required,submission_type_id,create_user,create_date,modify_user,modify_date) VALUES (4, 4, 4, 'Review Scorecard', 'Review Scorecard', 1, 1, 'System', '2006-11-02 20:14:24.000', 'System', '2006-11-02 20:14:24.000');
INSERT INTO deliverable_lu(deliverable_id,phase_type_id,resource_role_id,name,description,required,submission_type_id,create_user,create_date,modify_user,modify_date) VALUES (5, 4, 5, 'Review Scorecard', 'Review Scorecard', 1, 1, 'System', '2006-11-02 20:14:24.000', 'System', '2006-11-02 20:14:24.000');
INSERT INTO deliverable_lu(deliverable_id,phase_type_id,resource_role_id,name,description,required,submission_type_id,create_user,create_date,modify_user,modify_date) VALUES (6, 4, 6, 'Review Scorecard', 'Review Scorecard', 1, 1, 'System', '2006-11-02 20:14:24.000', 'System', '2006-11-02 20:14:24.000');
INSERT INTO deliverable_lu(deliverable_id,phase_type_id,resource_role_id,name,description,required,submission_type_id,create_user,create_date,modify_user,modify_date) VALUES (7, 4, 7, 'Review Scorecard', 'Review Scorecard', 1, 1, 'System', '2006-11-02 20:14:24.000', 'System', '2006-11-02 20:14:24.000');
INSERT INTO deliverable_lu(deliverable_id,phase_type_id,resource_role_id,name,description,required,submission_type_id,create_user,create_date,modify_user,modify_date) VALUES (8, 4, 5, 'Accuracy Test Cases', 'Accuracy Test Cases', 1, NULL, 'System', '2006-11-02 20:14:24.000', 'System', '2006-11-02 20:14:24.000');
INSERT INTO deliverable_lu(deliverable_id,phase_type_id,resource_role_id,name,description,required,submission_type_id,create_user,create_date,modify_user,modify_date) VALUES (9, 4, 6, 'Failure Test Cases', 'Failure Test Cases', 1, NULL, 'System', '2006-11-02 20:14:24.000', 'System', '2006-11-02 20:14:24.000');
INSERT INTO deliverable_lu(deliverable_id,phase_type_id,resource_role_id,name,description,required,submission_type_id,create_user,create_date,modify_user,modify_date) VALUES (10, 4, 7, 'Stress Test Cases', 'Stress Test Cases', 1, NULL, 'System', '2006-11-02 20:14:24.000', 'System', '2006-11-02 20:14:24.000');
INSERT INTO deliverable_lu(deliverable_id,phase_type_id,resource_role_id,name,description,required,submission_type_id,create_user,create_date,modify_user,modify_date) VALUES (11, 6, 4, 'Appeal Responses', 'Appeal Responses', 1, 1, 'System', '2006-11-02 20:14:24.000', 'System', '2006-11-02 20:14:24.000');
INSERT INTO deliverable_lu(deliverable_id,phase_type_id,resource_role_id,name,description,required,submission_type_id,create_user,create_date,modify_user,modify_date) VALUES (12, 6, 5, 'Appeal Responses', 'Appeal Responses', 1, 1, 'System', '2006-11-02 20:14:24.000', 'System', '2006-11-02 20:14:24.000');
INSERT INTO deliverable_lu(deliverable_id,phase_type_id,resource_role_id,name,description,required,submission_type_id,create_user,create_date,modify_user,modify_date) VALUES (13, 6, 6, 'Appeal Responses', 'Appeal Responses', 1, 1, 'System', '2006-11-02 20:14:24.000', 'System', '2006-11-02 20:14:24.000');
INSERT INTO deliverable_lu(deliverable_id,phase_type_id,resource_role_id,name,description,required,submission_type_id,create_user,create_date,modify_user,modify_date) VALUES (14, 6, 7, 'Appeal Responses', 'Appeal Responses', 1, 1, 'System', '2006-11-02 20:14:24.000', 'System', '2006-11-02 20:14:24.000');
INSERT INTO deliverable_lu(deliverable_id,phase_type_id,resource_role_id,name,description,required,submission_type_id,create_user,create_date,modify_user,modify_date) VALUES (15, 7, 8, 'Aggregation', 'Aggregation', 1, 1, 'System', '2006-11-02 20:52:17.000', 'System', '2006-11-02 20:52:17.000');
INSERT INTO deliverable_lu(deliverable_id,phase_type_id,resource_role_id,name,description,required,submission_type_id,create_user,create_date,modify_user,modify_date) VALUES (16, 8, 4, 'Aggregation Review', 'Aggregation Review', 1, 1, 'System', '2006-11-02 20:52:17.000', 'System', '2006-11-02 20:52:17.000');
INSERT INTO deliverable_lu(deliverable_id,phase_type_id,resource_role_id,name,description,required,submission_type_id,create_user,create_date,modify_user,modify_date) VALUES (17, 8, 5, 'Aggregation Review', 'Aggregation Review', 1, 1, 'System', '2006-11-02 20:52:17.000', 'System', '2006-11-02 20:52:17.000');
INSERT INTO deliverable_lu(deliverable_id,phase_type_id,resource_role_id,name,description,required,submission_type_id,create_user,create_date,modify_user,modify_date) VALUES (18, 8, 6, 'Aggregation Review', 'Aggregation Review', 1, 1, 'System', '2006-11-02 20:52:17.000', 'System', '2006-11-02 20:52:17.000');
INSERT INTO deliverable_lu(deliverable_id,phase_type_id,resource_role_id,name,description,required,submission_type_id,create_user,create_date,modify_user,modify_date) VALUES (19, 8, 7, 'Aggregation Review', 'Aggregation Review', 1, 1, 'System', '2006-11-02 20:52:17.000', 'System', '2006-11-02 20:52:17.000');
INSERT INTO deliverable_lu(deliverable_id,phase_type_id,resource_role_id,name,description,required,submission_type_id,create_user,create_date,modify_user,modify_date) VALUES (20, 9, 1, 'Final Fix', 'Final Fix', 1, NULL, 'System', '2006-11-02 20:52:17.000', 'System', '2006-11-02 20:52:17.000');
INSERT INTO deliverable_lu(deliverable_id,phase_type_id,resource_role_id,name,description,required,submission_type_id,create_user,create_date,modify_user,modify_date) VALUES (21, 8, 1, 'Scorecard Comment', 'Scorecard Comment', 1, 1, 'System', '2006-11-02 20:52:17.000', 'System', '2006-11-02 20:52:17.000');
INSERT INTO deliverable_lu(deliverable_id,phase_type_id,resource_role_id,name,description,required,submission_type_id,create_user,create_date,modify_user,modify_date) VALUES (22, 10, 9, 'Final Review', 'Final Review', 1, 1, 'System', '2006-11-02 20:52:17.000', 'System', '2006-11-02 20:52:17.000');
INSERT INTO deliverable_lu(deliverable_id,phase_type_id,resource_role_id,name,description,required,submission_type_id,create_user,create_date,modify_user,modify_date) VALUES (23, 11, 10, 'Approval', 'Approval', 1, 1, 'System', '2006-11-02 20:52:17.000', 'System', '2006-11-02 20:52:17.000');
INSERT INTO deliverable_lu(deliverable_id,phase_type_id,resource_role_id,name,description,required,submission_type_id,create_user,create_date,modify_user,modify_date) VALUES (24, 12, 16, 'Post-Mortem Review', 'Post-Mortem Review', 1, NULL, 'System', current, 'System', current);
INSERT INTO deliverable_lu(deliverable_id,phase_type_id,resource_role_id,name,description,required,submission_type_id,create_user,create_date,modify_user,modify_date) VALUES (25, 13, 17, 'Specification Submission', 'Specification Submission', 1, NULL, 'System', current, 'System', current);
INSERT INTO deliverable_lu(deliverable_id,phase_type_id,resource_role_id,name,description,required,submission_type_id,create_user,create_date,modify_user,modify_date) VALUES (26, 14, 18, 'Specification Review', 'Specification Review', 1, 2, 'System', current, 'System', current);


INSERT INTO user(user_id, first_name, last_name, handle, status) VALUES (1, 'Zhijie', 'Liu', 'morehappines', 'ON');
INSERT INTO user(user_id, first_name, last_name, handle, status) VALUES (2, 'ivern', 'ivern', 'ivern', 'ON');
INSERT INTO user_rating(user_id, phase_id) values (1, 112);
INSERT INTO user_rating(user_id, phase_id) values (1, 113);
INSERT INTO user_rating(user_id, phase_id) values (2, 112);
INSERT INTO user_rating(user_id, phase_id) values (2, 113);
INSERT INTO email(user_id, email_id, address, primary_ind) VALUES (2, 1, 'ivern@topcoder.com', 1);
INSERT INTO email(user_id, email_id, address, primary_ind) VALUES (1, 2, 'zhijie_liu@topcoder.com', 1);

INSERT INTO late_deliverable_type_lu(late_deliverable_type_id,name,description) VALUES (1, 'Missed Deadline', 'Missed Deadline');
INSERT INTO late_deliverable_type_lu(late_deliverable_type_id,name,description) VALUES (2, 'Rejected Final Fix', 'Rejected Final Fix');