<?xml version="1.0" encoding="utf-8" ?>
<dwsync>
<file name="appSm.gif" local="127869881220000000" remote="127874001600000000" testing="0" />
<file name="dotnetSm.gif" local="127869881220000000" remote="127874001600000000" testing="0" />
<file name="header_comp_design.gif" local="127868413440000000" remote="127874001600000000" testing="0" />
<file name="iconStatusDevSm.gif" local="127869881220000000" remote="127874001600000000" testing="0" />
<file name="iconStatusSpecSm.gif" local="127869904860000000" remote="127874001600000000" testing="0" />
<file name="javaCustomSm.gif" local="127869145940000000" remote="127874001600000000" testing="0" />
<file name="javaSm.gif" local="127869881220000000" remote="127874001600000000" testing="0" />
<file name="statusKey_small.gif" local="127869945100000000" remote="127874001600000000" testing="0" />
<file name="submit.gif" local="127873187112500000" remote="127874001600000000" testing="0" />
</dwsync>