<?xml version="1.0"?>
<doc>
    <assembly>
        <name>priority_queue</name>
    </assembly>
    <members>
        <member name="T:TopCoder.Util.Collection.Queue.PriorityQueue">
            <summary>
            The Priority Queue component supports standard queue functionality, except that it does not
            follow the first-in-first-out (FIFO) paradigm. Items added to a priority queue implementation
            require assigning a priority level to the item. Items then can be added in arbitrary order to the
            queue, but are removed based on the priority.
            </summary>
            <author>TCSDESIGNER</author>
            <author>TCSDEVELOPER</author>
        </member>
        <member name="F:TopCoder.Util.Collection.Queue.PriorityQueue.priorityComparer">
            <summary>
            A Comparison object that compares priority values.
            Can be null in which case the priority object must implement the IComparable
            interface.
            </summary>
        </member>
        <member name="F:TopCoder.Util.Collection.Queue.PriorityQueue.enumArray">
            <summary>
            An array which is created when an enumeration is requested. The
            object is removed whenever an operation occurs.
            </summary>
        </member>
        <member name="F:TopCoder.Util.Collection.Queue.PriorityQueue.enumerators">
            <summary>
            An ArrayList which is created when an enumeration is requested. The
            object is removed whenever an operation occurs, invalidating enumerators upon
            calls to IsEnumeratorValid.
            </summary>
        </member>
        <member name="F:TopCoder.Util.Collection.Queue.PriorityQueue.heap">
            <summary>
            The heap, being the core of the priority queue with data stored in it
            </summary>
        </member>
        <member name="F:TopCoder.Util.Collection.Queue.PriorityQueue.heapSize">
            <summary>
            Size of the heap
            </summary>
        </member>
        <member name="F:TopCoder.Util.Collection.Queue.PriorityQueue.DEFAULT_INITIAL_CAPACITY">
            <summary>
            Static constants that define the default values of the initial capacity
            and the growth factor.
            </summary>
        </member>
        <member name="F:TopCoder.Util.Collection.Queue.PriorityQueue.heapGrowFactor">
            <summary>
            Attributes of the heap
            </summary>
        </member>
        <member name="M:TopCoder.Util.Collection.Queue.PriorityQueue.HeapGrow(System.Int32)">
            <summary>
            Determine if the heap needs to expand to hold addSize more elements.
            </summary>
            <param name="addSize">The number of new objects that need to be added to the heap.</param>
        </member>
        <member name="M:TopCoder.Util.Collection.Queue.PriorityQueue.HeapReduce(System.Int32)">
            <summary>
            Remove the last reduceSize objects from the heap.
            </summary>
            <param name="reduceSize">The number of objects to remove</param>
        </member>
        <member name="M:TopCoder.Util.Collection.Queue.PriorityQueue.HeapCompare(System.Object,System.Object)">
            <summary>
            Compare function that uses defined or default Comparator
            </summary>
            <param name="a">Object to be compared</param>
            <param name="b">Object to be compared</param>
        </member>
        <member name="M:TopCoder.Util.Collection.Queue.PriorityQueue.HeapExchange(System.Int32,System.Int32)">
            <summary>
            Exchange two elements in the heap.
            </summary>
            <param name="a">Object to be exchanged</param>
            <param name="b">Object to be exchanged</param>
        </member>
        <member name="M:TopCoder.Util.Collection.Queue.PriorityQueue.MaxHeapify(System.Int32)">
            <summary>
            Maintain the heap
            Inserts a new object into the heap so that it's priority is less than its parent
            but is greater than its children.
            	Running time of O(lg n)
            </summary>
        </member>
        <member name="M:TopCoder.Util.Collection.Queue.PriorityQueue.HeapIncreaseKey(System.Int32,System.Object)">
            <summary>
            Set the value of a given object's priority and then move it up into the heap
            until it satisfies the constraints of a heap - its priority is less than its parents
            but greater than its children.
            </summary>
            <param name="index">Objects index into the heap.</param>
            <param name="priority">New priority for this object.</param>
        </member>
        <member name="M:TopCoder.Util.Collection.Queue.PriorityQueue.PopHeap">
            <summary>
            Pops the object off the top of the heap by manipulating the heap and
            decreasing the heap size.
            </summary>
            <returns>The object that was on top of the heap</returns>
        </member>
        <member name="M:TopCoder.Util.Collection.Queue.PriorityQueue.PeekHeap">
            <summary>
            Peeks at the object on top of the heap
            </summary>
            <returns>The object that is on top of the heap</returns>
        </member>
        <member name="M:TopCoder.Util.Collection.Queue.PriorityQueue.PushHeap(TopCoder.Util.Collection.Queue.PriorityQueue.PriorityObject)">
            <summary>
            Pushes an object into the heap by manipulating the heap and increasing the
            heap size.
            </summary>
            <param name="priobj">The object to be placed in the heap</param>
        </member>
        <member name="M:TopCoder.Util.Collection.Queue.PriorityQueue.IsEnumeratorValid(TopCoder.Util.Collection.Queue.PriorityQueue.PriorityQueueEnumerator)">
            <summary>
            Determines whether the enumerator is valid. An enumerator is invalidated when
            the contents of the queue are changed.
            </summary>
            <param name="enumerator">Enumerator to check status of</param>
            <returns>true if the enumerator is valid; otherwise false</returns>
        </member>
        <member name="M:TopCoder.Util.Collection.Queue.PriorityQueue.EnumCurrent(System.Int32,TopCoder.Util.Collection.Queue.PriorityQueue.PriorityQueueEnumerator)">
            <summary>
            Retrieves the object for the enumerator corresponding to the provided
            enumeration index.
            </summary>
            <param name="index">Index to retrieve object from</param>
            <param name="pqe">Enumerator which is enumerating</param>
            <exception cref="T:System.InvalidOperationException">Enumerator is invalid</exception>
            <returns>The object in the priority queue at the specified index</returns>
        </member>
        <member name="M:TopCoder.Util.Collection.Queue.PriorityQueue.CommonConstruction(System.Int32,System.Single,System.Collections.IComparer)">
            <summary>
            Handle construction details that are common across all constructors
            </summary>
        </member>
        <member name="M:TopCoder.Util.Collection.Queue.PriorityQueue.#ctor">
            <summary>
            Initializes a new instance of the PriorityQueue class that is empty, has the
            default initial capacity and uses the default growth factor.
            </summary>
            <remarks>The default initial capacity is 32 and the default growth factor is 2.0</remarks>
        </member>
        <member name="M:TopCoder.Util.Collection.Queue.PriorityQueue.#ctor(System.Collections.ICollection)">
            <summary>
            Initializes a new instance of the PriorityQueue class that contains elements copied
            from the specified collection, has the same initial capacity as the number of
            elements copied and uses the default growth factor.
            </summary>
            <param name="col">The ICollection to copy elements from.</param>
            <exception cref="T:System.ArgumentNullException">col is a null reference
            (Nothing in Visual Basic).</exception>
            <exception cref="T:System.InvalidCastException">One or more elements in col do not
            implement the IComparable interface.</exception>
            <remarks>If the collection is of type PriorityQueue, the priorities are copied.
            The default growth factor is 2.0</remarks>
        </member>
        <member name="M:TopCoder.Util.Collection.Queue.PriorityQueue.#ctor(System.Collections.IComparer)">
            <summary>
            Initializes a new instance of the PriorityQueue class that is empty, has the
            default initial capacity, uses the default growth factor, and is ordered
            according to the specified IComparer interface.
            </summary>
            <param name="comparer">The IComparer implementation to use when comparing priorities
            -or-
            A null reference (Nothing in Visual Basic) to use the IComparable implementation
            of each key.</param>
            <remarks>The default initial capacity is 32 and the default growth factor is 2.0</remarks>
        </member>
        <member name="M:TopCoder.Util.Collection.Queue.PriorityQueue.#ctor(System.Collections.ICollection,System.Collections.IComparer)">
            <summary>
            Initializes a new instance of the PriorityQueue class that contains elements copied
            from the specified collection, has the same initial capacity as the number of
            elements copied and uses the default growth factor.
            </summary>
            <param name="col">The ICollection to copy elements from.</param>
            <param name="comparer">The IComparer implementation to use when comparing priorities
            -or-
            A null reference (Nothing in Visual Basic) to use the IComparable implementation
            of each key.</param>
            <exception cref="T:System.ArgumentNullException">col is a null reference
            (Nothing in Visual Basic).</exception>
            <exception cref="T:System.InvalidOperationException">The comparer throws an exception.</exception>
            <remarks>If the collection is of type PriorityQueue, the priorities are copied.
            The default growth factor is 2.0</remarks>
        </member>
        <member name="M:TopCoder.Util.Collection.Queue.PriorityQueue.#ctor(System.Int32)">
            <summary>
            Initializes a new instance of the Queue class that is empty, has the specified
            initial capacity and uses the default growth factor.
            </summary>
            <param name="capacity">The initial number of elements that the Queue can contain.</param>
            <exception cref="T:System.ArgumentOutOfRangeException">capacity is less than zero.</exception>
            <remarks>The default growth factor is 2.0</remarks>
        </member>
        <member name="M:TopCoder.Util.Collection.Queue.PriorityQueue.#ctor(System.Int32,System.Collections.IComparer)">
            <summary>
            Initializes a new instance of the Queue class that is empty, has the specified
            initial capacity and uses the default growth factor. Priority is ordered
            according to the specified IComparer interface.
            </summary>
            <param name="capacity">The initial number of elements that the Queue can contain.</param>
            <param name="comparer">The IComparer implementation to use when comparing priorities
            -or-
            A null reference (Nothing in Visual Basic) to use the IComparable implementation
            of each key.</param>
            <exception cref="T:System.ArgumentOutOfRangeException">capacity is less than zero.</exception>
            <remarks>The default growth factor is 2.0</remarks>
        </member>
        <member name="M:TopCoder.Util.Collection.Queue.PriorityQueue.#ctor(System.Int32,System.Single)">
            <summary>
            Initializes a new instance of the Queue class that is empty, has the specified
            initial capacity and uses the specified growth factor.
            </summary>
            <param name="capacity">The initial number of elements that the Queue can contain.</param>
            <param name="growFactor">The factor by which the capacity of the Queue is expanded.</param>
            <exception cref="T:System.ArgumentOutOfRangeException">capacity is less than zero.
            -or-
            growFactor is less than 1.0 or greater than 10.0.</exception>
        </member>
        <member name="M:TopCoder.Util.Collection.Queue.PriorityQueue.#ctor(System.Int32,System.Single,System.Collections.IComparer)">
            <summary>
            Initializes a new instance of the Queue class that is empty, has the specified
            initial capacity and uses the specified growth factor. Priority is ordered
            according to the specified IComparer interface.
            </summary>
            <param name="capacity">The initial number of elements that the Queue can contain.</param>
            <param name="growFactor">The factor by which the capacity of the Queue is expanded.</param>
            <param name="comparer">The IComparer implementation to use when comparing priorities
            -or-
            A null reference (Nothing in Visual Basic) to use the IComparable implementation
            of each key.</param>
            <exception cref="T:System.ArgumentOutOfRangeException">capacity is less than zero.
            -or-
            growFactor is less than 1.0 or greater than 10.0.</exception>
        </member>
        <member name="M:TopCoder.Util.Collection.Queue.PriorityQueue.Clear">
            <summary>
            Removes all objects from the PriorityQueue
            </summary>
        </member>
        <member name="M:TopCoder.Util.Collection.Queue.PriorityQueue.Clone">
            <summary>
            Creates a shallow copy of the PriorityQueue
            </summary>
            <returns>A shallow copy of the PriorityQueue</returns>
        </member>
        <member name="M:TopCoder.Util.Collection.Queue.PriorityQueue.Contains(System.Object)">
            <summary>
            Determines whether an element is in the PriorityQueue
            </summary>
            <param name="obj">The Object to locate in the PriorityQueue. The value can
            be a null reference (Nothing in Visual Basic).</param>
            <returns>true if obj is found in the PriorityQueue; otherwise, false.</returns>
        </member>
        <member name="M:TopCoder.Util.Collection.Queue.PriorityQueue.CopyTo(System.Array,System.Int32)">
            <summary>
            Copies the PriorityQueue elements to an existing one-dimensional Array, starting at the
            specified array index.
            </summary>
            <param name="array">The one-dimensional Array that is the destination of the
            elements copied from PriorityQueue. The Array must have zero-based indexing.</param>
            <param name="index">The zero-based index in array at which copying begins.</param>
        </member>
        <member name="M:TopCoder.Util.Collection.Queue.PriorityQueue.Dequeue">
            <summary>
            Removes and returns the object at the beginning of the Queue. This will be the
            object with the highest priority.
            </summary>
            <returns>The object that is removed from the beginning of the Queue.</returns>
            <exception cref="T:System.InvalidOperationException">The PriorityQueue is empty.</exception>
        </member>
        <member name="M:TopCoder.Util.Collection.Queue.PriorityQueue.Enqueue(System.Object,System.Object)">
            <summary>
            Adds an object to the PriorityQueue. Its position is based on its priority. A
            higher priority is placed towards the front.
            </summary>
            <param name="obj">The object to add to the PriorityQueue. The value can be a null
            reference (Nothing in Visual Basic).</param>
            <param name="priority">The priority of the object being added to the
            PriorityQueue.</param>
            <exception cref="T:System.ArgumentException">The PriorityQueue is set to use the IComparable
            interface, and priority does not implement the IComparable interface.</exception>
            <exception cref="T:System.InvalidOperationException">The comparer throws an exception.</exception>
        </member>
        <member name="M:TopCoder.Util.Collection.Queue.PriorityQueue.Enqueue(System.Object)">
            <summary>
            Adds an object to the PriorityQueue. Its position is based on the value of the
            object. A higher value is placed towards the front.
            </summary>
            <param name="obj">The object to add to the PriorityQueue. The value can be a null
            reference (Nothing in Visual Basic).</param>
            <exception cref="T:System.ArgumentException">The PriorityQueue is set to use the IComparable
            interface, and object does not implement the IComparable interface.</exception>
            <exception cref="T:System.InvalidOperationException">The comparer throws an exception.</exception>
            <remarks>In terms of priority, the object's priority is its value.</remarks>
        </member>
        <member name="M:TopCoder.Util.Collection.Queue.PriorityQueue.GetEnumerator">
            <summary>
            Returns an enumerator that can iterate through the PriorityQueue.
            </summary>
            <returns>An IEnumerator for the PriorityQueue.</returns>
        </member>
        <member name="M:TopCoder.Util.Collection.Queue.PriorityQueue.Peek">
            <summary>
            Returns the object at the beginning of the PriorityQueue without removing it.
            </summary>
            <returns>The object at the beginning of the PriorityQueue.</returns>
            <exception cref="T:System.InvalidOperationException">The PriorityQueue is empty.</exception>
        </member>
        <member name="M:TopCoder.Util.Collection.Queue.PriorityQueue.Synchronized(TopCoder.Util.Collection.Queue.PriorityQueue)">
            <summary>
            Returns a PriorityQueue wrapper that is synchronized (thread-safe).
            </summary>
            <param name="queue">The PriorityQueue to synchronize.</param>
            <returns>A PriorityQueue wrapper that is synchronized (thread-safe).</returns>
            <exception cref="T:System.ArgumentNullException">
            queue is a null reference (Nothing in Visual Basic).
            </exception>
        </member>
        <member name="M:TopCoder.Util.Collection.Queue.PriorityQueue.ToArray">
            <summary>
            Copies the PriorityQueue elements to a new array.
            </summary>
            <returns>A new array containing elements copied from the PriorityQueue.</returns>
        </member>
        <member name="M:TopCoder.Util.Collection.Queue.PriorityQueue.TrimToSize">
            <summary>
            Sets the capacity to the actual number of elements in the PriorityQueue.
            </summary>
        </member>
        <member name="P:TopCoder.Util.Collection.Queue.PriorityQueue.Count">
            <summary>
            The number of elements contained in the PriorityQueue.
            </summary>
        </member>
        <member name="P:TopCoder.Util.Collection.Queue.PriorityQueue.IsSynchronized">
            <summary>
            true if access to the PriorityQueue is synchronized (thread-safe);
            otherwise, false.
            </summary>
        </member>
        <member name="P:TopCoder.Util.Collection.Queue.PriorityQueue.SyncRoot">
            <summary>
            An object that can be used to synchronize access to the PriorityQueue.
            </summary>
        </member>
        <member name="T:TopCoder.Util.Collection.Queue.PriorityQueue.PriorityObject">
            <summary>
            An internal object which stores an object and its associated priority
            </summary>
        </member>
        <member name="T:TopCoder.Util.Collection.Queue.PriorityQueue.SynchronizedPriorityQueue">
            <summary>
            The SynchronizedPriorityQueue is derived from a PriorityQueue and behaves as a
            thread-safe version. It must be created through the Synchronized static method.
            All method calls are referred through to the unsynchronized queue after using
            the lock command to invoke a critical section.
            </summary>
        </member>
        <member name="M:TopCoder.Util.Collection.Queue.PriorityQueue.SynchronizedPriorityQueue.IsEnumeratorValid(TopCoder.Util.Collection.Queue.PriorityQueue.PriorityQueueEnumerator)">
            <summary>
            Determines whether the enumerator is valid. An enumerator is invalidated when
            the contents of the queue are changed.
            </summary>
            <param name="enumerator">Enumerator to check status of</param>
            <returns>true if the enumerator is valid; otherwise false</returns>
        </member>
        <member name="M:TopCoder.Util.Collection.Queue.PriorityQueue.SynchronizedPriorityQueue.EnumCurrent(System.Int32,TopCoder.Util.Collection.Queue.PriorityQueue.PriorityQueueEnumerator)">
            <summary>
            Retrieves the object for the enumerator corresponding to the provided
            enumeration index.
            </summary>
            <param name="index">Index to retrieve object from</param>
            <param name="pqe">Enumerator which is enumerating</param>
            <exception cref="T:System.InvalidOperationException">Enumerator is invalid</exception>
            <returns>The object in the priority queue at the specified index</returns>
        </member>
        <member name="M:TopCoder.Util.Collection.Queue.PriorityQueue.SynchronizedPriorityQueue.Clear">
            <summary>
            Removes all objects from the PriorityQueue
            </summary>
        </member>
        <member name="M:TopCoder.Util.Collection.Queue.PriorityQueue.SynchronizedPriorityQueue.Clone">
            <summary>
            Creates a shallow copy of the PriorityQueue
            </summary>
            <returns>A shallow copy of the PriorityQueue</returns>
        </member>
        <member name="M:TopCoder.Util.Collection.Queue.PriorityQueue.SynchronizedPriorityQueue.Contains(System.Object)">
            <summary>
            Determines whether an element is in the PriorityQueue
            </summary>
            <param name="obj">The Object to locate in the PriorityQueue. The value can
            be a null reference (Nothing in Visual Basic).</param>
            <returns>true if obj is found in the PriorityQueue; otherwise, false.</returns>
        </member>
        <member name="M:TopCoder.Util.Collection.Queue.PriorityQueue.SynchronizedPriorityQueue.CopyTo(System.Array,System.Int32)">
            <summary>
            Copies the PriorityQueue elements to an existing one-dimensional Array, starting
            at the specified array index.
            </summary>
            <param name="array">The one-dimensional Array that is the destination of the
            elements copied from PriorityQueue. The Array must have zero-based indexing.</param>
            <param name="index">The zero-based index in array at which copying begins.</param>
        </member>
        <member name="M:TopCoder.Util.Collection.Queue.PriorityQueue.SynchronizedPriorityQueue.Dequeue">
            <summary>
            Removes and returns the object at the beginning of the Queue. This will be the
            object with the highest priority.
            </summary>
            <returns>The object that is removed from the beginning of the Queue.</returns>
            <exception cref="T:System.InvalidOperationException">The PriorityQueue is empty.</exception>
        </member>
        <member name="M:TopCoder.Util.Collection.Queue.PriorityQueue.SynchronizedPriorityQueue.Enqueue(System.Object,System.Object)">
            <summary>
            Adds an object to the PriorityQueue. Its position is based on its priority. A
            higher priority is placed towards the front.
            </summary>
            <param name="obj">The object to add to the PriorityQueue. The value can be a null
            reference (Nothing in Visual Basic).</param>
            <param name="priority">The priority of the object being added to the
            PriorityQueue.</param>
            <exception cref="T:System.ArgumentException">The PriorityQueue is set to use the IComparable
            interface, and priority does not implement the IComparable interface.</exception>
            <exception cref="T:System.InvalidOperationException">The comparer throws an exception.</exception>
        </member>
        <member name="M:TopCoder.Util.Collection.Queue.PriorityQueue.SynchronizedPriorityQueue.Enqueue(System.Object)">
            <summary>
            Adds an object to the PriorityQueue. Its position is based on the value of the
            object. A higher value is placed towards the front.
            </summary>
            <param name="obj">The object to add to the PriorityQueue. The value can be a null
            reference (Nothing in Visual Basic).</param>
            <exception cref="T:System.ArgumentException">The PriorityQueue is set to use the IComparable
            interface, and object does not implement the IComparable interface.</exception>
            <exception cref="T:System.InvalidOperationException">The comparer throws an exception.</exception>
            <remarks>In terms of priority, the object's priority is its value.</remarks>
        </member>
        <member name="M:TopCoder.Util.Collection.Queue.PriorityQueue.SynchronizedPriorityQueue.GetEnumerator">
            <summary>
            Returns an enumerator that can iterate through the PriorityQueue.
            </summary>
            <returns>An IEnumerator for the PriorityQueue.</returns>
        </member>
        <member name="M:TopCoder.Util.Collection.Queue.PriorityQueue.SynchronizedPriorityQueue.Peek">
            <summary>
            Returns the object at the beginning of the PriorityQueue without removing it.
            </summary>
            <returns>The object at the beginning of the PriorityQueue.</returns>
            <exception cref="T:System.InvalidOperationException">The PriorityQueue is empty.</exception>
        </member>
        <member name="M:TopCoder.Util.Collection.Queue.PriorityQueue.SynchronizedPriorityQueue.ToArray">
            <summary>
            Copies the PriorityQueue elements to a new array.
            </summary>
            <returns>A new array containing elements copied from the PriorityQueue.</returns>
        </member>
        <member name="M:TopCoder.Util.Collection.Queue.PriorityQueue.SynchronizedPriorityQueue.TrimToSize">
            <summary>
            Sets the capacity to the actual number of elements in the PriorityQueue.
            </summary>
        </member>
        <member name="P:TopCoder.Util.Collection.Queue.PriorityQueue.SynchronizedPriorityQueue.Count">
            <summary>
            The number of elements contained in the PriorityQueue.
            </summary>
        </member>
        <member name="P:TopCoder.Util.Collection.Queue.PriorityQueue.SynchronizedPriorityQueue.IsSynchronized">
            <summary>
            true if access to the PriorityQueue is synchronized (thread-safe);
            otherwise, false.
            </summary>
        </member>
        <member name="P:TopCoder.Util.Collection.Queue.PriorityQueue.SynchronizedPriorityQueue.SyncRoot">
            <summary>
            An object that can be used to synchronize access to the PriorityQueue.
            </summary>
        </member>
        <member name="T:TopCoder.Util.Collection.Queue.PriorityQueue.PriorityQueueEnumerator">
            <summary>
            An enumerator implementation for the PriorityQueue class
            </summary>
        </member>
        <member name="M:TopCoder.Util.Collection.Queue.PriorityQueue.PriorityQueueEnumerator.#ctor(TopCoder.Util.Collection.Queue.PriorityQueue)">
            <summary>
            PriorityQueue enumerator constructor
            </summary>
            <param name="priqueue">PriorityQueue to enumerate</param>
        </member>
        <member name="M:TopCoder.Util.Collection.Queue.PriorityQueue.PriorityQueueEnumerator.Reset">
            <summary>
            Sets the enumerator to its initial position, which is before the first
            element in the collection.
            </summary>
            <exception cref="T:System.InvalidOperationException">Enumerator is invalid</exception>
        </member>
        <member name="M:TopCoder.Util.Collection.Queue.PriorityQueue.PriorityQueueEnumerator.MoveNext">
            <summary>
            Advances the enumerator to the next element of the collection.
            </summary>
            <exception cref="T:System.InvalidOperationException">Enumerator is invalid</exception>
            <returns>true if the enumerator was successfully advanced to the next
            element; false if the enumerator has passed the end of the collection.
            </returns>
        </member>
        <member name="P:TopCoder.Util.Collection.Queue.PriorityQueue.PriorityQueueEnumerator.Current">
            <summary>
            The current element in the collection.
            </summary>
            <exception cref="T:System.InvalidOperationException">Enumerator is invalid</exception>
        </member>
    </members>
</doc>
