<?xml version="1.0"?>
<doc>
    <assembly>
        <name>email_engine</name>
    </assembly>
    <members>
        <member name="T:TopCoder.EmailEngine.Attachment">
            <summary>
            Provides properties and methods for constructing an e-mail attachment.
            </summary>
        </member>
        <member name="M:TopCoder.EmailEngine.Attachment.#ctor(System.String)">
            <summary>
            Creates Attachment from given filename
            </summary>
            <param name="filename">specify the full path to the file.  If supplying
            just a filename, the local path is assumed.
            </param>
            <exception cref="T:TopCoder.EmailEngine.AttachmentErrorException">Thrown when there is a file access error or memory error.</exception>
        </member>
        <member name="M:TopCoder.EmailEngine.Attachment.#ctor(System.IO.FileStream)">
            <summary>
            Creates Attachment from given filestream
            </summary>
            <param name="fileStream">
            file stream to the file to be attached.  The constructor will not close this file stream. 
            </param>
            <exception cref="T:TopCoder.EmailEngine.AttachmentErrorException">Thrown when there is a file access error.</exception>
        </member>
        <member name="M:TopCoder.EmailEngine.Attachment.#ctor(System.IO.Stream)">
            <summary>
            Creates Attachment from given stream
            </summary>
            <param name="stream"></param>
            <exception cref="T:TopCoder.EmailEngine.AttachmentErrorException">Thrown when there is a stream access error.</exception>
        </member>
        <member name="M:TopCoder.EmailEngine.Attachment.ToString">
            <summary>
            Encodes attachment to string
            </summary>
            <returns>
            Base64 encoded string representation of the file
            </returns>
            <exception cref="T:TopCoder.EmailEngine.AttachmentErrorException">Thrown when there is a stream access error.</exception>
        </member>
        <member name="T:TopCoder.EmailEngine.AttachmentErrorException">
            <summary>
            This exception is for any error during attachment creating/manipulation
            </summary>
        </member>
        <member name="M:TopCoder.EmailEngine.AttachmentErrorException.#ctor">
            <summary>
            Exception constructor
            </summary>
        </member>
        <member name="M:TopCoder.EmailEngine.AttachmentErrorException.#ctor(System.String)">
            <summary>
            Exception constructor with message
            </summary>
            <param name="message"></param>
        </member>
        <member name="T:TopCoder.EmailEngine.AttachmentList">
            <summary>
            Provides properties and methods for constructing an attachment.
            </summary>
        </member>
        <member name="M:TopCoder.EmailEngine.AttachmentList.#ctor">
            <summary>
            Constructor of AttachmentList class
            </summary>
        </member>
        <member name="M:TopCoder.EmailEngine.AttachmentList.Add(TopCoder.EmailEngine.Attachment)">
            <summary>
            Adds Attachment object into the list
            </summary>
            <param name="att">Attachment object</param>
            <exception cref="T:TopCoder.EmailEngine.AttachmentErrorException">Thrown if null Attachment provided.</exception>
        </member>
        <member name="M:TopCoder.EmailEngine.AttachmentList.Remove(System.Int32)">
            <summary>
            Removes Attachment object with specific index from the list
            throws ArgumentOutOfRangeException if error happens.
            </summary>
            <param name="index">index</param>
            <exception cref="T:System.ArgumentOutOfRangeException">Thrown if invalid index provided.</exception>
        </member>
        <member name="M:TopCoder.EmailEngine.AttachmentList.Clear">
            <summary>
            Clears the list
            </summary>
        </member>
        <member name="M:TopCoder.EmailEngine.AttachmentList.ToString">
            <summary>
            Encodes the list of attachments into string
            </summary>
            <returns>result string</returns>
        </member>
        <member name="P:TopCoder.EmailEngine.AttachmentList.Item(System.Int32)">
            <summary>
            property from Attachment objects retrieving from the list
            </summary>
            <returns>
            Attachment object referred to by the provided index.
            </returns>
            <exception cref="T:System.ArgumentOutOfRangeException">Thrown if invalid index provided.</exception>
        </member>
        <member name="P:TopCoder.EmailEngine.AttachmentList.Count">
            <summary>
            Gets the number of elements contained in the list
            </summary>
            <returns>
            Returns the count of objects pressent in the list.
            </returns>
        </member>
        <member name="T:TopCoder.EmailEngine.EmailAddress">
            <summary>
            Class for manipulation with email addresses and convertation it to a string.
            Email validation can be added here in the future.
            Used by Message class for creating of the list of recipients.
            It can be used by address books also.
            Example of usage:
            <code>Email ea = new EmailAddress("Submitter 18","sub_18@Domain.com","TopCoder software");
            string email = ea.ToString(); // email contains : "Submitter 18" [sub_18@domain.com] (TopCoder software)
            </code>
            </summary>
        </member>
        <member name="M:TopCoder.EmailEngine.EmailAddress.#ctor">
            <summary>
            Empty EmailAddress constructor
            </summary>
        </member>
        <member name="M:TopCoder.EmailEngine.EmailAddress.#ctor(System.String)">
            <summary>
            Constucts EmailAddress object from email only
            </summary>
            <param name="email">email</param>
        </member>
        <member name="M:TopCoder.EmailEngine.EmailAddress.#ctor(System.String,System.String)">
            <summary>
            Constructs EmailAddress object from email and name
            </summary>
            <param name="email">email of the email address</param>
            <param name="name">name of the email address</param>
        </member>
        <member name="M:TopCoder.EmailEngine.EmailAddress.#ctor(System.String,System.String,System.String)">
            <summary>
            Constructs EmailAddress object from email, name, company
            </summary>
            <param name="email">the email of the email address</param>
            <param name="name">the name of the email address</param>
            <param name="company">the company of the email address</param>
        </member>
        <member name="M:TopCoder.EmailEngine.EmailAddress.Parse(System.String)">
            <summary>
            Parses <c>email</c> string to EmailAddress object <c>Email</c>
            </summary>
            <param name="email">
            email string in one of the following formats:
              "Submitter 18" [sub_18@domain.com] (TopCoder software)
              [sub_18@domain.com] (TopCoder software)
              "Submitter 18" [sub_18@domain.com]
            </param>
            <exception cref="T:TopCoder.EmailEngine.MessageErrorException">Thrown if an email address can't be picked out of the string being parsed.</exception>
        </member>
        <member name="M:TopCoder.EmailEngine.EmailAddress.ToString">
            <summary>
            Converts EmailAddress object to a string
            </summary>
            <returns>result string presenting email address</returns>
        </member>
        <member name="M:TopCoder.EmailEngine.EmailAddress.CompareTo(TopCoder.EmailEngine.EmailAddress)">
            <summary>
            Compares one EmailAddress to another (similar to String.Compare).
            The comparison is based on the actual email address.
            </summary>
            <param name="objA">
            EmailAddress object to be compared to current instance
            </param>
            <returns>
            -1 if this email is less than objA
            0 if this email matches objA
            1 if this email is greater than objA  
            </returns>        
        </member>
        <member name="P:TopCoder.EmailEngine.EmailAddress.Email">
            <summary>
            email of the email address
            </summary>
        </member>
        <member name="P:TopCoder.EmailEngine.EmailAddress.Name">
            <summary>
            Name of the email address
            </summary>
        </member>
        <member name="P:TopCoder.EmailEngine.EmailAddress.Company">
            <summary>
            company field of the email address
            </summary>
        </member>
        <member name="T:TopCoder.EmailEngine.EmailAddress.EmailAddressComparerAlphabetical">
            <summary>
            Class for comparing EmailAdresses.  Implements IComparer
            </summary>
        </member>
        <member name="M:TopCoder.EmailEngine.EmailAddress.EmailAddressComparerAlphabetical.Compare(System.Object,System.Object)">
            <summary>
            Compares one EmailAddress to another for the purposes
            of calling ArrayList.Sort
            </summary>
            <param name="objA">
            First EmailAddress object to be compared
            </param>
            <param name="objB">
            Second EmailAddress object to be compared
            </param>
            <returns>
            -1 if this objA is less than objB
            0 if this objA matches objB
            1 if this objA is greater than objB  
            </returns>        
        </member>
        <member name="T:TopCoder.EmailEngine.EmailAddressList">
            <summary>
            Provides properties and methods for constructing an list of recepients.
            Provides additional functionality (duplicates removing, sorting, etc)
            
            </summary>
        </member>
        <member name="M:TopCoder.EmailEngine.EmailAddressList.#ctor">
            <summary>
            Constructor of EmailAddressList class
            </summary>
        </member>
        <member name="M:TopCoder.EmailEngine.EmailAddressList.Parse(System.String)">
            <summary>
            Parses email address contained in <c>emails</c> and adds it to <c>list</c>, for example
            <c>Parse("ivan@domain.com, test@domain.com, \"Ivan Ivanov\" (ivan@domain2.com)")</c> should do following:
            <code>
            list.Add(new EmailAddress("ivan@domain.com"));
            list.Add(new EmailAddress("ivan@domain2.com","Ivan Ivanov"));
            </code>
            </summary>
            <param name="emails">email list</param>
        </member>
        <member name="M:TopCoder.EmailEngine.EmailAddressList.Add(TopCoder.EmailEngine.EmailAddress)">
            <summary>
            Adds EmailAddress object to <c>list</c>
            </summary>
            <param name="email">EmailAddress object</param>
        </member>
        <member name="M:TopCoder.EmailEngine.EmailAddressList.Remove(System.String)">
            <summary>
            Removes EmailAddress object with specific email from <c>list</c>
            </summary>
            <param name="email">email</param>
        </member>
        <member name="M:TopCoder.EmailEngine.EmailAddressList.Remove(System.Int32)">
            <summary>
            Removes EmailAddress object with specific index from <c>list</c>
            </summary>
            <param name="index">index</param>
        </member>
        <member name="M:TopCoder.EmailEngine.EmailAddressList.RemoveDuplicates">
            <summary>
            Removes duplicate emails from the list.  Calling this method
            will cause the array to be sorted.
            </summary>
        </member>
        <member name="M:TopCoder.EmailEngine.EmailAddressList.Sort">
            <summary>
            Sorts the email list
            </summary>
        </member>
        <member name="M:TopCoder.EmailEngine.EmailAddressList.Clear">
            <summary>
            Clears the list
            </summary>
        </member>
        <member name="M:TopCoder.EmailEngine.EmailAddressList.ToString">
            <summary>
            Converts <c>list</c> to a string with "," delimiter (example: <code>"Submitter 18" (sub@domain.com), "Submitter 18" (sub_18@domain.com) </code>)
            </summary>
            <returns>well-formed string contains email list</returns>
        </member>
        <member name="P:TopCoder.EmailEngine.EmailAddressList.Item(System.Int32)">
            <summary>
            property from EmailAddress objects retrieving from the list
            </summary>
            <returns>
            EmailAddress object referred to by the provided index.
            </returns>
        </member>
        <member name="P:TopCoder.EmailEngine.EmailAddressList.Count">
            <summary>
            Gets the number of elements contained in the list
            </summary>
            <returns>
            Returns the count of objects pressent in the list.
            </returns>
        </member>
        <member name="T:TopCoder.EmailEngine.EmailEngine">
            <summary>
            The main class of the component, allows to send emails directly from application code
            </summary>
        </member>
        <member name="M:TopCoder.EmailEngine.EmailEngine.#ctor">
            <summary>
            Emtpy EmailEngine constructor
            </summary>
        </member>
        <member name="M:TopCoder.EmailEngine.EmailEngine.#ctor(TopCoder.EmailEngine.IEmailSender)">
            <summary>
            EmailEngine Constructor with defined sender
            </summary>
            <param name="emailsender">object of class which implement IEmailSender interface</param>
        </member>
        <member name="M:TopCoder.EmailEngine.EmailEngine.SendMessage(TopCoder.EmailEngine.Message)">
            <summary>
            Sends email (the Message object) to defined EmailSender object
            throws SendException if EmailSender is not defined is not correct
            throws MessageErrorException if Message is not defined or is not correct
            </summary>
            <param name="message">Email (Message object)</param>
            <exception cref="T:TopCoder.EmailEngine.MessageErrorException">Thrown if null message provided.</exception>
            <exception cref="T:TopCoder.EmailEngine.SendException">Thrown if null emailsender provided.</exception>
        </member>
        <member name="P:TopCoder.EmailEngine.EmailEngine.EmailSender">
            <summary>
            Class that send emails, should implement IEmailSender interface
            </summary>
        </member>
        <member name="T:TopCoder.EmailEngine.IEmailSender">
            <summary>
            General interface for class which enable to send emails
            </summary>
        </member>
        <member name="M:TopCoder.EmailEngine.IEmailSender.SendEmail(TopCoder.EmailEngine.Message)">
            <summary>
            Send email
            throws MessageErrorException if a text is not well-formed email
            </summary>
            <param name="message">well-formed email message</param>
        </member>
        <member name="T:TopCoder.EmailEngine.Message">
            <summary>
            Provides properties and methods for constructing an e-mail message.
            </summary>
        </member>
        <member name="M:TopCoder.EmailEngine.Message.#ctor">
            <summary>
            Empty Message constructor
            </summary>
        </member>
        <member name="M:TopCoder.EmailEngine.Message.#ctor(System.String)">
            <summary>
            Constructs Message from email in standard format, like:
            <code>
            From: "Ivan Ivanov" (ivan@ya.ru)
            To: "John Smith" (john@domain.com)
            CC: al@domain.com, forever@domain.com
            Subject: Hello!
            
            Hello, How are you!
            Bye!
            </code>
            </summary>
            <param name="message"></param>
        </member>
        <member name="M:TopCoder.EmailEngine.Message.Parse(System.String)">
            <summary>
            Parse <c>message</c> (email in standard format) to own private objects
            Used for sending existing email messages (not new)
            </summary>
            <param name="message">email message</param>
        </member>
        <member name="M:TopCoder.EmailEngine.Message.#ctor(System.String,System.String,System.String)">
            <summary>
            Simple Message constructor
            </summary>
            <param name="email">Recipient's email</param>
            <param name="subject">subject</param>
            <param name="body">body</param>
        </member>
        <member name="M:TopCoder.EmailEngine.Message.#ctor(TopCoder.EmailEngine.EmailAddress,System.String,System.String)">
            <summary>
            Simple Message constructor
            </summary>
            <param name="email">Recipient's email (EmailAddress object)</param>
            <param name="subject">subject</param>
            <param name="body">body</param>
        </member>
        <member name="M:TopCoder.EmailEngine.Message.ToString">
            <summary>
            Converts Message object to well-formed string for further sending email via SmtpProtocol
            throws MessageErrorException if Message if not well-formed (From:. To: or Body: missed, etc.)
            </summary>
            <returns></returns>
            <exception cref="T:TopCoder.EmailEngine.MessageErrorException">Thrown if an email message lacks a from address.</exception>
            <exception cref="T:TopCoder.EmailEngine.MessageErrorException">Thrown if an email message lacks atleast one To or CC address.</exception>
            <exception cref="T:TopCoder.EmailEngine.MessageErrorException">Thrown if an email message has a bad CC, To or BCC address.</exception>
        </member>
        <member name="P:TopCoder.EmailEngine.Message.From">
            <summary>
            From field of the message
            </summary>
        </member>
        <member name="P:TopCoder.EmailEngine.Message.To">
            <summary>
            Retrievs To: recipients list of the email message
            </summary>
            
        </member>
        <member name="P:TopCoder.EmailEngine.Message.CC">
            <summary>
            Retrievs CC: recipients list of the email message
            </summary>
        </member>
        <member name="P:TopCoder.EmailEngine.Message.BCC">
            <summary>
            Retrievs BCC: recipients list of the email message
            </summary>
        </member>
        <member name="P:TopCoder.EmailEngine.Message.Body">
            <summary>
            Body of the email message
            </summary>
        </member>
        <member name="P:TopCoder.EmailEngine.Message.Subject">
            <summary>
            Subject of the email message
            </summary>
        </member>
        <member name="P:TopCoder.EmailEngine.Message.Attachments">
            <summary>
            Retrieves the list of attachments
            </summary>
        </member>
        <member name="T:TopCoder.EmailEngine.MessageErrorException">
            <summary>
            This exception is for any error during messages creating/manipulation
            </summary>
        </member>
        <member name="M:TopCoder.EmailEngine.MessageErrorException.#ctor">
            <summary>
            Exception constructor
            </summary>
        </member>
        <member name="M:TopCoder.EmailEngine.MessageErrorException.#ctor(System.String)">
            <summary>
            Exception constructor with message
            </summary>
            <param name="message"></param>
        </member>
        <member name="T:TopCoder.EmailEngine.SendException">
            <summary>
            Exception for any errors during sending of email
            </summary>
        </member>
        <member name="M:TopCoder.EmailEngine.SendException.#ctor">
            <summary>
            Exception constructor
            </summary>
        </member>
        <member name="M:TopCoder.EmailEngine.SendException.#ctor(System.String)">
            <summary>
            Exception constructor with message
            </summary>
            <param name="message"></param>
        </member>
        <member name="T:TopCoder.EmailEngine.SmtpProtocol">
            <summary>
            Simple Mail Transfer Protocol Client
            This class implements a client interface to the SMTP protocol.
            Throws SendException if any errors happens
            </summary>
        </member>
        <member name="M:TopCoder.EmailEngine.SmtpProtocol.#ctor">
            <summary>
            Emtpy SmtpProtocol contructor
            </summary>
        </member>
        <member name="M:TopCoder.EmailEngine.SmtpProtocol.#ctor(System.String)">
            <summary>
            Constructs SmtpProtocol object from given server address.
            </summary>
            <param name="server">Server URL</param>
        </member>
        <member name="M:TopCoder.EmailEngine.SmtpProtocol.SendEmail(TopCoder.EmailEngine.Message)">
            <summary>
            Sends well-formed email formated by Message class
            throws MessageErrorException if text is not well-formed email
            </summary>
            <param name="message">
            Should contain a populated Message object that is to be transmitted.
            </param>
            <exception cref="T:TopCoder.EmailEngine.SendException">Thrown if No SMPT server specified prior to SendEmail request.</exception>
            <exception cref="T:TopCoder.EmailEngine.SendException">Thrown if an error is received form the SMTP Server during send.</exception>
        </member>
        <member name="M:TopCoder.EmailEngine.SmtpProtocol.CheckResponse(System.IO.StreamReader,System.Int32[])">
            <summary>
            Checks the response from the tcpclient socket after a request has
            been passed.  
            </summary>
            <param name="streamReader">
            A StreamReader from the socket we are checking on the response from.
            </param>
            <param name="successCodes">
            int array of success codes for the response.
            </param>
            <exception cref="T:TopCoder.EmailEngine.SendException">Thrown if SMPT server response does not have the provded success code.</exception>
        </member>
        <member name="M:TopCoder.EmailEngine.SmtpProtocol.Write(System.IO.Stream,System.String)">
            <summary>
            Sends the provided message out of the the socket for the provided stream.  
            </summary>
            <param name="stream">
            A Stream from the socket we are writing to.
            </param>
            <param name="message">
            message to be written to the stream.
            </param>
        </member>
        <member name="P:TopCoder.EmailEngine.SmtpProtocol.Server">
            <summary>
            The DNS name of the SMTP server.  Can be in format smtp.dom.com or smtp.dom.com:port.
            </summary>
        </member>
        <member name="P:TopCoder.EmailEngine.SmtpProtocol.Port">
            <summary>
            The Port of the SMTP server.  Can be in format smtp.dom.com or smtp.dom.com:port.
            </summary>
        </member>
    </members>
</doc>
