INSERT INTO user (user_id, first_name, last_name, create_date, modify_date, handle, last_login, status, password, activation_code, middle_name, handle_lower, timezone_id)
  VALUES (286907, 'Jiazhi', 'Wu', CURRENT, CURRENT, 'WishingBone', '2006-03-05 14:15:16.000', 'xxx', 'hellojiazhi', 'FEF1BF67F0394f8c9225E28FB8B170BB', '', 'wishingbone', 1);
INSERT INTO user (user_id, first_name, last_name, create_date, modify_date, handle, last_login, status, password, activation_code, middle_name, handle_lower, timezone_id)
  VALUES (156859, 'Javier', 'Fernandez-Ivern', CURRENT, CURRENT, 'ivern', '2006-08-06 23:12:16.000', 'yyy', 'hellojavier', 'A344EACDC8FF478e8A5247846074B369', '', 'ivern', 0);
INSERT INTO user (user_id, first_name, last_name, create_date, modify_date, handle, last_login, status, password, activation_code, middle_name, handle_lower, timezone_id)
  VALUES (1000, 'Administrator', '1', CURRENT, CURRENT, 'admin', CURRENT, 'aaa', 'admin', '5FA706F00D5240c2A922F1E5BEEEAFF0', 'A', 'admin', 0);
INSERT INTO user (user_id, first_name, last_name, create_date, modify_date, handle, last_login, status, password, activation_code, middle_name, handle_lower, timezone_id)
  VALUES (1001, 'Handle', '1', CURRENT, CURRENT, 'HandleA', '2006-08-16 23:22:56.173', 'hh1', 'pwda', '41FAEF947EB04312B6411C27D9EDFB27', '', 'handlea', 1);
INSERT INTO user (user_id, first_name, last_name, create_date, modify_date, handle, last_login, status, password, activation_code, middle_name, handle_lower, timezone_id)
  VALUES (1002, 'Handle', '2', CURRENT, CURRENT, 'HandleB', '2006-08-16 23:22:56.173', 'hh2', 'pwdb', '57794E195CC54aaeBC401430FF0ABDF0', '', 'handleb', 2);
INSERT INTO user (user_id, first_name, last_name, create_date, modify_date, handle, last_login, status, password, activation_code, middle_name, handle_lower, timezone_id)
  VALUES (11889718, 'Fisrt1', 'Last1', CURRENT, CURRENT, 'henryouly', '2006-08-16 23:22:56.173', 'hh2', 'henryouly', '57794E195CC54aaeBC401430FF0ABDF0', '', 'henryouly', 2);
INSERT INTO user (user_id, first_name, last_name, create_date, modify_date, handle, last_login, status, password, activation_code, middle_name, handle_lower, timezone_id)
  VALUES (15655112, 'Fisrt2', 'Last2', CURRENT, CURRENT, 'mayi', '2006-08-16 23:22:56.173', 'hh2', 'mayi', '57794E195CC54aaeBC401430FF0ABDF0', '', 'mayi', 2);
INSERT INTO user (user_id, first_name, last_name, create_date, modify_date, handle, last_login, status, password, activation_code, middle_name, handle_lower, timezone_id)
  VALUES (302053, 'Fisrt3', 'Last3', CURRENT, CURRENT, 'oldbig', '2006-08-16 23:22:56.173', 'hh2', 'oldbig', '57794E195CC54aaeBC401430FF0ABDF0', '', 'oldbig', 2);
INSERT INTO user (user_id, first_name, last_name, create_date, modify_date, handle, last_login, status, password, activation_code, middle_name, handle_lower, timezone_id)
  VALUES (10650643, 'Fisrt4', 'Last4', CURRENT, CURRENT, 'qiucx0161', '2006-08-16 23:22:56.173', 'hh2', 'qiucx0161', '57794E195CC54aaeBC401430FF0ABDF0', '', 'qiucx0161', 2);
INSERT INTO user (user_id, first_name, last_name, create_date, modify_date, handle, last_login, status, password, activation_code, middle_name, handle_lower, timezone_id)
  VALUES (10022398, 'Fisrt5', 'Last5', CURRENT, CURRENT, 'slion', '2006-08-16 23:22:56.173', 'hh2', 'slion', '57794E195CC54aaeBC401430FF0ABDF0', '', 'slion', 2);
INSERT INTO user (user_id, first_name, last_name, create_date, modify_date, handle, last_login, status, password, activation_code, middle_name, handle_lower, timezone_id)
  VALUES (11770376, 'Fisrt6', 'Last6', CURRENT, CURRENT, 'brain_cn', '2006-08-16 23:22:56.173', 'hh2', 'brain_cn', '57794E195CC54aaeBC401430FF0ABDF0', '', 'brain_cn', 2);
INSERT INTO user (user_id, first_name, last_name, create_date, modify_date, handle, last_login, status, password, activation_code, middle_name, handle_lower, timezone_id)
  VALUES (299180, 'Fisrt7', 'Last7', CURRENT, CURRENT, 'isv', '2006-08-16 23:22:56.173', 'hh2', 'isv', '57794E195CC54aaeBC401430FF0ABDF0', '', 'isv', 2);

INSERT INTO email (user_id, email_id, email_type_id, address, create_date, modify_date, primary_ind, status_id)
  VALUES (286907, 1, 1, 'george1@yandex.ru', CURRENT, CURRENT, 1, 1);
INSERT INTO email (user_id, email_id, email_type_id, address, create_date, modify_date, primary_ind, status_id)
  VALUES (156859, 2, 1, 'george1@yandex.ru', CURRENT, CURRENT, 1, 1);
INSERT INTO email (user_id, email_id, email_type_id, address, create_date, modify_date, primary_ind, status_id)
  VALUES (1000, 3, 1, 'george1@yandex.ru', CURRENT, CURRENT, 1, 1);
--INSERT INTO email (user_id, email_id, email_type_id, address, create_date, modify_date, primary_ind, status_id)
--  VALUES (286907, 1, 1, 'daryls@163.com', CURRENT, CURRENT, 1, 1);
--INSERT INTO email (user_id, email_id, email_type_id, address, create_date, modify_date, primary_ind, status_id)
--  VALUES (156859, 2, 1, 'jivern@topcoder.com', CURRENT, CURRENT, 1, 1);
--INSERT INTO email (user_id, email_id, email_type_id, address, create_date, modify_date, primary_ind, status_id)
--  VALUES (1000, 3, 1, 'admin@topcoder.com', CURRENT, CURRENT, 1, 1);
INSERT INTO email (user_id, email_id, email_type_id, address, create_date, modify_date, primary_ind, status_id)
  VALUES (1001, 4, 1, 'handle1@somewhere.net', CURRENT, CURRENT, 1, 1);
INSERT INTO email (user_id, email_id, email_type_id, address, create_date, modify_date, primary_ind, status_id)
  VALUES (1002, 5, 1, 'handle2@somewhere.net', CURRENT, CURRENT, 1, 1);
INSERT INTO email (user_id, email_id, email_type_id, address, create_date, modify_date, primary_ind, status_id)
  VALUES (11889718, 6, 1, 'george1@yandex.ru', CURRENT, CURRENT, 1, 1);
INSERT INTO email (user_id, email_id, email_type_id, address, create_date, modify_date, primary_ind, status_id)
  VALUES (15655112, 7, 1, 'george1@yandex.ru', CURRENT, CURRENT, 1, 1);
INSERT INTO email (user_id, email_id, email_type_id, address, create_date, modify_date, primary_ind, status_id)
  VALUES (302053, 8, 1, 'george1@yandex.ru', CURRENT, CURRENT, 1, 1);
INSERT INTO email (user_id, email_id, email_type_id, address, create_date, modify_date, primary_ind, status_id)
  VALUES (10650643, 9, 1, 'george1@yandex.ru', CURRENT, CURRENT, 1, 1);
INSERT INTO email (user_id, email_id, email_type_id, address, create_date, modify_date, primary_ind, status_id)
  VALUES (10022398, 10, 1, 'george1@yandex.ru', CURRENT, CURRENT, 1, 1);
INSERT INTO email (user_id, email_id, email_type_id, address, create_date, modify_date, primary_ind, status_id)
  VALUES (11770376, 11, 1, 'george1@yandex.ru', CURRENT, CURRENT, 1, 1);
INSERT INTO email (user_id, email_id, email_type_id, address, create_date, modify_date, primary_ind, status_id)
  VALUES (299180, 12, 1, 'george1@yandex.ru', CURRENT, CURRENT, 1, 1);

INSERT INTO user_rating (user_id, rating, phase_id, vol, rating_no_vol, num_ratings, mod_date_time, create_date_time, last_rated_project_id)
  VALUES (286907, 2275, 112, 512, 0, 1, CURRENT, CURRENT, 0);
INSERT INTO user_rating (user_id, rating, phase_id, vol, rating_no_vol, num_ratings, mod_date_time, create_date_time, last_rated_project_id)
  VALUES (286907, 1709, 113, 542, 0, 1, CURRENT, CURRENT, 0);
INSERT INTO user_rating (user_id, rating, phase_id, vol, rating_no_vol, num_ratings, mod_date_time, create_date_time, last_rated_project_id)
  VALUES (156859, 0, 112, 0, 0, 0, CURRENT, CURRENT, 0);
INSERT INTO user_rating (user_id, rating, phase_id, vol, rating_no_vol, num_ratings, mod_date_time, create_date_time, last_rated_project_id)
  VALUES (156859, 0, 113, 0, 0, 0, CURRENT, CURRENT, 0);
INSERT INTO user_rating (user_id, rating, phase_id, vol, rating_no_vol, num_ratings, mod_date_time, create_date_time, last_rated_project_id)
  VALUES (1001, 0, 112, 0, 0, 0, CURRENT, CURRENT, 0);
INSERT INTO user_rating (user_id, rating, phase_id, vol, rating_no_vol, num_ratings, mod_date_time, create_date_time, last_rated_project_id)
  VALUES (1001, 903, 113, 428, 0, 1, CURRENT, CURRENT, 0);
INSERT INTO user_rating (user_id, rating, phase_id, vol, rating_no_vol, num_ratings, mod_date_time, create_date_time, last_rated_project_id)
  VALUES (1002, 1797, 112, 416, 0, 1, CURRENT, CURRENT, 0);
INSERT INTO user_rating (user_id, rating, phase_id, vol, rating_no_vol, num_ratings, mod_date_time, create_date_time, last_rated_project_id)
  VALUES (1002, 794, 113, 303, 0, 1, CURRENT, CURRENT, 0);
INSERT INTO user_rating (user_id, rating, phase_id, vol, rating_no_vol, num_ratings, mod_date_time, create_date_time, last_rated_project_id)
  VALUES (11889718, 1702, 113, 635, 0, 1, CURRENT, CURRENT, 0);
INSERT INTO user_rating (user_id, rating, phase_id, vol, rating_no_vol, num_ratings, mod_date_time, create_date_time, last_rated_project_id)
  VALUES (15655112, 1549, 113, 375, 0, 1, CURRENT, CURRENT, 0);
INSERT INTO user_rating (user_id, rating, phase_id, vol, rating_no_vol, num_ratings, mod_date_time, create_date_time, last_rated_project_id)
  VALUES (302053, 1458, 112, 175, 0, 1, CURRENT, CURRENT, 0);
INSERT INTO user_rating (user_id, rating, phase_id, vol, rating_no_vol, num_ratings, mod_date_time, create_date_time, last_rated_project_id)
  VALUES (302053, 2220, 113, 540, 0, 1, CURRENT, CURRENT, 0);
INSERT INTO user_rating (user_id, rating, phase_id, vol, rating_no_vol, num_ratings, mod_date_time, create_date_time, last_rated_project_id)
  VALUES (10650643, 1179, 112, 246, 0, 1, CURRENT, CURRENT, 0);
INSERT INTO user_rating (user_id, rating, phase_id, vol, rating_no_vol, num_ratings, mod_date_time, create_date_time, last_rated_project_id)
  VALUES (10650643, 1193, 113, 357, 0, 1, CURRENT, CURRENT, 0);
INSERT INTO user_rating (user_id, rating, phase_id, vol, rating_no_vol, num_ratings, mod_date_time, create_date_time, last_rated_project_id)
  VALUES (10022398, 1076, 112, 277, 0, 1, CURRENT, CURRENT, 0);
INSERT INTO user_rating (user_id, rating, phase_id, vol, rating_no_vol, num_ratings, mod_date_time, create_date_time, last_rated_project_id)
  VALUES (10022398, 995, 113, 362, 0, 1, CURRENT, CURRENT, 0);
INSERT INTO user_rating (user_id, rating, phase_id, vol, rating_no_vol, num_ratings, mod_date_time, create_date_time, last_rated_project_id)
  VALUES (11770376, 1032, 112, 385, 0, 1, CURRENT, CURRENT, 0);
INSERT INTO user_rating (user_id, rating, phase_id, vol, rating_no_vol, num_ratings, mod_date_time, create_date_time, last_rated_project_id)
  VALUES (11770376, 1558, 113, 298, 0, 1, CURRENT, CURRENT, 0);
INSERT INTO user_rating (user_id, rating, phase_id, vol, rating_no_vol, num_ratings, mod_date_time, create_date_time, last_rated_project_id)
  VALUES (299180, 1420, 112, 369, 0, 1, CURRENT, CURRENT, 0);
INSERT INTO user_rating (user_id, rating, phase_id, vol, rating_no_vol, num_ratings, mod_date_time, create_date_time, last_rated_project_id)
  VALUES (299180, 998, 113, 214, 0, 1, CURRENT, CURRENT, 0);

INSERT INTO user_reliability (user_id, rating, modify_date, create_date, phase_id)
  VALUES (286907, 1.00, CURRENT, CURRENT, 112);
INSERT INTO user_reliability (user_id, rating, modify_date, create_date, phase_id)
  VALUES (286907, 1.00, CURRENT, CURRENT, 113);
INSERT INTO user_reliability (user_id, rating, modify_date, create_date, phase_id)
  VALUES (156859, 0, CURRENT, CURRENT, 112);
INSERT INTO user_reliability (user_id, rating, modify_date, create_date, phase_id)
  VALUES (156859, 0, CURRENT, CURRENT, 113);
INSERT INTO user_reliability (user_id, rating, modify_date, create_date, phase_id)
  VALUES (1001, 0, CURRENT, CURRENT, 112);
INSERT INTO user_reliability (user_id, rating, modify_date, create_date, phase_id)
  VALUES (1001, 0.3333, CURRENT, CURRENT, 113);
INSERT INTO user_reliability (user_id, rating, modify_date, create_date, phase_id)
  VALUES (1002, 0.80, CURRENT, CURRENT, 112);
INSERT INTO user_reliability (user_id, rating, modify_date, create_date, phase_id)
  VALUES (1002, 0.6666, CURRENT, CURRENT, 113);
INSERT INTO user_reliability (user_id, rating, modify_date, create_date, phase_id)
  VALUES (11889718, 1.0000, CURRENT, CURRENT, 113);
INSERT INTO user_reliability (user_id, rating, modify_date, create_date, phase_id)
  VALUES (15655112, 0.6154, CURRENT, CURRENT, 113);
INSERT INTO user_reliability (user_id, rating, modify_date, create_date, phase_id)
  VALUES (302053, 1.0000, CURRENT, CURRENT, 112);
INSERT INTO user_reliability (user_id, rating, modify_date, create_date, phase_id)
  VALUES (302053, 1.0000, CURRENT, CURRENT, 113);
INSERT INTO user_reliability (user_id, rating, modify_date, create_date, phase_id)
  VALUES (10650643, 0.1333, CURRENT, CURRENT, 112);
INSERT INTO user_reliability (user_id, rating, modify_date, create_date, phase_id)
  VALUES (10650643, 0.3333, CURRENT, CURRENT, 113);
INSERT INTO user_reliability (user_id, rating, modify_date, create_date, phase_id)
  VALUES (10022398, 0.2143, CURRENT, CURRENT, 112);
INSERT INTO user_reliability (user_id, rating, modify_date, create_date, phase_id)
  VALUES (10022398, 0.2000, CURRENT, CURRENT, 113);
INSERT INTO user_reliability (user_id, rating, modify_date, create_date, phase_id)
  VALUES (11770376, 0.1667, CURRENT, CURRENT, 112);
INSERT INTO user_reliability (user_id, rating, modify_date, create_date, phase_id)
  VALUES (11770376, 0.6000, CURRENT, CURRENT, 113);
INSERT INTO user_reliability (user_id, rating, modify_date, create_date, phase_id)
  VALUES (299180, 0.6000, CURRENT, CURRENT, 112);
INSERT INTO user_reliability (user_id, rating, modify_date, create_date, phase_id)
  VALUES (299180, 0.0667, CURRENT, CURRENT, 113);
