<?xml version="1.0"?>
<doc>
    <assembly>
        <name>math_expression_evaluator</name>
    </assembly>
    <members>
        <member name="T:TopCoder.Math.ExpressionEvaluator.BinaryAndOperation">
            <summary>
            Representation of a Binary Operation "AND".
            </summary>
        </member>
        <member name="T:TopCoder.Math.ExpressionEvaluator.Expression">
            <summary>
            This abstract class provides methods for evaluating itself.
            In addition, Expression provides static methods for parsing expression
            strings into instances of Expression.                                                                                                                                                                          .
            </summary>
        </member>
        <member name="M:TopCoder.Math.ExpressionEvaluator.Expression.Evaluate(TopCoder.Math.ExpressionEvaluator.IEvaluationEnv)">
            <summary>
            This is the most general way of calling Evaluate. Applications requiring
            custom evaluation use this method.
            Descendent classes override this method to implement their functionality.
            </summary>
            <param name="env">The evaluation environment.</param>
            <returns>Evaluation result.</returns>
            <exception cref="T:TopCoder.Math.ExpressionEvaluator.UnresolvedVariableException"/>
        </member>
        <member name="M:TopCoder.Math.ExpressionEvaluator.Expression.Evaluate(System.Collections.IDictionary)">
            <summary>
            This method builds an evaluation environment from the supplied IDictionary.
            Applications that use only simple evaluation make an IDictionary 
            that maps variable names to variable values, and call this method.
            </summary>
            <param name="varValues">A dictionary that maps variable names to their values.</param>
            <returns>Evaluation result.</returns>
            <exception cref="T:TopCoder.Math.ExpressionEvaluator.UnresolvedVariableException"/>
        </member>
        <member name="M:TopCoder.Math.ExpressionEvaluator.Expression.Evaluate(System.String[],System.Double[])">
            <summary>
            This method builds an evaluation environment from two arrays
            of the same length, containing variable names and values.
            This method allows for more compact uses when the number of variables
            is known at compile time, and is small.
            </summary>
            <param name="names">An array of variable names.</param>
            <param name="values">An array of variable values.</param>
            <returns>Evaluation result.</returns>
            <exception cref="T:TopCoder.Math.ExpressionEvaluator.UnresolvedVariableException"/>
        </member>
        <member name="M:TopCoder.Math.ExpressionEvaluator.Expression.Evaluate">
            <summary>
            This method is suitable only for constant expressions (i.e. expressions
            that do not reference variables). Calling this method on an expression
            which references a variable results in UnresolvedVariableException.
            </summary>
            <returns>Evaluation result.</returns>
            <exception cref="T:TopCoder.Math.ExpressionEvaluator.UnresolvedVariableException"/>
        </member>
        <member name="M:TopCoder.Math.ExpressionEvaluator.Expression.Parse(System.String)">
            <summary>
            Produces an evaluable expression from a string representing the expression.
            Uses the default name resolver to resolve variable names.
            </summary>
            <param name="expr">String representation of the expression.</param>
            <returns>An instance of Expression that corresponds to the string expr.</returns>
            <exception cref="T:TopCoder.Math.ExpressionEvaluator.ExpressionFormatException"/>
        </member>
        <member name="M:TopCoder.Math.ExpressionEvaluator.Expression.Parse(System.String,TopCoder.Math.ExpressionEvaluator.INameResolver)">
            <summary>
            Produces an evaluable expression from a string representing the expression.
            Uses the supplied name resolver to resolve variable names.
            </summary>
            <param name="expr">String representation of the expression.</param>
            <param name="resolver">A facility for resolving variable names.</param>
            <returns>An instance of Expression that corresponds to the string expr.</returns>
            <exception cref="T:TopCoder.Math.ExpressionEvaluator.ExpressionFormatException"/>
        </member>
        <member name="M:TopCoder.Math.ExpressionEvaluator.BinaryAndOperation.#ctor(TopCoder.Math.ExpressionEvaluator.Expression,TopCoder.Math.ExpressionEvaluator.Expression)">
            <summary>
            Creates a binary AND operation on the two arguments
            (the left-hand side and the right-hand side).
            </summary>
            <param name="lhs">left-hand side operand</param>
            <param name="rhs">right-hand side operand</param>
        </member>
        <member name="M:TopCoder.Math.ExpressionEvaluator.BinaryAndOperation.Evaluate(TopCoder.Math.ExpressionEvaluator.IEvaluationEnv)">
            <summary>
            Evaluates the AND operation using short-circuit evaluation.
            </summary>
            <param name="env">Evaluation environment - passed to both sides of the operation.</param>
            <returns>Evaluation result.</returns>
        </member>
        <member name="M:TopCoder.Math.ExpressionEvaluator.BinaryAndOperation.ToString">
            <summary>
            Converts this expression to a string representation.
            </summary>
            <returns>String representation of this expression.</returns>
        </member>
        <member name="F:TopCoder.Math.ExpressionEvaluator.BinaryAndOperation.lhs">
            <summary>
            Left-hand side operand of this operation.
            </summary>
        </member>
        <member name="F:TopCoder.Math.ExpressionEvaluator.BinaryAndOperation.rhs">
            <summary>
            Right-hand side operand of this operation.
            </summary>
        </member>
        <member name="T:TopCoder.Math.ExpressionEvaluator.BinaryOperation">
            <summary>
            Representation of a Binary Operation.
            Authors - kyky, mishagam
            Version - 1.0
            </summary>
        </member>
        <member name="M:TopCoder.Math.ExpressionEvaluator.BinaryOperation.#ctor(TopCoder.Math.ExpressionEvaluator.Expression,TopCoder.Math.ExpressionEvaluator.Expression,TopCoder.Math.ExpressionEvaluator.BinaryOperation.Operator)">
            <summary>
            Creates a binary operation on the two arguments
            (the left-hand side and the right-hand side) with the given operator.
            </summary>
            <param name="lhs">left-hand side operand</param>
            <param name="rhs">right-hand side operand</param>
            <param name="op">The operator for this operation</param>
        </member>
        <member name="M:TopCoder.Math.ExpressionEvaluator.BinaryOperation.Evaluate(TopCoder.Math.ExpressionEvaluator.IEvaluationEnv)">
            <summary>
            Evaluates both operands, performs the operation, and returns the result.
            </summary>
            <param name="env">Evaluation environment - passed to both sides of the operation.</param>
            <returns>Evaluation result.</returns>
        </member>
        <member name="M:TopCoder.Math.ExpressionEvaluator.BinaryOperation.ToString">
            <summary>
            Converts this expression to a string representation.
            </summary>
            <returns>String representation of this expression.</returns>
        </member>
        <member name="F:TopCoder.Math.ExpressionEvaluator.BinaryOperation.lhs">
            <summary>
            Left-hand side operand of this operation.
            </summary>
        </member>
        <member name="F:TopCoder.Math.ExpressionEvaluator.BinaryOperation.rhs">
            <summary>
            Right-hand side operand of this operation.
            </summary>
        </member>
        <member name="F:TopCoder.Math.ExpressionEvaluator.BinaryOperation.op">
            <summary>
            Operator of this operation.
            </summary>
        </member>
        <member name="F:TopCoder.Math.ExpressionEvaluator.BinaryOperation.OPERATOR_ADD">
            <summary>
            The Addition Operator.
            </summary>
        </member>
        <member name="F:TopCoder.Math.ExpressionEvaluator.BinaryOperation.OPERATOR_SUBTRACT">
            <summary>
            The Subtraction Operator
            </summary>
        </member>
        <member name="F:TopCoder.Math.ExpressionEvaluator.BinaryOperation.OPERATOR_MULTIPLY">
            <summary>
            The Multiplication Operator
            </summary>
        </member>
        <member name="F:TopCoder.Math.ExpressionEvaluator.BinaryOperation.OPERATOR_DIVIDE">
            <summary>
            The Division Operator
            </summary>
        </member>
        <member name="F:TopCoder.Math.ExpressionEvaluator.BinaryOperation.OPERATOR_POWER">
            <summary>
            The Power Operator
            </summary>
        </member>
        <member name="F:TopCoder.Math.ExpressionEvaluator.BinaryOperation.OPERATOR_EQ">
            <summary>
            The Equality Operator
            </summary>
        </member>
        <member name="F:TopCoder.Math.ExpressionEvaluator.BinaryOperation.OPERATOR_NE">
            <summary>
            The Inequality Operator
            </summary>
        </member>
        <member name="F:TopCoder.Math.ExpressionEvaluator.BinaryOperation.OPERATOR_GT">
            <summary>
            The Greater Than Operator
            </summary>
        </member>
        <member name="F:TopCoder.Math.ExpressionEvaluator.BinaryOperation.OPERATOR_GE">
            <summary>
            The Greater Than Or Equal Operator
            </summary>
        </member>
        <member name="F:TopCoder.Math.ExpressionEvaluator.BinaryOperation.OPERATOR_LT">
            <summary>
            The Less Than Operator
            </summary>
        </member>
        <member name="F:TopCoder.Math.ExpressionEvaluator.BinaryOperation.OPERATOR_LE">
            <summary>
            The Less Than Or Equals Operator
            </summary>
        </member>
        <member name="F:TopCoder.Math.ExpressionEvaluator.BinaryOperation.OPERATOR_MIN">
            <summary>
            The Minimum Operator
            </summary>
        </member>
        <member name="F:TopCoder.Math.ExpressionEvaluator.BinaryOperation.OPERATOR_MAX">
            <summary>
            The Maximum Operator
            </summary>
        </member>
        <member name="M:TopCoder.Math.ExpressionEvaluator.BinaryOperation.Add(System.Double,System.Double)">
            <summary>
            Following functions are used to create operators.
            They are more or less self evident.
            This is add function to create OPERATOR_ADD
            </summary>
            <param name="lhs">Expression to the left of operator</param>
            <param name="rhs">Expression to the right of operator</param>
            <returns>double sum of lhs and rhs</returns>
        </member>
        <member name="M:TopCoder.Math.ExpressionEvaluator.BinaryOperation.Subtract(System.Double,System.Double)">
            <summary>
            This is Substract  function to create OPERATOR_SUBSTRACT
            </summary>
            <param name="lhs">Expression to the left of operator</param>
            <param name="rhs">Expression to the right of operator</param>
            <returns>double lhs - rhs</returns>
        </member>
        <member name="M:TopCoder.Math.ExpressionEvaluator.BinaryOperation.Multiply(System.Double,System.Double)">
            <summary>
            This is Multiply  function to create OPERATOR_MULTIPLY
            </summary>
            <param name="lhs">Expression to the left of operator</param>
            <param name="rhs">Expression to the right of operator</param>
            <returns>double lhs * rhs</returns>
        </member>
        <member name="M:TopCoder.Math.ExpressionEvaluator.BinaryOperation.Divide(System.Double,System.Double)">
            <summary>
            This is Divide  function to create OPERATOR_DIVIDE
            </summary>
            <param name="lhs">Expression to the left of operator</param>
            <param name="rhs">Expression to the right of operator</param>
            <returns>double lhs / rhs</returns>
        </member>
        <member name="M:TopCoder.Math.ExpressionEvaluator.BinaryOperation.IsEqual(System.Double,System.Double)">
            <summary>
            This is IsEqual  function to create OPERATOR_EQ
            </summary>
            <param name="lhs">Expression to the left of operator</param>
            <param name="rhs">Expression to the right of operator</param>
            <returns>double 1 if lhs == rhs, 0 otherwise </returns>
        </member>
        <member name="M:TopCoder.Math.ExpressionEvaluator.BinaryOperation.IsNotEqual(System.Double,System.Double)">
            <summary>
            This is IsNotEqual  function to create OPERATOR_NE
            </summary>
            <param name="lhs">Expression to the left of operator</param>
            <param name="rhs">Expression to the right of operator</param>
            <returns>double 1 if lhs != rhs, 0 otherwise </returns>
        </member>
        <member name="M:TopCoder.Math.ExpressionEvaluator.BinaryOperation.IsGreater(System.Double,System.Double)">
            <summary>
            This is IsGreater  function to create OPERATOR_GT
            </summary>
            <param name="lhs">Expression to the left of operator</param>
            <param name="rhs">Expression to the right of operator</param>
            <returns>double 1 if lhs larger rhs, 0 otherwise </returns>
        </member>
        <member name="M:TopCoder.Math.ExpressionEvaluator.BinaryOperation.IsGreaterEqual(System.Double,System.Double)">
            <summary>
            This is IsGreaterEqual  function to create OPERATOR_GE
            </summary>
            <param name="lhs">Expression to the left of operator</param>
            <param name="rhs">Expression to the right of operator</param>
            <returns>double 1 if lhs larger or equal rhs, 0 otherwise </returns>
        </member>
        <member name="M:TopCoder.Math.ExpressionEvaluator.BinaryOperation.IsLess(System.Double,System.Double)">
            <summary>
            This is IsLess  function to create OPERATOR_LT
            </summary>
            <param name="lhs">Expression to the left of operator</param>
            <param name="rhs">Expression to the right of operator</param>
            <returns>double 1 if lhs is less than rhs, 0 otherwise </returns>
        </member>
        <member name="M:TopCoder.Math.ExpressionEvaluator.BinaryOperation.IsLessEqual(System.Double,System.Double)">
            <summary>
            This is IsLessEqual  function to create OPERATOR_LE
            </summary>
            <param name="lhs">Expression to the left of operator</param>
            <param name="rhs">Expression to the right of operator</param>
            <returns>double 1 if lhs less or equal rhs, 0 otherwise </returns>
        </member>
        <member name="T:TopCoder.Math.ExpressionEvaluator.BinaryOperation.Operator">
            <summary>
            Defines the signature of a binary operator.
            </summary>
        </member>
        <member name="T:TopCoder.Math.ExpressionEvaluator.BinaryOrOperation">
            <summary>
            Representation of a Binary Operation "OR".
            </summary>
        </member>
        <member name="M:TopCoder.Math.ExpressionEvaluator.BinaryOrOperation.#ctor(TopCoder.Math.ExpressionEvaluator.Expression,TopCoder.Math.ExpressionEvaluator.Expression)">
            <summary>
            Creates a binary OR operation on the two arguments
            (the left-hand side and the right-hand side).
            </summary>
            <param name="lhs">left-hand side operand</param>
            <param name="rhs">right-hand side operand</param>
        </member>
        <member name="M:TopCoder.Math.ExpressionEvaluator.BinaryOrOperation.Evaluate(TopCoder.Math.ExpressionEvaluator.IEvaluationEnv)">
            <summary>
            Evaluates the OR operation using short-circuit evaluation.
            </summary>
            <param name="env">Evaluation environment - passed to both sides of the operation.</param>
            <returns>Evaluation result.</returns>
        </member>
        <member name="M:TopCoder.Math.ExpressionEvaluator.BinaryOrOperation.ToString">
            <summary>
            Converts this expression to a string representation.
            </summary>
            <returns>String representation of this expression.</returns>
        </member>
        <member name="F:TopCoder.Math.ExpressionEvaluator.BinaryOrOperation.lhs">
            <summary>
            Left-hand side operand of this operation.
            </summary>
        </member>
        <member name="F:TopCoder.Math.ExpressionEvaluator.BinaryOrOperation.rhs">
            <summary>
            Right-hand side operand of this operation.
            </summary>
        </member>
        <member name="T:TopCoder.Math.ExpressionEvaluator.DefaultNameResolver">
            <summary>
            Default implementation of INameResolver interface. When possible,
            applications using the component should inherit from this class instead of
            implementing the INameResolver directly. This allows for drop-in
            version upgrades without having to modify the code in case we decide to
            extend INameResolver to handle resolution of User-Defined Functions.
            </summary>
        </member>
        <member name="T:TopCoder.Math.ExpressionEvaluator.INameResolver">
            <summary>
            Interface for parse-time resolution of variable names
            to the representations of custom variables.
            </summary>
        </member>
        <member name="M:TopCoder.Math.ExpressionEvaluator.INameResolver.Resolve(System.String)">
            <summary>
            Resolves a variable name to the representations as Expression.
            </summary>
            <param name="name">Name of the variable to resolve.</param>
            <returns>An instance of Expression representing variable identified by name.</returns>
        </member>
        <member name="M:TopCoder.Math.ExpressionEvaluator.DefaultNameResolver.Resolve(System.String)">
            <summary>
            Defualt Resolve if all extending classes didn't ovewrite this.
            Returns InvalidVariable that throws Exception on the attempt to 
            Evaluate it
            </summary>
            <param name="name">string name of variable. Here ignored</param>
            <returns></returns>
        </member>
        <member name="T:TopCoder.Math.ExpressionEvaluator.DefaultNameResolver.InvalidVariable">
            <summary>
            class extending Expession. Used to throw UnresolvedVariableException
            on attempt to evaluate it.
            </summary>
        </member>
        <member name="T:TopCoder.Math.ExpressionEvaluator.Type">
            types constants. Represent different types of symbols
        </member>
        <member name="T:TopCoder.Math.ExpressionEvaluator.Prec">
            precedences of symbols. 
            mainly usual precedences of operations
        </member>
        <member name="T:TopCoder.Math.ExpressionEvaluator.Symbol">
            <summary>
            Class representing tokens in lexical analysis.
            author - TCSDEVELOPER
            version - 1.0
            </summary>
        </member>
        <member name="F:TopCoder.Math.ExpressionEvaluator.Symbol.name">
            <summary>
            Name - string representation of token
            </summary>
        </member>
        <member name="F:TopCoder.Math.ExpressionEvaluator.Symbol.type">
            <summary>
            Type of token
            </summary>
        </member>
        <member name="F:TopCoder.Math.ExpressionEvaluator.Symbol.precedence">
            <summary>
            Precendence of token. especially makes sense for operations
            </summary>
        </member>
        <member name="F:TopCoder.Math.ExpressionEvaluator.Symbol.oper">
            <summary>
            operator for unary and binary functions
            </summary>
        </member>
        <member name="M:TopCoder.Math.ExpressionEvaluator.Symbol.#ctor(System.String,TopCoder.Math.ExpressionEvaluator.Type,TopCoder.Math.ExpressionEvaluator.Prec,System.Object)">
            <summary>
            Self evident constructor
            </summary>
            <param name="_name">value of name for new symbol</param>
            <param name="_type">type of new symbol</param>
            <param name="_prec">precedence level for new symbol</param>
        </member>
        <member name="T:TopCoder.Math.ExpressionEvaluator.DefaultParser">
            <summary>
            Summary description for DefaultParser. Class for parsing expressions
            implementing IParser interface. Used in MathematicalEvaluator
            Author - TCSDEVELOPER
            Vesion - 1.0
            </summary>
        </member>
        <member name="F:TopCoder.Math.ExpressionEvaluator.DefaultParser.symbols">
            <summary>
            Table of symbols hardcoded in parser
            </summary>
        </member>
        <member name="F:TopCoder.Math.ExpressionEvaluator.DefaultParser.currentResolver">
            <summary>
            Name resolver used for resolving variable names
            </summary>
        </member>
        <member name="F:TopCoder.Math.ExpressionEvaluator.DefaultParser.tokens">
            <summary>
            list of tokens constructed after initial scanning of expression
            </summary>
        </member>
        <member name="F:TopCoder.Math.ExpressionEvaluator.DefaultParser.doubleReg">
            <summary>
            regular expression for double literals
            </summary>
        </member>
        <member name="F:TopCoder.Math.ExpressionEvaluator.DefaultParser.varReg">
            <summary>
            regular expression for variables of form like AA_A78.e3.67U
            </summary>
        </member>
        <member name="M:TopCoder.Math.ExpressionEvaluator.DefaultParser.AddSymbol(System.Collections.Hashtable,System.String,TopCoder.Math.ExpressionEvaluator.Type,TopCoder.Math.ExpressionEvaluator.Prec,System.Object)">
            <summary>
            adding new symbol to symbols table
            </summary>
            <param name="name">name for new symbol</param>
            <param name="type">name for new symbol</param>
            <param name="prec">name for new symbol</param>
        </member>
        <member name="M:TopCoder.Math.ExpressionEvaluator.DefaultParser.InitSymbols">
            <summary>
            Initializing symbols table and regular expressions
            </summary>
        </member>
        <member name="F:TopCoder.Math.ExpressionEvaluator.DefaultParser.itok">
            <summary>
            index of current token during lexical analysis
            </summary>
        </member>
        <member name="M:TopCoder.Math.ExpressionEvaluator.DefaultParser.ReadFunction1(TopCoder.Math.ExpressionEvaluator.Symbol)">
            <summary>
            reading function (standard) with one argument
            </summary>
            <param name="func">Symbol with the name of function</param>
            <returns>parsed expression of function and argument</returns>
        </member>
        <member name="M:TopCoder.Math.ExpressionEvaluator.DefaultParser.ReadFunction2(TopCoder.Math.ExpressionEvaluator.Symbol)">
            <summary>
            reading function (standard) with two argument. (Min and Max)
            </summary>
            <param name="func">Symbol with the name of function</param>
            <returns>parsed expression of function and arguments</returns>
        </member>
        <member name="M:TopCoder.Math.ExpressionEvaluator.DefaultParser.IsCorrectVariableName(System.String)">
            <summary>
            tests that name looks no worse than _$aaa454.ghg76
            </summary>
            <param name="name">string to ckeck if this is correct variable name</param>
            <returns></returns>
        </member>
        <member name="M:TopCoder.Math.ExpressionEvaluator.DefaultParser.Resolve(TopCoder.Math.ExpressionEvaluator.Symbol)">
            <summary>
            resolves variables using , plus checks if they are really number litarals
            </summary>
        </member>
        <member name="M:TopCoder.Math.ExpressionEvaluator.DefaultParser.ParseExpression(System.Int32)">
            <summary>
            parseExpression - parces expreassion, already converted to tokens.
            Uses recursive calls to itself for estimating parts with higher 
            precedence. \
            For example, in estimating 2*3 + x*y 2*3 and x*y are parsed in 
            recursive calls to parseExpression with higher precedence
            </summary>
            <param name="prec">Precedence level for estimated part</param>
            <returns></returns>
        </member>
        <member name="M:TopCoder.Math.ExpressionEvaluator.DefaultParser.Parse(System.String,TopCoder.Math.ExpressionEvaluator.INameResolver)">
            <summary>
            parse from IParser interface. Parses expression using
            resolver for creating expressions from tokens.
            </summary>
            <param name="expr">expression in string form</param>
            <param name="resolver">INameResolver </param>
            <returns>parsed Expression</returns>
        </member>
        <member name="M:TopCoder.Math.ExpressionEvaluator.DefaultParser.DoublePart(System.String,System.Int32)">
            <summary>
            determines if part of input string from offset off has double literal
            and if it does, returns it, otherwise returns null
            Uses precalculated regular expression
            </summary>
            <param name="e">source string</param>
            <param name="off">offset to analysed position</param>
            <returns>found double literal or null</returns>
        </member>
        <member name="M:TopCoder.Math.ExpressionEvaluator.DefaultParser.VarPart(System.String,System.Int32)">
            <summary>
            determines if part of input string from offset off has variable 
            name and if it does, returns it, otherwise returns null
            Uses precalculated regular expression
            </summary>
            <param name="e">source string</param>
            <param name="off">offset to analysed position</param>
            <returns>found variable name or null</returns>
        </member>
        <member name="M:TopCoder.Math.ExpressionEvaluator.DefaultParser.SplitTokens(System.String)">
            <summary>
            converts string expr to list of tokens like functions, operations,
            variables, literals, brackets, and so on.
            Result in this.tokens array
            <param name="expr">analysed expression string</param>
            </summary>
        </member>
        <member name="T:TopCoder.Math.ExpressionEvaluator.ExpressionFormatException">
            <summary>
            Expression.Parse throws this exception when an expression passed for parsing
            does not conform to the syntax supported by the parser.
            </summary>
        </member>
        <member name="M:TopCoder.Math.ExpressionEvaluator.ExpressionFormatException.#ctor(System.String)">
            <summary>
            Creates an instance of ExpressionFormatException.
            </summary>
            <param name="description">Descriptive message explaining why the expression cannot be parsed.</param>
        </member>
        <member name="T:TopCoder.Math.ExpressionEvaluator.IEvaluationEnv">
            <summary>
            Marker interface for Expression.Evaluate.
            Custom variables use instances of IEvaluationEnv to get
            the values that correspond to their names.
            Custom evaluation environments must implement this interface
            to be used in Expression.Evaluate.
            </summary>
        </member>
        <member name="T:TopCoder.Math.ExpressionEvaluator.Literal">
            <summary>
            An expression that always evaluates to a static value.
            </summary>
        </member>
        <member name="M:TopCoder.Math.ExpressionEvaluator.Literal.#ctor(System.Object)">
            <summary>
            Makes a literal value for use in expressions.
            </summary>
            <param name="val">An object to be converted to double.</param>
        </member>
        <member name="M:TopCoder.Math.ExpressionEvaluator.Literal.Evaluate(TopCoder.Math.ExpressionEvaluator.IEvaluationEnv)">
            <summary>
            Returns the value of this literal.
            </summary>
            <param name="env">Ignored</param>
            <returns>The value of this literal.</returns>
        </member>
        <member name="M:TopCoder.Math.ExpressionEvaluator.Literal.ToString">
            <summary>
            string representation of val number
            </summary>
            <returns>string representing double val</returns>
        </member>
        <member name="F:TopCoder.Math.ExpressionEvaluator.Literal.val">
            <summary>
            Value of this literal.
            </summary>
        </member>
        <member name="T:TopCoder.Math.ExpressionEvaluator.SimpleEvaluationEnv">
            <summary>
            Private class for evaluating simple variables.
            Uses an IDictionary to store variable values,
            whree variable name is uased as the key.
            </summary>
        </member>
        <member name="M:TopCoder.Math.ExpressionEvaluator.SimpleEvaluationEnv.#ctor">
            <summary>
            Default constructor - uses an empty hash table
            for the dictionary.
            </summary>
        </member>
        <member name="M:TopCoder.Math.ExpressionEvaluator.SimpleEvaluationEnv.#ctor(System.Collections.IDictionary)">
            <summary>
            Uses the supplied IDictionary to resolve variables.
            </summary>
            <param name="dictionary">A dictionary that maps variable names to variable values.</param>
        </member>
        <member name="M:TopCoder.Math.ExpressionEvaluator.SimpleEvaluationEnv.GetValueForName(System.String)">
            <summary>
            Looks up a value in the dictionary, using name as the key.
            </summary>
            <param name="name">Name of the variable.</param>
            <returns>Value of the variable identified by name.</returns>
        </member>
        <member name="F:TopCoder.Math.ExpressionEvaluator.SimpleEvaluationEnv.dictionary">
            <summary>
            
            </summary>
        </member>
        <member name="T:TopCoder.Math.ExpressionEvaluator.SimpleNameResolver">
            <summary>
            Creates instances of SimpleVariable referencing names passed as a parameter.
            </summary>
        </member>
        <member name="M:TopCoder.Math.ExpressionEvaluator.SimpleNameResolver.Resolve(System.String)">
            <summary>
            Creates an instance of SimpleVariable that references the name
            passed as a parameter.
            </summary>
            <param name="name">Name of the variable.</param>
            <returns>An instance of SimpleVariable referencing the name.</returns>
        </member>
        <member name="T:TopCoder.Math.ExpressionEvaluator.SimpleVariable">
            <summary>
            Private class for dealing with built-in version of variables.
            </summary>
        </member>
        <member name="M:TopCoder.Math.ExpressionEvaluator.SimpleVariable.#ctor(System.String)">
            <summary>
            Constructs a variable with a given name.
            </summary>
            <param name="name">Name of the variable.</param>
        </member>
        <member name="M:TopCoder.Math.ExpressionEvaluator.SimpleVariable.Evaluate(TopCoder.Math.ExpressionEvaluator.IEvaluationEnv)">
            <summary>
            Uses the evaluation environment to resolve the value of this variable.
            </summary>
            <param name="env">The value of the variable, as specified in the environment.</param>
            <returns></returns>
        </member>
        <member name="M:TopCoder.Math.ExpressionEvaluator.SimpleVariable.ToString">
            <summary>
            Converts this variable to a string representation.
            </summary>
            <returns>Variable name.</returns>
        </member>
        <member name="F:TopCoder.Math.ExpressionEvaluator.SimpleVariable.name">
            <summary>
            Variable name.
            </summary>
        </member>
        <member name="T:TopCoder.Math.ExpressionEvaluator.UnaryOperation">
            <summary>
            Summary description for UnaryOperation.
            </summary>
        </member>
        <member name="M:TopCoder.Math.ExpressionEvaluator.UnaryOperation.#ctor(TopCoder.Math.ExpressionEvaluator.Expression,TopCoder.Math.ExpressionEvaluator.UnaryOperation.Operator)">
            <summary>
            Creates an instance of this unary operation.
            TODO: Depending on the implementation of dispatch,
            the signature of this constructor may change.
            </summary>
            <param name="operand">Operand of this operation</param>
            <param name="op">Operator of this operation</param>
        </member>
        <member name="M:TopCoder.Math.ExpressionEvaluator.UnaryOperation.Evaluate(TopCoder.Math.ExpressionEvaluator.IEvaluationEnv)">
            <summary>
            Evaluates the operand, performs the operation, and returns the result.
            </summary>
            <param name="env">Evaluation environment - passed to the operand.</param>
            <returns>Evaluation result.</returns>
        </member>
        <member name="M:TopCoder.Math.ExpressionEvaluator.UnaryOperation.ToString">
            <summary>
            Converts this expression to a string representation.
            </summary>
            <returns>String representation of this expression.</returns>
        </member>
        <member name="F:TopCoder.Math.ExpressionEvaluator.UnaryOperation.operand">
            <summary>
            Operand expression of this unary operation or a function.
            </summary>
        </member>
        <member name="F:TopCoder.Math.ExpressionEvaluator.UnaryOperation.op">
            <summary>
            Operator of this operation.
            </summary>
        </member>
        <member name="F:TopCoder.Math.ExpressionEvaluator.UnaryOperation.OPERATOR_NEG">
            <summary>
            The Negation Operator.
            </summary>
        </member>
        <member name="F:TopCoder.Math.ExpressionEvaluator.UnaryOperation.OPERATOR_NOT">
            <summary>
            The Logical Negation Operator.
            </summary>
        </member>
        <member name="F:TopCoder.Math.ExpressionEvaluator.UnaryOperation.OPERATOR_SIN">
            <summary>
            The SIN operator
            </summary>
        </member>
        <member name="F:TopCoder.Math.ExpressionEvaluator.UnaryOperation.OPERATOR_COS">
            <summary>
            The COS operator
            </summary>
        </member>
        <member name="F:TopCoder.Math.ExpressionEvaluator.UnaryOperation.OPERATOR_TAN">
            <summary>
            The TAN operator
            </summary>
        </member>
        <member name="F:TopCoder.Math.ExpressionEvaluator.UnaryOperation.OPERATOR_ASIN">
            <summary>
            The ASIN operator
            </summary>
        </member>
        <member name="F:TopCoder.Math.ExpressionEvaluator.UnaryOperation.OPERATOR_ACOS">
            <summary>
            The ACOS operator
            </summary>
        </member>
        <member name="F:TopCoder.Math.ExpressionEvaluator.UnaryOperation.OPERATOR_ATAN">
            <summary>
            The ATAN operator
            </summary>
        </member>
        <member name="F:TopCoder.Math.ExpressionEvaluator.UnaryOperation.OPERATOR_EXP">
            <summary>
            The EXP operator
            </summary>
        </member>
        <member name="F:TopCoder.Math.ExpressionEvaluator.UnaryOperation.OPERATOR_LOG">
            <summary>
            The LOG operator
            </summary>
        </member>
        <member name="F:TopCoder.Math.ExpressionEvaluator.UnaryOperation.OPERATOR_SQRT">
            <summary>
            The SQRT operator
            </summary>
        </member>
        <member name="T:TopCoder.Math.ExpressionEvaluator.UnaryOperation.Operator">
            <summary>
            Defines the signature of a unary operator.
            </summary>
        </member>
        <member name="T:TopCoder.Math.ExpressionEvaluator.UnresolvedVariableException">
            <summary>
            Expression.Evaluate throws this exception when a variable name
            is found that cannot be resolved in the evaluation environment.
            </summary>
        </member>
        <member name="M:TopCoder.Math.ExpressionEvaluator.UnresolvedVariableException.#ctor(System.String)">
            <summary>
            Creates an instance of UnresolvedVariableException.
            </summary>
            <param name="varName">Name of the unresolved variable.</param>
        </member>
    </members>
</doc>
