DATABASE time_oltp;
DATABASE corporate_oltp;
INSERT INTO tc_direct_project (project_id, name, description, project_status_id, user_id, create_date, modify_date, project_forum_id) VALUES (200001, 'Client 200001 Billing Account 1 Project 1', 'Client 200001 Billing Account 1 Project 1', 1, 132458, CURRENT, CURRENT, null);
INSERT INTO tcs_catalog:direct_project_metadata (tc_direct_project_id, project_metadata_key_id, metadata_value) VALUES (200001, 3, '24686');
INSERT INTO tcs_catalog:direct_project_metadata (tc_direct_project_id, project_metadata_key_id, metadata_value) VALUES (200001, 2, '132458');
INSERT INTO tcs_catalog:direct_project_metadata (tc_direct_project_id, project_metadata_key_id, metadata_value) VALUES (200001, 6, '118');
DATABASE tcs_catalog;
INSERT INTO rboard_user SELECT u.user_id, 1, c.catalog_id, 100, 1 FROM user u, catalog c WHERE u.user_id IN (124856, 124836, 124835, 124853, 124861, 124852) AND NOT EXISTS (SELECT 1 FROM rboard_user r WHERE r.user_id = u.user_id AND r.catalog_id = c.catalog_id AND r.project_type_id = 1);
INSERT INTO rboard_user SELECT u.user_id, 2, c.catalog_id, 100, 1 FROM user u, catalog c WHERE u.user_id IN (124836, 124835, 124852) AND NOT EXISTS (SELECT 1 FROM rboard_user r WHERE r.user_id = u.user_id AND r.catalog_id = c.catalog_id AND r.project_type_id = 2);
INSERT INTO rboard_user SELECT u.user_id, 6, c.catalog_id, 100, 1 FROM user u, catalog c WHERE u.user_id IN (124852, 124856) AND NOT EXISTS (SELECT 1 FROM rboard_user r WHERE r.user_id = u.user_id AND r.catalog_id = c.catalog_id AND r.project_type_id = 6);
INSERT INTO rboard_user SELECT u.user_id, 7, c.catalog_id, 100, 1 FROM user u, catalog c WHERE u.user_id IN (124835) AND NOT EXISTS (SELECT 1 FROM rboard_user r WHERE r.user_id = u.user_id AND r.catalog_id = c.catalog_id AND r.project_type_id = 7);
INSERT INTO rboard_user SELECT u.user_id, 13, c.catalog_id, 100, 1 FROM user u, catalog c WHERE u.user_id IN (124852, 124861, 124836, 124856, 124835, 124853) AND NOT EXISTS (SELECT 1 FROM rboard_user r WHERE r.user_id = u.user_id AND r.catalog_id = c.catalog_id AND r.project_type_id = 13);
INSERT INTO rboard_user SELECT u.user_id, 14, c.catalog_id, 100, 1 FROM user u, catalog c WHERE u.user_id IN (124836, 124852, 124856, 124853, 124835, 124861) AND NOT EXISTS (SELECT 1 FROM rboard_user r WHERE r.user_id = u.user_id AND r.catalog_id = c.catalog_id AND r.project_type_id = 14);
INSERT INTO rboard_user SELECT u.user_id, 19, c.catalog_id, 100, 1 FROM user u, catalog c WHERE u.user_id IN (124856, 124852) AND NOT EXISTS (SELECT 1 FROM rboard_user r WHERE r.user_id = u.user_id AND r.catalog_id = c.catalog_id AND r.project_type_id = 19);
INSERT INTO rboard_user SELECT u.user_id, 23, c.catalog_id, 100, 1 FROM user u, catalog c WHERE u.user_id IN (124853) AND NOT EXISTS (SELECT 1 FROM rboard_user r WHERE r.user_id = u.user_id AND r.catalog_id = c.catalog_id AND r.project_type_id = 23);
INSERT INTO rboard_user SELECT u.user_id, 24, c.catalog_id, 100, 1 FROM user u, catalog c WHERE u.user_id IN (124836, 124856, 124835) AND NOT EXISTS (SELECT 1 FROM rboard_user r WHERE r.user_id = u.user_id AND r.catalog_id = c.catalog_id AND r.project_type_id = 24);
INSERT INTO rboard_user SELECT u.user_id, 25, c.catalog_id, 100, 1 FROM user u, catalog c WHERE u.user_id IN (124835, 124836) AND NOT EXISTS (SELECT 1 FROM rboard_user r WHERE r.user_id = u.user_id AND r.catalog_id = c.catalog_id AND r.project_type_id = 25);
INSERT INTO rboard_user SELECT u.user_id, 26, c.catalog_id, 100, 1 FROM user u, catalog c WHERE u.user_id IN (124836) AND NOT EXISTS (SELECT 1 FROM rboard_user r WHERE r.user_id = u.user_id AND r.catalog_id = c.catalog_id AND r.project_type_id = 26);
INSERT INTO rboard_user SELECT u.user_id, 29, c.catalog_id, 100, 1 FROM user u, catalog c WHERE u.user_id IN (124861, 124853, 124835, 124852, 124856) AND NOT EXISTS (SELECT 1 FROM rboard_user r WHERE r.user_id = u.user_id AND r.catalog_id = c.catalog_id AND r.project_type_id = 29);
INSERT INTO rboard_user SELECT u.user_id, 35, c.catalog_id, 100, 1 FROM user u, catalog c WHERE u.user_id IN (124836, 124853, 124852, 124861) AND NOT EXISTS (SELECT 1 FROM rboard_user r WHERE r.user_id = u.user_id AND r.catalog_id = c.catalog_id AND r.project_type_id = 35);
INSERT INTO rboard_user SELECT u.user_id, 16, c.catalog_id, 100, 1 FROM user u, catalog c WHERE u.user_id IN (124852, 124836, 124853, 124835, 124861, 124856) AND NOT EXISTS (SELECT 1 FROM rboard_user r WHERE r.user_id = u.user_id AND r.catalog_id = c.catalog_id AND r.project_type_id = 16);
INSERT INTO rboard_user SELECT u.user_id, 17, c.catalog_id, 100, 1 FROM user u, catalog c WHERE u.user_id IN (124856, 124835) AND NOT EXISTS (SELECT 1 FROM rboard_user r WHERE r.user_id = u.user_id AND r.catalog_id = c.catalog_id AND r.project_type_id = 17);
INSERT INTO rboard_user SELECT u.user_id, 18, c.catalog_id, 100, 1 FROM user u, catalog c WHERE u.user_id IN (124835) AND NOT EXISTS (SELECT 1 FROM rboard_user r WHERE r.user_id = u.user_id AND r.catalog_id = c.catalog_id AND r.project_type_id = 18);
INSERT INTO rboard_user SELECT u.user_id, 20, c.catalog_id, 100, 1 FROM user u, catalog c WHERE u.user_id IN (124835, 124836, 124852, 124861, 124856, 124853) AND NOT EXISTS (SELECT 1 FROM rboard_user r WHERE r.user_id = u.user_id AND r.catalog_id = c.catalog_id AND r.project_type_id = 20);
INSERT INTO rboard_user SELECT u.user_id, 21, c.catalog_id, 100, 1 FROM user u, catalog c WHERE u.user_id IN (124853, 124836, 124861, 124835, 124852, 124856) AND NOT EXISTS (SELECT 1 FROM rboard_user r WHERE r.user_id = u.user_id AND r.catalog_id = c.catalog_id AND r.project_type_id = 21);
INSERT INTO rboard_user SELECT u.user_id, 22, c.catalog_id, 100, 1 FROM user u, catalog c WHERE u.user_id IN (124856) AND NOT EXISTS (SELECT 1 FROM rboard_user r WHERE r.user_id = u.user_id AND r.catalog_id = c.catalog_id AND r.project_type_id = 22);
INSERT INTO rboard_user SELECT u.user_id, 30, c.catalog_id, 100, 1 FROM user u, catalog c WHERE u.user_id IN (124836, 124835, 124856, 124853, 124861) AND NOT EXISTS (SELECT 1 FROM rboard_user r WHERE r.user_id = u.user_id AND r.catalog_id = c.catalog_id AND r.project_type_id = 30);
INSERT INTO rboard_user SELECT u.user_id, 31, c.catalog_id, 100, 1 FROM user u, catalog c WHERE u.user_id IN (124836, 124861, 124853, 124852, 124835, 124856) AND NOT EXISTS (SELECT 1 FROM rboard_user r WHERE r.user_id = u.user_id AND r.catalog_id = c.catalog_id AND r.project_type_id = 31);
INSERT INTO rboard_user SELECT u.user_id, 32, c.catalog_id, 100, 1 FROM user u, catalog c WHERE u.user_id IN (124861, 124852, 124835, 124853, 124836, 124856) AND NOT EXISTS (SELECT 1 FROM rboard_user r WHERE r.user_id = u.user_id AND r.catalog_id = c.catalog_id AND r.project_type_id = 32);
INSERT INTO rboard_user SELECT u.user_id, 9, c.catalog_id, 100, 1 FROM user u, catalog c WHERE u.user_id IN (124852, 124836) AND NOT EXISTS (SELECT 1 FROM rboard_user r WHERE r.user_id = u.user_id AND r.catalog_id = c.catalog_id AND r.project_type_id = 9);
INSERT INTO rboard_user SELECT u.user_id, 36, c.catalog_id, 100, 1 FROM user u, catalog c WHERE u.user_id IN (124853, 124856) AND NOT EXISTS (SELECT 1 FROM rboard_user r WHERE r.user_id = u.user_id AND r.catalog_id = c.catalog_id AND r.project_type_id = 36);
INSERT INTO project (project_id, project_status_id, project_category_id, create_user, create_date, modify_user, modify_date, tc_direct_project_id, project_studio_spec_id) VALUES (200001, 7, 14, 132456, CURRENT, 132456, CURRENT, 200001, NULL);
INSERT INTO project_phase (project_phase_id, project_id, phase_type_id, phase_status_id, fixed_start_time, scheduled_start_time, scheduled_end_time, actual_start_time, actual_end_time, duration, create_user, create_date, modify_user, modify_date) VALUES (200001, 200001, 13, 3, CURRENT + -15240 UNITS MINUTE, CURRENT + -15240 UNITS MINUTE, CURRENT + -12360 UNITS MINUTE, CURRENT + -15240 UNITS MINUTE, CURRENT + -12360 UNITS MINUTE, 172800000, 132456, CURRENT, 132456, CURRENT);
INSERT INTO project_phase (project_phase_id, project_id, phase_type_id, phase_status_id, fixed_start_time, scheduled_start_time, scheduled_end_time, actual_start_time, actual_end_time, duration, create_user, create_date, modify_user, modify_date) VALUES (200002, 200001, 14, 3, null, CURRENT + -12360 UNITS MINUTE, CURRENT + -12240 UNITS MINUTE, CURRENT + -12360 UNITS MINUTE, CURRENT + -12240 UNITS MINUTE, 7200000, 132456, CURRENT, 132456, CURRENT);
INSERT INTO project_phase (project_phase_id, project_id, phase_type_id, phase_status_id, fixed_start_time, scheduled_start_time, scheduled_end_time, actual_start_time, actual_end_time, duration, create_user, create_date, modify_user, modify_date) VALUES (200003, 200001, 1, 3, CURRENT + -12240 UNITS MINUTE, CURRENT + -12240 UNITS MINUTE, CURRENT + -9360 UNITS MINUTE, CURRENT + -12240 UNITS MINUTE, CURRENT + -9360 UNITS MINUTE, 172800000, 132456, CURRENT, 132456, CURRENT);
INSERT INTO project_phase (project_phase_id, project_id, phase_type_id, phase_status_id, fixed_start_time, scheduled_start_time, scheduled_end_time, actual_start_time, actual_end_time, duration, create_user, create_date, modify_user, modify_date) VALUES (200004, 200001, 2, 3, null, CURRENT + -12240 UNITS MINUTE, CURRENT + -5040 UNITS MINUTE, CURRENT + -12240 UNITS MINUTE, CURRENT + -5040 UNITS MINUTE, 432000000, 132456, CURRENT, 132456, CURRENT);
INSERT INTO project_phase (project_phase_id, project_id, phase_type_id, phase_status_id, fixed_start_time, scheduled_start_time, scheduled_end_time, actual_start_time, actual_end_time, duration, create_user, create_date, modify_user, modify_date) VALUES (200005, 200001, 3, 3, null, CURRENT + -5040 UNITS MINUTE, CURRENT + -4320 UNITS MINUTE, CURRENT + -5040 UNITS MINUTE, CURRENT + -4320 UNITS MINUTE, 43200000, 132456, CURRENT, 132456, CURRENT);
INSERT INTO project_phase (project_phase_id, project_id, phase_type_id, phase_status_id, fixed_start_time, scheduled_start_time, scheduled_end_time, actual_start_time, actual_end_time, duration, create_user, create_date, modify_user, modify_date) VALUES (200006, 200001, 4, 3, null, CURRENT + -4320 UNITS MINUTE, CURRENT + -1440 UNITS MINUTE, CURRENT + -4320 UNITS MINUTE, CURRENT + -1440 UNITS MINUTE, 172800000, 132456, CURRENT, 132456, CURRENT);
INSERT INTO project_phase (project_phase_id, project_id, phase_type_id, phase_status_id, fixed_start_time, scheduled_start_time, scheduled_end_time, actual_start_time, actual_end_time, duration, create_user, create_date, modify_user, modify_date) VALUES (200007, 200001, 5, 3, null, CURRENT + -1440 UNITS MINUTE, CURRENT + 0 UNITS MINUTE, CURRENT + -1440 UNITS MINUTE, CURRENT + 0 UNITS MINUTE, 86400000, 132456, CURRENT, 132456, CURRENT);
INSERT INTO project_phase (project_phase_id, project_id, phase_type_id, phase_status_id, fixed_start_time, scheduled_start_time, scheduled_end_time, actual_start_time, actual_end_time, duration, create_user, create_date, modify_user, modify_date) VALUES (200008, 200001, 6, 3, null, CURRENT + 0 UNITS MINUTE, CURRENT + 720 UNITS MINUTE, CURRENT + 0 UNITS MINUTE, CURRENT + 720 UNITS MINUTE, 43200000, 132456, CURRENT, 132456, CURRENT);
INSERT INTO project_phase (project_phase_id, project_id, phase_type_id, phase_status_id, fixed_start_time, scheduled_start_time, scheduled_end_time, actual_start_time, actual_end_time, duration, create_user, create_date, modify_user, modify_date) VALUES (200009, 200001, 7, 3, null, CURRENT + 720 UNITS MINUTE, CURRENT + 1440 UNITS MINUTE, CURRENT + 720 UNITS MINUTE, CURRENT + 1440 UNITS MINUTE, 43200000, 132456, CURRENT, 132456, CURRENT);
INSERT INTO project_phase (project_phase_id, project_id, phase_type_id, phase_status_id, fixed_start_time, scheduled_start_time, scheduled_end_time, actual_start_time, actual_end_time, duration, create_user, create_date, modify_user, modify_date) VALUES (200010, 200001, 9, 3, null, CURRENT + 1440 UNITS MINUTE, CURRENT + 2880 UNITS MINUTE, CURRENT + 1440 UNITS MINUTE, CURRENT + 2880 UNITS MINUTE, 86400000, 132456, CURRENT, 132456, CURRENT);
INSERT INTO project_phase (project_phase_id, project_id, phase_type_id, phase_status_id, fixed_start_time, scheduled_start_time, scheduled_end_time, actual_start_time, actual_end_time, duration, create_user, create_date, modify_user, modify_date) VALUES (200011, 200001, 10, 3, null, CURRENT + 2880 UNITS MINUTE, CURRENT + 3600 UNITS MINUTE, CURRENT + 2880 UNITS MINUTE, CURRENT + 3600 UNITS MINUTE, 43200000, 132456, CURRENT, 132456, CURRENT);
INSERT INTO project_phase (project_phase_id, project_id, phase_type_id, phase_status_id, fixed_start_time, scheduled_start_time, scheduled_end_time, actual_start_time, actual_end_time, duration, create_user, create_date, modify_user, modify_date) VALUES (200012, 200001, 11, 3, null, CURRENT + 3600 UNITS MINUTE, CURRENT + 10800 UNITS MINUTE, CURRENT + 3600 UNITS MINUTE, CURRENT + 10800 UNITS MINUTE, 432000000, 132456, CURRENT, 132456, CURRENT);
INSERT INTO phase_dependency (dependency_phase_id, dependent_phase_id, dependency_start, dependent_start, lag_time, create_user, create_date, modify_user, modify_date) VALUES (200001, 200002, 0, 1, 0, 132456, CURRENT, 132456, CURRENT);
INSERT INTO phase_dependency (dependency_phase_id, dependent_phase_id, dependency_start, dependent_start, lag_time, create_user, create_date, modify_user, modify_date) VALUES (200002, 200003, 0, 1, 0, 132456, CURRENT, 132456, CURRENT);
INSERT INTO phase_dependency (dependency_phase_id, dependent_phase_id, dependency_start, dependent_start, lag_time, create_user, create_date, modify_user, modify_date) VALUES (200003, 200004, 1, 1, 0, 132456, CURRENT, 132456, CURRENT);
INSERT INTO phase_dependency (dependency_phase_id, dependent_phase_id, dependency_start, dependent_start, lag_time, create_user, create_date, modify_user, modify_date) VALUES (200004, 200005, 0, 1, 0, 132456, CURRENT, 132456, CURRENT);
INSERT INTO phase_dependency (dependency_phase_id, dependent_phase_id, dependency_start, dependent_start, lag_time, create_user, create_date, modify_user, modify_date) VALUES (200005, 200006, 0, 1, 0, 132456, CURRENT, 132456, CURRENT);
INSERT INTO phase_dependency (dependency_phase_id, dependent_phase_id, dependency_start, dependent_start, lag_time, create_user, create_date, modify_user, modify_date) VALUES (200006, 200007, 0, 1, 0, 132456, CURRENT, 132456, CURRENT);
INSERT INTO phase_dependency (dependency_phase_id, dependent_phase_id, dependency_start, dependent_start, lag_time, create_user, create_date, modify_user, modify_date) VALUES (200007, 200008, 0, 1, 0, 132456, CURRENT, 132456, CURRENT);
INSERT INTO phase_dependency (dependency_phase_id, dependent_phase_id, dependency_start, dependent_start, lag_time, create_user, create_date, modify_user, modify_date) VALUES (200008, 200009, 0, 1, 0, 132456, CURRENT, 132456, CURRENT);
INSERT INTO phase_dependency (dependency_phase_id, dependent_phase_id, dependency_start, dependent_start, lag_time, create_user, create_date, modify_user, modify_date) VALUES (200009, 200010, 0, 1, 0, 132456, CURRENT, 132456, CURRENT);
INSERT INTO phase_dependency (dependency_phase_id, dependent_phase_id, dependency_start, dependent_start, lag_time, create_user, create_date, modify_user, modify_date) VALUES (200010, 200011, 0, 1, 0, 132456, CURRENT, 132456, CURRENT);
INSERT INTO phase_dependency (dependency_phase_id, dependent_phase_id, dependency_start, dependent_start, lag_time, create_user, create_date, modify_user, modify_date) VALUES (200011, 200012, 0, 1, 0, 132456, CURRENT, 132456, CURRENT);
INSERT INTO phase_criteria (project_phase_id, phase_criteria_type_id, parameter, create_user, create_date, modify_user, modify_date) VALUES (200002, 6, '1', 132456, CURRENT, 132456, CURRENT);
INSERT INTO phase_criteria (project_phase_id, phase_criteria_type_id, parameter, create_user, create_date, modify_user, modify_date) VALUES (200002, 1, '30000722', 132456, CURRENT, 132456, CURRENT);
INSERT INTO phase_criteria (project_phase_id, phase_criteria_type_id, parameter, create_user, create_date, modify_user, modify_date) VALUES (200003, 2, '0', 132456, CURRENT, 132456, CURRENT);
INSERT INTO phase_criteria (project_phase_id, phase_criteria_type_id, parameter, create_user, create_date, modify_user, modify_date) VALUES (200003, 5, 'No', 132456, CURRENT, 132456, CURRENT);
INSERT INTO phase_criteria (project_phase_id, phase_criteria_type_id, parameter, create_user, create_date, modify_user, modify_date) VALUES (200004, 3, '0', 132456, CURRENT, 132456, CURRENT);
INSERT INTO phase_criteria (project_phase_id, phase_criteria_type_id, parameter, create_user, create_date, modify_user, modify_date) VALUES (200004, 5, 'Yes', 132456, CURRENT, 132456, CURRENT);
INSERT INTO phase_criteria (project_phase_id, phase_criteria_type_id, parameter, create_user, create_date, modify_user, modify_date) VALUES (200005, 1, '30000410', 132456, CURRENT, 132456, CURRENT);
INSERT INTO phase_criteria (project_phase_id, phase_criteria_type_id, parameter, create_user, create_date, modify_user, modify_date) VALUES (200005, 5, 'No', 132456, CURRENT, 132456, CURRENT);
INSERT INTO phase_criteria (project_phase_id, phase_criteria_type_id, parameter, create_user, create_date, modify_user, modify_date) VALUES (200006, 6, '3', 132456, CURRENT, 132456, CURRENT);
INSERT INTO phase_criteria (project_phase_id, phase_criteria_type_id, parameter, create_user, create_date, modify_user, modify_date) VALUES (200006, 1, '30000411', 132456, CURRENT, 132456, CURRENT);
INSERT INTO phase_criteria (project_phase_id, phase_criteria_type_id, parameter, create_user, create_date, modify_user, modify_date) VALUES (200006, 5, 'No', 132456, CURRENT, 132456, CURRENT);
INSERT INTO phase_criteria (project_phase_id, phase_criteria_type_id, parameter, create_user, create_date, modify_user, modify_date) VALUES (200007, 4, 'No', 132456, CURRENT, 132456, CURRENT);
INSERT INTO phase_criteria (project_phase_id, phase_criteria_type_id, parameter, create_user, create_date, modify_user, modify_date) VALUES (200007, 5, 'No', 132456, CURRENT, 132456, CURRENT);
INSERT INTO phase_criteria (project_phase_id, phase_criteria_type_id, parameter, create_user, create_date, modify_user, modify_date) VALUES (200008, 5, 'No', 132456, CURRENT, 132456, CURRENT);
INSERT INTO phase_criteria (project_phase_id, phase_criteria_type_id, parameter, create_user, create_date, modify_user, modify_date) VALUES (200009, 5, 'No', 132456, CURRENT, 132456, CURRENT);
INSERT INTO phase_criteria (project_phase_id, phase_criteria_type_id, parameter, create_user, create_date, modify_user, modify_date) VALUES (200010, 5, 'No', 132456, CURRENT, 132456, CURRENT);
INSERT INTO phase_criteria (project_phase_id, phase_criteria_type_id, parameter, create_user, create_date, modify_user, modify_date) VALUES (200011, 5, 'No', 132456, CURRENT, 132456, CURRENT);
INSERT INTO phase_criteria (project_phase_id, phase_criteria_type_id, parameter, create_user, create_date, modify_user, modify_date) VALUES (200012, 6, '1', 132456, CURRENT, 132456, CURRENT);
INSERT INTO phase_criteria (project_phase_id, phase_criteria_type_id, parameter, create_user, create_date, modify_user, modify_date) VALUES (200012, 1, '30000720', 132456, CURRENT, 132456, CURRENT);
INSERT INTO review_auction (review_auction_id, project_id, review_auction_type_id) VALUES (210001, 200001, 3);
INSERT INTO review_auction (review_auction_id, project_id, review_auction_type_id) VALUES (200001, 200001, 1);
INSERT INTO project (project_id, project_status_id, project_category_id, create_user, create_date, modify_user, modify_date, tc_direct_project_id, project_studio_spec_id) VALUES (200002, 7, 2, 132456, CURRENT, 132456, CURRENT, 200001, NULL);
INSERT INTO project_phase (project_phase_id, project_id, phase_type_id, phase_status_id, fixed_start_time, scheduled_start_time, scheduled_end_time, actual_start_time, actual_end_time, duration, create_user, create_date, modify_user, modify_date) VALUES (200013, 200002, 13, 3, CURRENT + -8760 UNITS MINUTE, CURRENT + -8760 UNITS MINUTE, CURRENT + -5880 UNITS MINUTE, CURRENT + -8760 UNITS MINUTE, CURRENT + -5880 UNITS MINUTE, 172800000, 132456, CURRENT, 132456, CURRENT);
INSERT INTO project_phase (project_phase_id, project_id, phase_type_id, phase_status_id, fixed_start_time, scheduled_start_time, scheduled_end_time, actual_start_time, actual_end_time, duration, create_user, create_date, modify_user, modify_date) VALUES (200014, 200002, 14, 3, null, CURRENT + -5880 UNITS MINUTE, CURRENT + -5760 UNITS MINUTE, CURRENT + -5880 UNITS MINUTE, CURRENT + -5760 UNITS MINUTE, 7200000, 132456, CURRENT, 132456, CURRENT);
INSERT INTO project_phase (project_phase_id, project_id, phase_type_id, phase_status_id, fixed_start_time, scheduled_start_time, scheduled_end_time, actual_start_time, actual_end_time, duration, create_user, create_date, modify_user, modify_date) VALUES (200015, 200002, 1, 3, CURRENT + -5760 UNITS MINUTE, CURRENT + -5760 UNITS MINUTE, CURRENT + -2880 UNITS MINUTE, CURRENT + -5760 UNITS MINUTE, CURRENT + -2880 UNITS MINUTE, 172800000, 132456, CURRENT, 132456, CURRENT);
INSERT INTO project_phase (project_phase_id, project_id, phase_type_id, phase_status_id, fixed_start_time, scheduled_start_time, scheduled_end_time, actual_start_time, actual_end_time, duration, create_user, create_date, modify_user, modify_date) VALUES (200016, 200002, 2, 3, null, CURRENT + -5760 UNITS MINUTE, CURRENT + 0 UNITS MINUTE, CURRENT + -5760 UNITS MINUTE, CURRENT + 0 UNITS MINUTE, 345600000, 132456, CURRENT, 132456, CURRENT);
INSERT INTO project_phase (project_phase_id, project_id, phase_type_id, phase_status_id, fixed_start_time, scheduled_start_time, scheduled_end_time, actual_start_time, actual_end_time, duration, create_user, create_date, modify_user, modify_date) VALUES (200017, 200002, 3, 3, null, CURRENT + 0 UNITS MINUTE, CURRENT + 720 UNITS MINUTE, CURRENT + 0 UNITS MINUTE, CURRENT + 720 UNITS MINUTE, 43200000, 132456, CURRENT, 132456, CURRENT);
INSERT INTO project_phase (project_phase_id, project_id, phase_type_id, phase_status_id, fixed_start_time, scheduled_start_time, scheduled_end_time, actual_start_time, actual_end_time, duration, create_user, create_date, modify_user, modify_date) VALUES (200018, 200002, 4, 3, null, CURRENT + 720 UNITS MINUTE, CURRENT + 3600 UNITS MINUTE, CURRENT + 720 UNITS MINUTE, CURRENT + 3600 UNITS MINUTE, 172800000, 132456, CURRENT, 132456, CURRENT);
INSERT INTO project_phase (project_phase_id, project_id, phase_type_id, phase_status_id, fixed_start_time, scheduled_start_time, scheduled_end_time, actual_start_time, actual_end_time, duration, create_user, create_date, modify_user, modify_date) VALUES (200019, 200002, 5, 3, null, CURRENT + 3600 UNITS MINUTE, CURRENT + 5040 UNITS MINUTE, CURRENT + 3600 UNITS MINUTE, CURRENT + 5040 UNITS MINUTE, 86400000, 132456, CURRENT, 132456, CURRENT);
INSERT INTO project_phase (project_phase_id, project_id, phase_type_id, phase_status_id, fixed_start_time, scheduled_start_time, scheduled_end_time, actual_start_time, actual_end_time, duration, create_user, create_date, modify_user, modify_date) VALUES (200020, 200002, 6, 3, null, CURRENT + 5040 UNITS MINUTE, CURRENT + 5760 UNITS MINUTE, CURRENT + 5040 UNITS MINUTE, CURRENT + 5760 UNITS MINUTE, 43200000, 132456, CURRENT, 132456, CURRENT);
INSERT INTO project_phase (project_phase_id, project_id, phase_type_id, phase_status_id, fixed_start_time, scheduled_start_time, scheduled_end_time, actual_start_time, actual_end_time, duration, create_user, create_date, modify_user, modify_date) VALUES (200021, 200002, 7, 3, null, CURRENT + 5760 UNITS MINUTE, CURRENT + 6480 UNITS MINUTE, CURRENT + 5760 UNITS MINUTE, CURRENT + 6480 UNITS MINUTE, 43200000, 132456, CURRENT, 132456, CURRENT);
INSERT INTO project_phase (project_phase_id, project_id, phase_type_id, phase_status_id, fixed_start_time, scheduled_start_time, scheduled_end_time, actual_start_time, actual_end_time, duration, create_user, create_date, modify_user, modify_date) VALUES (200022, 200002, 9, 3, null, CURRENT + 6480 UNITS MINUTE, CURRENT + 7920 UNITS MINUTE, CURRENT + 6480 UNITS MINUTE, CURRENT + 7920 UNITS MINUTE, 86400000, 132456, CURRENT, 132456, CURRENT);
INSERT INTO project_phase (project_phase_id, project_id, phase_type_id, phase_status_id, fixed_start_time, scheduled_start_time, scheduled_end_time, actual_start_time, actual_end_time, duration, create_user, create_date, modify_user, modify_date) VALUES (200023, 200002, 10, 3, null, CURRENT + 7920 UNITS MINUTE, CURRENT + 8640 UNITS MINUTE, CURRENT + 7920 UNITS MINUTE, CURRENT + 8640 UNITS MINUTE, 43200000, 132456, CURRENT, 132456, CURRENT);
INSERT INTO project_phase (project_phase_id, project_id, phase_type_id, phase_status_id, fixed_start_time, scheduled_start_time, scheduled_end_time, actual_start_time, actual_end_time, duration, create_user, create_date, modify_user, modify_date) VALUES (200024, 200002, 11, 3, null, CURRENT + 8640 UNITS MINUTE, CURRENT + 15840 UNITS MINUTE, CURRENT + 8640 UNITS MINUTE, CURRENT + 15840 UNITS MINUTE, 432000000, 132456, CURRENT, 132456, CURRENT);
INSERT INTO phase_dependency (dependency_phase_id, dependent_phase_id, dependency_start, dependent_start, lag_time, create_user, create_date, modify_user, modify_date) VALUES (200013, 200014, 0, 1, 0, 132456, CURRENT, 132456, CURRENT);
INSERT INTO phase_dependency (dependency_phase_id, dependent_phase_id, dependency_start, dependent_start, lag_time, create_user, create_date, modify_user, modify_date) VALUES (200014, 200015, 0, 1, 0, 132456, CURRENT, 132456, CURRENT);
INSERT INTO phase_dependency (dependency_phase_id, dependent_phase_id, dependency_start, dependent_start, lag_time, create_user, create_date, modify_user, modify_date) VALUES (200015, 200016, 1, 1, 0, 132456, CURRENT, 132456, CURRENT);
INSERT INTO phase_dependency (dependency_phase_id, dependent_phase_id, dependency_start, dependent_start, lag_time, create_user, create_date, modify_user, modify_date) VALUES (200016, 200017, 0, 1, 0, 132456, CURRENT, 132456, CURRENT);
INSERT INTO phase_dependency (dependency_phase_id, dependent_phase_id, dependency_start, dependent_start, lag_time, create_user, create_date, modify_user, modify_date) VALUES (200017, 200018, 0, 1, 0, 132456, CURRENT, 132456, CURRENT);
INSERT INTO phase_dependency (dependency_phase_id, dependent_phase_id, dependency_start, dependent_start, lag_time, create_user, create_date, modify_user, modify_date) VALUES (200018, 200019, 0, 1, 0, 132456, CURRENT, 132456, CURRENT);
INSERT INTO phase_dependency (dependency_phase_id, dependent_phase_id, dependency_start, dependent_start, lag_time, create_user, create_date, modify_user, modify_date) VALUES (200019, 200020, 0, 1, 0, 132456, CURRENT, 132456, CURRENT);
INSERT INTO phase_dependency (dependency_phase_id, dependent_phase_id, dependency_start, dependent_start, lag_time, create_user, create_date, modify_user, modify_date) VALUES (200020, 200021, 0, 1, 0, 132456, CURRENT, 132456, CURRENT);
INSERT INTO phase_dependency (dependency_phase_id, dependent_phase_id, dependency_start, dependent_start, lag_time, create_user, create_date, modify_user, modify_date) VALUES (200021, 200022, 0, 1, 0, 132456, CURRENT, 132456, CURRENT);
INSERT INTO phase_dependency (dependency_phase_id, dependent_phase_id, dependency_start, dependent_start, lag_time, create_user, create_date, modify_user, modify_date) VALUES (200022, 200023, 0, 1, 0, 132456, CURRENT, 132456, CURRENT);
INSERT INTO phase_dependency (dependency_phase_id, dependent_phase_id, dependency_start, dependent_start, lag_time, create_user, create_date, modify_user, modify_date) VALUES (200023, 200024, 0, 1, 0, 132456, CURRENT, 132456, CURRENT);
INSERT INTO phase_criteria (project_phase_id, phase_criteria_type_id, parameter, create_user, create_date, modify_user, modify_date) VALUES (200014, 6, '1', 132456, CURRENT, 132456, CURRENT);
INSERT INTO phase_criteria (project_phase_id, phase_criteria_type_id, parameter, create_user, create_date, modify_user, modify_date) VALUES (200014, 1, '30000722', 132456, CURRENT, 132456, CURRENT);
INSERT INTO phase_criteria (project_phase_id, phase_criteria_type_id, parameter, create_user, create_date, modify_user, modify_date) VALUES (200015, 2, '0', 132456, CURRENT, 132456, CURRENT);
INSERT INTO phase_criteria (project_phase_id, phase_criteria_type_id, parameter, create_user, create_date, modify_user, modify_date) VALUES (200015, 5, 'No', 132456, CURRENT, 132456, CURRENT);
INSERT INTO phase_criteria (project_phase_id, phase_criteria_type_id, parameter, create_user, create_date, modify_user, modify_date) VALUES (200016, 3, '0', 132456, CURRENT, 132456, CURRENT);
INSERT INTO phase_criteria (project_phase_id, phase_criteria_type_id, parameter, create_user, create_date, modify_user, modify_date) VALUES (200016, 5, 'Yes', 132456, CURRENT, 132456, CURRENT);
INSERT INTO phase_criteria (project_phase_id, phase_criteria_type_id, parameter, create_user, create_date, modify_user, modify_date) VALUES (200017, 1, '30000412', 132456, CURRENT, 132456, CURRENT);
INSERT INTO phase_criteria (project_phase_id, phase_criteria_type_id, parameter, create_user, create_date, modify_user, modify_date) VALUES (200017, 5, 'No', 132456, CURRENT, 132456, CURRENT);
INSERT INTO phase_criteria (project_phase_id, phase_criteria_type_id, parameter, create_user, create_date, modify_user, modify_date) VALUES (200018, 6, '3', 132456, CURRENT, 132456, CURRENT);
INSERT INTO phase_criteria (project_phase_id, phase_criteria_type_id, parameter, create_user, create_date, modify_user, modify_date) VALUES (200018, 1, '30000413', 132456, CURRENT, 132456, CURRENT);
INSERT INTO phase_criteria (project_phase_id, phase_criteria_type_id, parameter, create_user, create_date, modify_user, modify_date) VALUES (200018, 5, 'No', 132456, CURRENT, 132456, CURRENT);
INSERT INTO phase_criteria (project_phase_id, phase_criteria_type_id, parameter, create_user, create_date, modify_user, modify_date) VALUES (200019, 4, 'No', 132456, CURRENT, 132456, CURRENT);
INSERT INTO phase_criteria (project_phase_id, phase_criteria_type_id, parameter, create_user, create_date, modify_user, modify_date) VALUES (200019, 5, 'No', 132456, CURRENT, 132456, CURRENT);
INSERT INTO phase_criteria (project_phase_id, phase_criteria_type_id, parameter, create_user, create_date, modify_user, modify_date) VALUES (200020, 5, 'No', 132456, CURRENT, 132456, CURRENT);
INSERT INTO phase_criteria (project_phase_id, phase_criteria_type_id, parameter, create_user, create_date, modify_user, modify_date) VALUES (200021, 5, 'No', 132456, CURRENT, 132456, CURRENT);
INSERT INTO phase_criteria (project_phase_id, phase_criteria_type_id, parameter, create_user, create_date, modify_user, modify_date) VALUES (200022, 5, 'No', 132456, CURRENT, 132456, CURRENT);
INSERT INTO phase_criteria (project_phase_id, phase_criteria_type_id, parameter, create_user, create_date, modify_user, modify_date) VALUES (200023, 5, 'No', 132456, CURRENT, 132456, CURRENT);
INSERT INTO phase_criteria (project_phase_id, phase_criteria_type_id, parameter, create_user, create_date, modify_user, modify_date) VALUES (200024, 6, '1', 132456, CURRENT, 132456, CURRENT);
INSERT INTO phase_criteria (project_phase_id, phase_criteria_type_id, parameter, create_user, create_date, modify_user, modify_date) VALUES (200024, 1, '30000720', 132456, CURRENT, 132456, CURRENT);
INSERT INTO review_auction (review_auction_id, project_id, review_auction_type_id) VALUES (210002, 200002, 3);
INSERT INTO review_auction (review_auction_id, project_id, review_auction_type_id) VALUES (200002, 200002, 2);
INSERT INTO project (project_id, project_status_id, project_category_id, create_user, create_date, modify_user, modify_date, tc_direct_project_id, project_studio_spec_id) VALUES (200003, 7, 14, 132456, CURRENT, 132456, CURRENT, 200001, NULL);
INSERT INTO project_phase (project_phase_id, project_id, phase_type_id, phase_status_id, fixed_start_time, scheduled_start_time, scheduled_end_time, actual_start_time, actual_end_time, duration, create_user, create_date, modify_user, modify_date) VALUES (200025, 200003, 13, 3, CURRENT + -9480 UNITS MINUTE, CURRENT + -9480 UNITS MINUTE, CURRENT + -6600 UNITS MINUTE, CURRENT + -9480 UNITS MINUTE, CURRENT + -6600 UNITS MINUTE, 172800000, 132456, CURRENT, 132456, CURRENT);
INSERT INTO project_phase (project_phase_id, project_id, phase_type_id, phase_status_id, fixed_start_time, scheduled_start_time, scheduled_end_time, actual_start_time, actual_end_time, duration, create_user, create_date, modify_user, modify_date) VALUES (200026, 200003, 14, 3, null, CURRENT + -6600 UNITS MINUTE, CURRENT + -6480 UNITS MINUTE, CURRENT + -6600 UNITS MINUTE, CURRENT + -6480 UNITS MINUTE, 7200000, 132456, CURRENT, 132456, CURRENT);
INSERT INTO project_phase (project_phase_id, project_id, phase_type_id, phase_status_id, fixed_start_time, scheduled_start_time, scheduled_end_time, actual_start_time, actual_end_time, duration, create_user, create_date, modify_user, modify_date) VALUES (200027, 200003, 1, 3, CURRENT + -6480 UNITS MINUTE, CURRENT + -6480 UNITS MINUTE, CURRENT + -3600 UNITS MINUTE, CURRENT + -6480 UNITS MINUTE, CURRENT + -3600 UNITS MINUTE, 172800000, 132456, CURRENT, 132456, CURRENT);
INSERT INTO project_phase (project_phase_id, project_id, phase_type_id, phase_status_id, fixed_start_time, scheduled_start_time, scheduled_end_time, actual_start_time, actual_end_time, duration, create_user, create_date, modify_user, modify_date) VALUES (200028, 200003, 2, 3, null, CURRENT + -6480 UNITS MINUTE, CURRENT + 720 UNITS MINUTE, CURRENT + -6480 UNITS MINUTE, CURRENT + 720 UNITS MINUTE, 432000000, 132456, CURRENT, 132456, CURRENT);
INSERT INTO project_phase (project_phase_id, project_id, phase_type_id, phase_status_id, fixed_start_time, scheduled_start_time, scheduled_end_time, actual_start_time, actual_end_time, duration, create_user, create_date, modify_user, modify_date) VALUES (200029, 200003, 3, 3, null, CURRENT + 720 UNITS MINUTE, CURRENT + 1440 UNITS MINUTE, CURRENT + 720 UNITS MINUTE, CURRENT + 1440 UNITS MINUTE, 43200000, 132456, CURRENT, 132456, CURRENT);
INSERT INTO project_phase (project_phase_id, project_id, phase_type_id, phase_status_id, fixed_start_time, scheduled_start_time, scheduled_end_time, actual_start_time, actual_end_time, duration, create_user, create_date, modify_user, modify_date) VALUES (200030, 200003, 4, 3, null, CURRENT + 1440 UNITS MINUTE, CURRENT + 4320 UNITS MINUTE, CURRENT + 1440 UNITS MINUTE, CURRENT + 4320 UNITS MINUTE, 172800000, 132456, CURRENT, 132456, CURRENT);
INSERT INTO project_phase (project_phase_id, project_id, phase_type_id, phase_status_id, fixed_start_time, scheduled_start_time, scheduled_end_time, actual_start_time, actual_end_time, duration, create_user, create_date, modify_user, modify_date) VALUES (200031, 200003, 5, 3, null, CURRENT + 4320 UNITS MINUTE, CURRENT + 5760 UNITS MINUTE, CURRENT + 4320 UNITS MINUTE, CURRENT + 5760 UNITS MINUTE, 86400000, 132456, CURRENT, 132456, CURRENT);
INSERT INTO project_phase (project_phase_id, project_id, phase_type_id, phase_status_id, fixed_start_time, scheduled_start_time, scheduled_end_time, actual_start_time, actual_end_time, duration, create_user, create_date, modify_user, modify_date) VALUES (200032, 200003, 6, 3, null, CURRENT + 5760 UNITS MINUTE, CURRENT + 6480 UNITS MINUTE, CURRENT + 5760 UNITS MINUTE, CURRENT + 6480 UNITS MINUTE, 43200000, 132456, CURRENT, 132456, CURRENT);
INSERT INTO project_phase (project_phase_id, project_id, phase_type_id, phase_status_id, fixed_start_time, scheduled_start_time, scheduled_end_time, actual_start_time, actual_end_time, duration, create_user, create_date, modify_user, modify_date) VALUES (200033, 200003, 7, 3, null, CURRENT + 6480 UNITS MINUTE, CURRENT + 7200 UNITS MINUTE, CURRENT + 6480 UNITS MINUTE, CURRENT + 7200 UNITS MINUTE, 43200000, 132456, CURRENT, 132456, CURRENT);
INSERT INTO project_phase (project_phase_id, project_id, phase_type_id, phase_status_id, fixed_start_time, scheduled_start_time, scheduled_end_time, actual_start_time, actual_end_time, duration, create_user, create_date, modify_user, modify_date) VALUES (200034, 200003, 9, 3, null, CURRENT + 7200 UNITS MINUTE, CURRENT + 8640 UNITS MINUTE, CURRENT + 7200 UNITS MINUTE, CURRENT + 8640 UNITS MINUTE, 86400000, 132456, CURRENT, 132456, CURRENT);
INSERT INTO project_phase (project_phase_id, project_id, phase_type_id, phase_status_id, fixed_start_time, scheduled_start_time, scheduled_end_time, actual_start_time, actual_end_time, duration, create_user, create_date, modify_user, modify_date) VALUES (200035, 200003, 10, 3, null, CURRENT + 8640 UNITS MINUTE, CURRENT + 9360 UNITS MINUTE, CURRENT + 8640 UNITS MINUTE, CURRENT + 9360 UNITS MINUTE, 43200000, 132456, CURRENT, 132456, CURRENT);
INSERT INTO project_phase (project_phase_id, project_id, phase_type_id, phase_status_id, fixed_start_time, scheduled_start_time, scheduled_end_time, actual_start_time, actual_end_time, duration, create_user, create_date, modify_user, modify_date) VALUES (200036, 200003, 11, 3, null, CURRENT + 9360 UNITS MINUTE, CURRENT + 16560 UNITS MINUTE, CURRENT + 9360 UNITS MINUTE, CURRENT + 16560 UNITS MINUTE, 432000000, 132456, CURRENT, 132456, CURRENT);
INSERT INTO phase_dependency (dependency_phase_id, dependent_phase_id, dependency_start, dependent_start, lag_time, create_user, create_date, modify_user, modify_date) VALUES (200025, 200026, 0, 1, 0, 132456, CURRENT, 132456, CURRENT);
INSERT INTO phase_dependency (dependency_phase_id, dependent_phase_id, dependency_start, dependent_start, lag_time, create_user, create_date, modify_user, modify_date) VALUES (200026, 200027, 0, 1, 0, 132456, CURRENT, 132456, CURRENT);
INSERT INTO phase_dependency (dependency_phase_id, dependent_phase_id, dependency_start, dependent_start, lag_time, create_user, create_date, modify_user, modify_date) VALUES (200027, 200028, 1, 1, 0, 132456, CURRENT, 132456, CURRENT);
INSERT INTO phase_dependency (dependency_phase_id, dependent_phase_id, dependency_start, dependent_start, lag_time, create_user, create_date, modify_user, modify_date) VALUES (200028, 200029, 0, 1, 0, 132456, CURRENT, 132456, CURRENT);
INSERT INTO phase_dependency (dependency_phase_id, dependent_phase_id, dependency_start, dependent_start, lag_time, create_user, create_date, modify_user, modify_date) VALUES (200029, 200030, 0, 1, 0, 132456, CURRENT, 132456, CURRENT);
INSERT INTO phase_dependency (dependency_phase_id, dependent_phase_id, dependency_start, dependent_start, lag_time, create_user, create_date, modify_user, modify_date) VALUES (200030, 200031, 0, 1, 0, 132456, CURRENT, 132456, CURRENT);
INSERT INTO phase_dependency (dependency_phase_id, dependent_phase_id, dependency_start, dependent_start, lag_time, create_user, create_date, modify_user, modify_date) VALUES (200031, 200032, 0, 1, 0, 132456, CURRENT, 132456, CURRENT);
INSERT INTO phase_dependency (dependency_phase_id, dependent_phase_id, dependency_start, dependent_start, lag_time, create_user, create_date, modify_user, modify_date) VALUES (200032, 200033, 0, 1, 0, 132456, CURRENT, 132456, CURRENT);
INSERT INTO phase_dependency (dependency_phase_id, dependent_phase_id, dependency_start, dependent_start, lag_time, create_user, create_date, modify_user, modify_date) VALUES (200033, 200034, 0, 1, 0, 132456, CURRENT, 132456, CURRENT);
INSERT INTO phase_dependency (dependency_phase_id, dependent_phase_id, dependency_start, dependent_start, lag_time, create_user, create_date, modify_user, modify_date) VALUES (200034, 200035, 0, 1, 0, 132456, CURRENT, 132456, CURRENT);
INSERT INTO phase_dependency (dependency_phase_id, dependent_phase_id, dependency_start, dependent_start, lag_time, create_user, create_date, modify_user, modify_date) VALUES (200035, 200036, 0, 1, 0, 132456, CURRENT, 132456, CURRENT);
INSERT INTO phase_criteria (project_phase_id, phase_criteria_type_id, parameter, create_user, create_date, modify_user, modify_date) VALUES (200026, 6, '1', 132456, CURRENT, 132456, CURRENT);
INSERT INTO phase_criteria (project_phase_id, phase_criteria_type_id, parameter, create_user, create_date, modify_user, modify_date) VALUES (200026, 1, '30000722', 132456, CURRENT, 132456, CURRENT);
INSERT INTO phase_criteria (project_phase_id, phase_criteria_type_id, parameter, create_user, create_date, modify_user, modify_date) VALUES (200027, 2, '0', 132456, CURRENT, 132456, CURRENT);
INSERT INTO phase_criteria (project_phase_id, phase_criteria_type_id, parameter, create_user, create_date, modify_user, modify_date) VALUES (200027, 5, 'No', 132456, CURRENT, 132456, CURRENT);
INSERT INTO phase_criteria (project_phase_id, phase_criteria_type_id, parameter, create_user, create_date, modify_user, modify_date) VALUES (200028, 3, '0', 132456, CURRENT, 132456, CURRENT);
INSERT INTO phase_criteria (project_phase_id, phase_criteria_type_id, parameter, create_user, create_date, modify_user, modify_date) VALUES (200028, 5, 'Yes', 132456, CURRENT, 132456, CURRENT);
INSERT INTO phase_criteria (project_phase_id, phase_criteria_type_id, parameter, create_user, create_date, modify_user, modify_date) VALUES (200029, 1, '30000410', 132456, CURRENT, 132456, CURRENT);
INSERT INTO phase_criteria (project_phase_id, phase_criteria_type_id, parameter, create_user, create_date, modify_user, modify_date) VALUES (200029, 5, 'No', 132456, CURRENT, 132456, CURRENT);
INSERT INTO phase_criteria (project_phase_id, phase_criteria_type_id, parameter, create_user, create_date, modify_user, modify_date) VALUES (200030, 6, '3', 132456, CURRENT, 132456, CURRENT);
INSERT INTO phase_criteria (project_phase_id, phase_criteria_type_id, parameter, create_user, create_date, modify_user, modify_date) VALUES (200030, 1, '30000411', 132456, CURRENT, 132456, CURRENT);
INSERT INTO phase_criteria (project_phase_id, phase_criteria_type_id, parameter, create_user, create_date, modify_user, modify_date) VALUES (200030, 5, 'No', 132456, CURRENT, 132456, CURRENT);
INSERT INTO phase_criteria (project_phase_id, phase_criteria_type_id, parameter, create_user, create_date, modify_user, modify_date) VALUES (200031, 4, 'No', 132456, CURRENT, 132456, CURRENT);
INSERT INTO phase_criteria (project_phase_id, phase_criteria_type_id, parameter, create_user, create_date, modify_user, modify_date) VALUES (200031, 5, 'No', 132456, CURRENT, 132456, CURRENT);
INSERT INTO phase_criteria (project_phase_id, phase_criteria_type_id, parameter, create_user, create_date, modify_user, modify_date) VALUES (200032, 5, 'No', 132456, CURRENT, 132456, CURRENT);
INSERT INTO phase_criteria (project_phase_id, phase_criteria_type_id, parameter, create_user, create_date, modify_user, modify_date) VALUES (200033, 5, 'No', 132456, CURRENT, 132456, CURRENT);
INSERT INTO phase_criteria (project_phase_id, phase_criteria_type_id, parameter, create_user, create_date, modify_user, modify_date) VALUES (200034, 5, 'No', 132456, CURRENT, 132456, CURRENT);
INSERT INTO phase_criteria (project_phase_id, phase_criteria_type_id, parameter, create_user, create_date, modify_user, modify_date) VALUES (200035, 5, 'No', 132456, CURRENT, 132456, CURRENT);
INSERT INTO phase_criteria (project_phase_id, phase_criteria_type_id, parameter, create_user, create_date, modify_user, modify_date) VALUES (200036, 6, '1', 132456, CURRENT, 132456, CURRENT);
INSERT INTO phase_criteria (project_phase_id, phase_criteria_type_id, parameter, create_user, create_date, modify_user, modify_date) VALUES (200036, 1, '30000720', 132456, CURRENT, 132456, CURRENT);
INSERT INTO review_auction (review_auction_id, project_id, review_auction_type_id) VALUES (210003, 200003, 3);
INSERT INTO review_auction (review_auction_id, project_id, review_auction_type_id) VALUES (200003, 200003, 1);
INSERT INTO project (project_id, project_status_id, project_category_id, create_user, create_date, modify_user, modify_date, tc_direct_project_id, project_studio_spec_id) VALUES (200004, 7, 2, 132456, CURRENT, 132456, CURRENT, 200001, NULL);
INSERT INTO project_phase (project_phase_id, project_id, phase_type_id, phase_status_id, fixed_start_time, scheduled_start_time, scheduled_end_time, actual_start_time, actual_end_time, duration, create_user, create_date, modify_user, modify_date) VALUES (200037, 200004, 13, 3, CURRENT + -8760 UNITS MINUTE, CURRENT + -8760 UNITS MINUTE, CURRENT + -5880 UNITS MINUTE, CURRENT + -8760 UNITS MINUTE, CURRENT + -5880 UNITS MINUTE, 172800000, 132456, CURRENT, 132456, CURRENT);
INSERT INTO project_phase (project_phase_id, project_id, phase_type_id, phase_status_id, fixed_start_time, scheduled_start_time, scheduled_end_time, actual_start_time, actual_end_time, duration, create_user, create_date, modify_user, modify_date) VALUES (200038, 200004, 14, 3, null, CURRENT + -5880 UNITS MINUTE, CURRENT + -5760 UNITS MINUTE, CURRENT + -5880 UNITS MINUTE, CURRENT + -5760 UNITS MINUTE, 7200000, 132456, CURRENT, 132456, CURRENT);
INSERT INTO project_phase (project_phase_id, project_id, phase_type_id, phase_status_id, fixed_start_time, scheduled_start_time, scheduled_end_time, actual_start_time, actual_end_time, duration, create_user, create_date, modify_user, modify_date) VALUES (200039, 200004, 1, 3, CURRENT + -5760 UNITS MINUTE, CURRENT + -5760 UNITS MINUTE, CURRENT + -2880 UNITS MINUTE, CURRENT + -5760 UNITS MINUTE, CURRENT + -2880 UNITS MINUTE, 172800000, 132456, CURRENT, 132456, CURRENT);
INSERT INTO project_phase (project_phase_id, project_id, phase_type_id, phase_status_id, fixed_start_time, scheduled_start_time, scheduled_end_time, actual_start_time, actual_end_time, duration, create_user, create_date, modify_user, modify_date) VALUES (200040, 200004, 2, 3, null, CURRENT + -5760 UNITS MINUTE, CURRENT + 0 UNITS MINUTE, CURRENT + -5760 UNITS MINUTE, CURRENT + 0 UNITS MINUTE, 345600000, 132456, CURRENT, 132456, CURRENT);
INSERT INTO project_phase (project_phase_id, project_id, phase_type_id, phase_status_id, fixed_start_time, scheduled_start_time, scheduled_end_time, actual_start_time, actual_end_time, duration, create_user, create_date, modify_user, modify_date) VALUES (200041, 200004, 3, 3, null, CURRENT + 0 UNITS MINUTE, CURRENT + 720 UNITS MINUTE, CURRENT + 0 UNITS MINUTE, CURRENT + 720 UNITS MINUTE, 43200000, 132456, CURRENT, 132456, CURRENT);
INSERT INTO project_phase (project_phase_id, project_id, phase_type_id, phase_status_id, fixed_start_time, scheduled_start_time, scheduled_end_time, actual_start_time, actual_end_time, duration, create_user, create_date, modify_user, modify_date) VALUES (200042, 200004, 4, 3, null, CURRENT + 720 UNITS MINUTE, CURRENT + 3600 UNITS MINUTE, CURRENT + 720 UNITS MINUTE, CURRENT + 3600 UNITS MINUTE, 172800000, 132456, CURRENT, 132456, CURRENT);
INSERT INTO project_phase (project_phase_id, project_id, phase_type_id, phase_status_id, fixed_start_time, scheduled_start_time, scheduled_end_time, actual_start_time, actual_end_time, duration, create_user, create_date, modify_user, modify_date) VALUES (200043, 200004, 5, 3, null, CURRENT + 3600 UNITS MINUTE, CURRENT + 5040 UNITS MINUTE, CURRENT + 3600 UNITS MINUTE, CURRENT + 5040 UNITS MINUTE, 86400000, 132456, CURRENT, 132456, CURRENT);
INSERT INTO project_phase (project_phase_id, project_id, phase_type_id, phase_status_id, fixed_start_time, scheduled_start_time, scheduled_end_time, actual_start_time, actual_end_time, duration, create_user, create_date, modify_user, modify_date) VALUES (200044, 200004, 6, 3, null, CURRENT + 5040 UNITS MINUTE, CURRENT + 5760 UNITS MINUTE, CURRENT + 5040 UNITS MINUTE, CURRENT + 5760 UNITS MINUTE, 43200000, 132456, CURRENT, 132456, CURRENT);
INSERT INTO project_phase (project_phase_id, project_id, phase_type_id, phase_status_id, fixed_start_time, scheduled_start_time, scheduled_end_time, actual_start_time, actual_end_time, duration, create_user, create_date, modify_user, modify_date) VALUES (200045, 200004, 7, 3, null, CURRENT + 5760 UNITS MINUTE, CURRENT + 6480 UNITS MINUTE, CURRENT + 5760 UNITS MINUTE, CURRENT + 6480 UNITS MINUTE, 43200000, 132456, CURRENT, 132456, CURRENT);
INSERT INTO project_phase (project_phase_id, project_id, phase_type_id, phase_status_id, fixed_start_time, scheduled_start_time, scheduled_end_time, actual_start_time, actual_end_time, duration, create_user, create_date, modify_user, modify_date) VALUES (200046, 200004, 9, 3, null, CURRENT + 6480 UNITS MINUTE, CURRENT + 7920 UNITS MINUTE, CURRENT + 6480 UNITS MINUTE, CURRENT + 7920 UNITS MINUTE, 86400000, 132456, CURRENT, 132456, CURRENT);
INSERT INTO project_phase (project_phase_id, project_id, phase_type_id, phase_status_id, fixed_start_time, scheduled_start_time, scheduled_end_time, actual_start_time, actual_end_time, duration, create_user, create_date, modify_user, modify_date) VALUES (200047, 200004, 10, 3, null, CURRENT + 7920 UNITS MINUTE, CURRENT + 8640 UNITS MINUTE, CURRENT + 7920 UNITS MINUTE, CURRENT + 8640 UNITS MINUTE, 43200000, 132456, CURRENT, 132456, CURRENT);
INSERT INTO project_phase (project_phase_id, project_id, phase_type_id, phase_status_id, fixed_start_time, scheduled_start_time, scheduled_end_time, actual_start_time, actual_end_time, duration, create_user, create_date, modify_user, modify_date) VALUES (200048, 200004, 11, 3, null, CURRENT + 8640 UNITS MINUTE, CURRENT + 15840 UNITS MINUTE, CURRENT + 8640 UNITS MINUTE, CURRENT + 15840 UNITS MINUTE, 432000000, 132456, CURRENT, 132456, CURRENT);
INSERT INTO phase_dependency (dependency_phase_id, dependent_phase_id, dependency_start, dependent_start, lag_time, create_user, create_date, modify_user, modify_date) VALUES (200037, 200038, 0, 1, 0, 132456, CURRENT, 132456, CURRENT);
INSERT INTO phase_dependency (dependency_phase_id, dependent_phase_id, dependency_start, dependent_start, lag_time, create_user, create_date, modify_user, modify_date) VALUES (200038, 200039, 0, 1, 0, 132456, CURRENT, 132456, CURRENT);
INSERT INTO phase_dependency (dependency_phase_id, dependent_phase_id, dependency_start, dependent_start, lag_time, create_user, create_date, modify_user, modify_date) VALUES (200039, 200040, 1, 1, 0, 132456, CURRENT, 132456, CURRENT);
INSERT INTO phase_dependency (dependency_phase_id, dependent_phase_id, dependency_start, dependent_start, lag_time, create_user, create_date, modify_user, modify_date) VALUES (200040, 200041, 0, 1, 0, 132456, CURRENT, 132456, CURRENT);
INSERT INTO phase_dependency (dependency_phase_id, dependent_phase_id, dependency_start, dependent_start, lag_time, create_user, create_date, modify_user, modify_date) VALUES (200041, 200042, 0, 1, 0, 132456, CURRENT, 132456, CURRENT);
INSERT INTO phase_dependency (dependency_phase_id, dependent_phase_id, dependency_start, dependent_start, lag_time, create_user, create_date, modify_user, modify_date) VALUES (200042, 200043, 0, 1, 0, 132456, CURRENT, 132456, CURRENT);
INSERT INTO phase_dependency (dependency_phase_id, dependent_phase_id, dependency_start, dependent_start, lag_time, create_user, create_date, modify_user, modify_date) VALUES (200043, 200044, 0, 1, 0, 132456, CURRENT, 132456, CURRENT);
INSERT INTO phase_dependency (dependency_phase_id, dependent_phase_id, dependency_start, dependent_start, lag_time, create_user, create_date, modify_user, modify_date) VALUES (200044, 200045, 0, 1, 0, 132456, CURRENT, 132456, CURRENT);
INSERT INTO phase_dependency (dependency_phase_id, dependent_phase_id, dependency_start, dependent_start, lag_time, create_user, create_date, modify_user, modify_date) VALUES (200045, 200046, 0, 1, 0, 132456, CURRENT, 132456, CURRENT);
INSERT INTO phase_dependency (dependency_phase_id, dependent_phase_id, dependency_start, dependent_start, lag_time, create_user, create_date, modify_user, modify_date) VALUES (200046, 200047, 0, 1, 0, 132456, CURRENT, 132456, CURRENT);
INSERT INTO phase_dependency (dependency_phase_id, dependent_phase_id, dependency_start, dependent_start, lag_time, create_user, create_date, modify_user, modify_date) VALUES (200047, 200048, 0, 1, 0, 132456, CURRENT, 132456, CURRENT);
INSERT INTO phase_criteria (project_phase_id, phase_criteria_type_id, parameter, create_user, create_date, modify_user, modify_date) VALUES (200038, 6, '1', 132456, CURRENT, 132456, CURRENT);
INSERT INTO phase_criteria (project_phase_id, phase_criteria_type_id, parameter, create_user, create_date, modify_user, modify_date) VALUES (200038, 1, '30000722', 132456, CURRENT, 132456, CURRENT);
INSERT INTO phase_criteria (project_phase_id, phase_criteria_type_id, parameter, create_user, create_date, modify_user, modify_date) VALUES (200039, 2, '0', 132456, CURRENT, 132456, CURRENT);
INSERT INTO phase_criteria (project_phase_id, phase_criteria_type_id, parameter, create_user, create_date, modify_user, modify_date) VALUES (200039, 5, 'No', 132456, CURRENT, 132456, CURRENT);
INSERT INTO phase_criteria (project_phase_id, phase_criteria_type_id, parameter, create_user, create_date, modify_user, modify_date) VALUES (200040, 3, '0', 132456, CURRENT, 132456, CURRENT);
INSERT INTO phase_criteria (project_phase_id, phase_criteria_type_id, parameter, create_user, create_date, modify_user, modify_date) VALUES (200040, 5, 'Yes', 132456, CURRENT, 132456, CURRENT);
INSERT INTO phase_criteria (project_phase_id, phase_criteria_type_id, parameter, create_user, create_date, modify_user, modify_date) VALUES (200041, 1, '30000412', 132456, CURRENT, 132456, CURRENT);
INSERT INTO phase_criteria (project_phase_id, phase_criteria_type_id, parameter, create_user, create_date, modify_user, modify_date) VALUES (200041, 5, 'No', 132456, CURRENT, 132456, CURRENT);
INSERT INTO phase_criteria (project_phase_id, phase_criteria_type_id, parameter, create_user, create_date, modify_user, modify_date) VALUES (200042, 6, '3', 132456, CURRENT, 132456, CURRENT);
INSERT INTO phase_criteria (project_phase_id, phase_criteria_type_id, parameter, create_user, create_date, modify_user, modify_date) VALUES (200042, 1, '30000413', 132456, CURRENT, 132456, CURRENT);
INSERT INTO phase_criteria (project_phase_id, phase_criteria_type_id, parameter, create_user, create_date, modify_user, modify_date) VALUES (200042, 5, 'No', 132456, CURRENT, 132456, CURRENT);
INSERT INTO phase_criteria (project_phase_id, phase_criteria_type_id, parameter, create_user, create_date, modify_user, modify_date) VALUES (200043, 4, 'No', 132456, CURRENT, 132456, CURRENT);
INSERT INTO phase_criteria (project_phase_id, phase_criteria_type_id, parameter, create_user, create_date, modify_user, modify_date) VALUES (200043, 5, 'No', 132456, CURRENT, 132456, CURRENT);
INSERT INTO phase_criteria (project_phase_id, phase_criteria_type_id, parameter, create_user, create_date, modify_user, modify_date) VALUES (200044, 5, 'No', 132456, CURRENT, 132456, CURRENT);
INSERT INTO phase_criteria (project_phase_id, phase_criteria_type_id, parameter, create_user, create_date, modify_user, modify_date) VALUES (200045, 5, 'No', 132456, CURRENT, 132456, CURRENT);
INSERT INTO phase_criteria (project_phase_id, phase_criteria_type_id, parameter, create_user, create_date, modify_user, modify_date) VALUES (200046, 5, 'No', 132456, CURRENT, 132456, CURRENT);
INSERT INTO phase_criteria (project_phase_id, phase_criteria_type_id, parameter, create_user, create_date, modify_user, modify_date) VALUES (200047, 5, 'No', 132456, CURRENT, 132456, CURRENT);
INSERT INTO phase_criteria (project_phase_id, phase_criteria_type_id, parameter, create_user, create_date, modify_user, modify_date) VALUES (200048, 6, '1', 132456, CURRENT, 132456, CURRENT);
INSERT INTO phase_criteria (project_phase_id, phase_criteria_type_id, parameter, create_user, create_date, modify_user, modify_date) VALUES (200048, 1, '30000720', 132456, CURRENT, 132456, CURRENT);
INSERT INTO review_auction (review_auction_id, project_id, review_auction_type_id) VALUES (210004, 200004, 3);
INSERT INTO review_auction (review_auction_id, project_id, review_auction_type_id) VALUES (200004, 200004, 2);
INSERT INTO project (project_id, project_status_id, project_category_id, create_user, create_date, modify_user, modify_date, tc_direct_project_id, project_studio_spec_id) VALUES (200005, 7, 2, 132456, CURRENT, 132456, CURRENT, 200001, NULL);
INSERT INTO project_phase (project_phase_id, project_id, phase_type_id, phase_status_id, fixed_start_time, scheduled_start_time, scheduled_end_time, actual_start_time, actual_end_time, duration, create_user, create_date, modify_user, modify_date) VALUES (200049, 200005, 13, 3, CURRENT + -8760 UNITS MINUTE, CURRENT + -8760 UNITS MINUTE, CURRENT + -5880 UNITS MINUTE, CURRENT + -8760 UNITS MINUTE, CURRENT + -5880 UNITS MINUTE, 172800000, 132456, CURRENT, 132456, CURRENT);
INSERT INTO project_phase (project_phase_id, project_id, phase_type_id, phase_status_id, fixed_start_time, scheduled_start_time, scheduled_end_time, actual_start_time, actual_end_time, duration, create_user, create_date, modify_user, modify_date) VALUES (200050, 200005, 14, 3, null, CURRENT + -5880 UNITS MINUTE, CURRENT + -5760 UNITS MINUTE, CURRENT + -5880 UNITS MINUTE, CURRENT + -5760 UNITS MINUTE, 7200000, 132456, CURRENT, 132456, CURRENT);
INSERT INTO project_phase (project_phase_id, project_id, phase_type_id, phase_status_id, fixed_start_time, scheduled_start_time, scheduled_end_time, actual_start_time, actual_end_time, duration, create_user, create_date, modify_user, modify_date) VALUES (200051, 200005, 1, 3, CURRENT + -5760 UNITS MINUTE, CURRENT + -5760 UNITS MINUTE, CURRENT + -2880 UNITS MINUTE, CURRENT + -5760 UNITS MINUTE, CURRENT + -2880 UNITS MINUTE, 172800000, 132456, CURRENT, 132456, CURRENT);
INSERT INTO project_phase (project_phase_id, project_id, phase_type_id, phase_status_id, fixed_start_time, scheduled_start_time, scheduled_end_time, actual_start_time, actual_end_time, duration, create_user, create_date, modify_user, modify_date) VALUES (200052, 200005, 2, 3, null, CURRENT + -5760 UNITS MINUTE, CURRENT + 0 UNITS MINUTE, CURRENT + -5760 UNITS MINUTE, CURRENT + 0 UNITS MINUTE, 345600000, 132456, CURRENT, 132456, CURRENT);
INSERT INTO project_phase (project_phase_id, project_id, phase_type_id, phase_status_id, fixed_start_time, scheduled_start_time, scheduled_end_time, actual_start_time, actual_end_time, duration, create_user, create_date, modify_user, modify_date) VALUES (200053, 200005, 3, 3, null, CURRENT + 0 UNITS MINUTE, CURRENT + 720 UNITS MINUTE, CURRENT + 0 UNITS MINUTE, CURRENT + 720 UNITS MINUTE, 43200000, 132456, CURRENT, 132456, CURRENT);
INSERT INTO project_phase (project_phase_id, project_id, phase_type_id, phase_status_id, fixed_start_time, scheduled_start_time, scheduled_end_time, actual_start_time, actual_end_time, duration, create_user, create_date, modify_user, modify_date) VALUES (200054, 200005, 4, 3, null, CURRENT + 720 UNITS MINUTE, CURRENT + 3600 UNITS MINUTE, CURRENT + 720 UNITS MINUTE, CURRENT + 3600 UNITS MINUTE, 172800000, 132456, CURRENT, 132456, CURRENT);
INSERT INTO project_phase (project_phase_id, project_id, phase_type_id, phase_status_id, fixed_start_time, scheduled_start_time, scheduled_end_time, actual_start_time, actual_end_time, duration, create_user, create_date, modify_user, modify_date) VALUES (200055, 200005, 5, 3, null, CURRENT + 3600 UNITS MINUTE, CURRENT + 5040 UNITS MINUTE, CURRENT + 3600 UNITS MINUTE, CURRENT + 5040 UNITS MINUTE, 86400000, 132456, CURRENT, 132456, CURRENT);
INSERT INTO project_phase (project_phase_id, project_id, phase_type_id, phase_status_id, fixed_start_time, scheduled_start_time, scheduled_end_time, actual_start_time, actual_end_time, duration, create_user, create_date, modify_user, modify_date) VALUES (200056, 200005, 6, 3, null, CURRENT + 5040 UNITS MINUTE, CURRENT + 5760 UNITS MINUTE, CURRENT + 5040 UNITS MINUTE, CURRENT + 5760 UNITS MINUTE, 43200000, 132456, CURRENT, 132456, CURRENT);
INSERT INTO project_phase (project_phase_id, project_id, phase_type_id, phase_status_id, fixed_start_time, scheduled_start_time, scheduled_end_time, actual_start_time, actual_end_time, duration, create_user, create_date, modify_user, modify_date) VALUES (200057, 200005, 7, 3, null, CURRENT + 5760 UNITS MINUTE, CURRENT + 6480 UNITS MINUTE, CURRENT + 5760 UNITS MINUTE, CURRENT + 6480 UNITS MINUTE, 43200000, 132456, CURRENT, 132456, CURRENT);
INSERT INTO project_phase (project_phase_id, project_id, phase_type_id, phase_status_id, fixed_start_time, scheduled_start_time, scheduled_end_time, actual_start_time, actual_end_time, duration, create_user, create_date, modify_user, modify_date) VALUES (200058, 200005, 9, 3, null, CURRENT + 6480 UNITS MINUTE, CURRENT + 7920 UNITS MINUTE, CURRENT + 6480 UNITS MINUTE, CURRENT + 7920 UNITS MINUTE, 86400000, 132456, CURRENT, 132456, CURRENT);
INSERT INTO project_phase (project_phase_id, project_id, phase_type_id, phase_status_id, fixed_start_time, scheduled_start_time, scheduled_end_time, actual_start_time, actual_end_time, duration, create_user, create_date, modify_user, modify_date) VALUES (200059, 200005, 10, 3, null, CURRENT + 7920 UNITS MINUTE, CURRENT + 8640 UNITS MINUTE, CURRENT + 7920 UNITS MINUTE, CURRENT + 8640 UNITS MINUTE, 43200000, 132456, CURRENT, 132456, CURRENT);
INSERT INTO project_phase (project_phase_id, project_id, phase_type_id, phase_status_id, fixed_start_time, scheduled_start_time, scheduled_end_time, actual_start_time, actual_end_time, duration, create_user, create_date, modify_user, modify_date) VALUES (200060, 200005, 11, 3, null, CURRENT + 8640 UNITS MINUTE, CURRENT + 15840 UNITS MINUTE, CURRENT + 8640 UNITS MINUTE, CURRENT + 15840 UNITS MINUTE, 432000000, 132456, CURRENT, 132456, CURRENT);
INSERT INTO phase_dependency (dependency_phase_id, dependent_phase_id, dependency_start, dependent_start, lag_time, create_user, create_date, modify_user, modify_date) VALUES (200049, 200050, 0, 1, 0, 132456, CURRENT, 132456, CURRENT);
INSERT INTO phase_dependency (dependency_phase_id, dependent_phase_id, dependency_start, dependent_start, lag_time, create_user, create_date, modify_user, modify_date) VALUES (200050, 200051, 0, 1, 0, 132456, CURRENT, 132456, CURRENT);
INSERT INTO phase_dependency (dependency_phase_id, dependent_phase_id, dependency_start, dependent_start, lag_time, create_user, create_date, modify_user, modify_date) VALUES (200051, 200052, 1, 1, 0, 132456, CURRENT, 132456, CURRENT);
INSERT INTO phase_dependency (dependency_phase_id, dependent_phase_id, dependency_start, dependent_start, lag_time, create_user, create_date, modify_user, modify_date) VALUES (200052, 200053, 0, 1, 0, 132456, CURRENT, 132456, CURRENT);
INSERT INTO phase_dependency (dependency_phase_id, dependent_phase_id, dependency_start, dependent_start, lag_time, create_user, create_date, modify_user, modify_date) VALUES (200053, 200054, 0, 1, 0, 132456, CURRENT, 132456, CURRENT);
INSERT INTO phase_dependency (dependency_phase_id, dependent_phase_id, dependency_start, dependent_start, lag_time, create_user, create_date, modify_user, modify_date) VALUES (200054, 200055, 0, 1, 0, 132456, CURRENT, 132456, CURRENT);
INSERT INTO phase_dependency (dependency_phase_id, dependent_phase_id, dependency_start, dependent_start, lag_time, create_user, create_date, modify_user, modify_date) VALUES (200055, 200056, 0, 1, 0, 132456, CURRENT, 132456, CURRENT);
INSERT INTO phase_dependency (dependency_phase_id, dependent_phase_id, dependency_start, dependent_start, lag_time, create_user, create_date, modify_user, modify_date) VALUES (200056, 200057, 0, 1, 0, 132456, CURRENT, 132456, CURRENT);
INSERT INTO phase_dependency (dependency_phase_id, dependent_phase_id, dependency_start, dependent_start, lag_time, create_user, create_date, modify_user, modify_date) VALUES (200057, 200058, 0, 1, 0, 132456, CURRENT, 132456, CURRENT);
INSERT INTO phase_dependency (dependency_phase_id, dependent_phase_id, dependency_start, dependent_start, lag_time, create_user, create_date, modify_user, modify_date) VALUES (200058, 200059, 0, 1, 0, 132456, CURRENT, 132456, CURRENT);
INSERT INTO phase_dependency (dependency_phase_id, dependent_phase_id, dependency_start, dependent_start, lag_time, create_user, create_date, modify_user, modify_date) VALUES (200059, 200060, 0, 1, 0, 132456, CURRENT, 132456, CURRENT);
INSERT INTO phase_criteria (project_phase_id, phase_criteria_type_id, parameter, create_user, create_date, modify_user, modify_date) VALUES (200050, 6, '1', 132456, CURRENT, 132456, CURRENT);
INSERT INTO phase_criteria (project_phase_id, phase_criteria_type_id, parameter, create_user, create_date, modify_user, modify_date) VALUES (200050, 1, '30000722', 132456, CURRENT, 132456, CURRENT);
INSERT INTO phase_criteria (project_phase_id, phase_criteria_type_id, parameter, create_user, create_date, modify_user, modify_date) VALUES (200051, 2, '0', 132456, CURRENT, 132456, CURRENT);
INSERT INTO phase_criteria (project_phase_id, phase_criteria_type_id, parameter, create_user, create_date, modify_user, modify_date) VALUES (200051, 5, 'No', 132456, CURRENT, 132456, CURRENT);
INSERT INTO phase_criteria (project_phase_id, phase_criteria_type_id, parameter, create_user, create_date, modify_user, modify_date) VALUES (200052, 3, '0', 132456, CURRENT, 132456, CURRENT);
INSERT INTO phase_criteria (project_phase_id, phase_criteria_type_id, parameter, create_user, create_date, modify_user, modify_date) VALUES (200052, 5, 'Yes', 132456, CURRENT, 132456, CURRENT);
INSERT INTO phase_criteria (project_phase_id, phase_criteria_type_id, parameter, create_user, create_date, modify_user, modify_date) VALUES (200053, 1, '30000412', 132456, CURRENT, 132456, CURRENT);
INSERT INTO phase_criteria (project_phase_id, phase_criteria_type_id, parameter, create_user, create_date, modify_user, modify_date) VALUES (200053, 5, 'No', 132456, CURRENT, 132456, CURRENT);
INSERT INTO phase_criteria (project_phase_id, phase_criteria_type_id, parameter, create_user, create_date, modify_user, modify_date) VALUES (200054, 6, '3', 132456, CURRENT, 132456, CURRENT);
INSERT INTO phase_criteria (project_phase_id, phase_criteria_type_id, parameter, create_user, create_date, modify_user, modify_date) VALUES (200054, 1, '30000413', 132456, CURRENT, 132456, CURRENT);
INSERT INTO phase_criteria (project_phase_id, phase_criteria_type_id, parameter, create_user, create_date, modify_user, modify_date) VALUES (200054, 5, 'No', 132456, CURRENT, 132456, CURRENT);
INSERT INTO phase_criteria (project_phase_id, phase_criteria_type_id, parameter, create_user, create_date, modify_user, modify_date) VALUES (200055, 4, 'No', 132456, CURRENT, 132456, CURRENT);
INSERT INTO phase_criteria (project_phase_id, phase_criteria_type_id, parameter, create_user, create_date, modify_user, modify_date) VALUES (200055, 5, 'No', 132456, CURRENT, 132456, CURRENT);
INSERT INTO phase_criteria (project_phase_id, phase_criteria_type_id, parameter, create_user, create_date, modify_user, modify_date) VALUES (200056, 5, 'No', 132456, CURRENT, 132456, CURRENT);
INSERT INTO phase_criteria (project_phase_id, phase_criteria_type_id, parameter, create_user, create_date, modify_user, modify_date) VALUES (200057, 5, 'No', 132456, CURRENT, 132456, CURRENT);
INSERT INTO phase_criteria (project_phase_id, phase_criteria_type_id, parameter, create_user, create_date, modify_user, modify_date) VALUES (200058, 5, 'No', 132456, CURRENT, 132456, CURRENT);
INSERT INTO phase_criteria (project_phase_id, phase_criteria_type_id, parameter, create_user, create_date, modify_user, modify_date) VALUES (200059, 5, 'No', 132456, CURRENT, 132456, CURRENT);
INSERT INTO phase_criteria (project_phase_id, phase_criteria_type_id, parameter, create_user, create_date, modify_user, modify_date) VALUES (200060, 6, '1', 132456, CURRENT, 132456, CURRENT);
INSERT INTO phase_criteria (project_phase_id, phase_criteria_type_id, parameter, create_user, create_date, modify_user, modify_date) VALUES (200060, 1, '30000720', 132456, CURRENT, 132456, CURRENT);
INSERT INTO review_auction (review_auction_id, project_id, review_auction_type_id) VALUES (210005, 200005, 3);
INSERT INTO review_auction (review_auction_id, project_id, review_auction_type_id) VALUES (200005, 200005, 2);
INSERT INTO project (project_id, project_status_id, project_category_id, create_user, create_date, modify_user, modify_date, tc_direct_project_id, project_studio_spec_id) VALUES (200006, 7, 2, 132456, CURRENT, 132456, CURRENT, 200001, NULL);
INSERT INTO project_phase (project_phase_id, project_id, phase_type_id, phase_status_id, fixed_start_time, scheduled_start_time, scheduled_end_time, actual_start_time, actual_end_time, duration, create_user, create_date, modify_user, modify_date) VALUES (200061, 200006, 13, 3, CURRENT + -2940 UNITS MINUTE, CURRENT + -2940 UNITS MINUTE, CURRENT + -60 UNITS MINUTE, CURRENT + -2940 UNITS MINUTE, CURRENT + -60 UNITS MINUTE, 172800000, 132456, CURRENT, 132456, CURRENT);
INSERT INTO project_phase (project_phase_id, project_id, phase_type_id, phase_status_id, fixed_start_time, scheduled_start_time, scheduled_end_time, actual_start_time, actual_end_time, duration, create_user, create_date, modify_user, modify_date) VALUES (200062, 200006, 14, 3, null, CURRENT + -60 UNITS MINUTE, CURRENT + 60 UNITS MINUTE, CURRENT + -60 UNITS MINUTE, CURRENT + 60 UNITS MINUTE, 7200000, 132456, CURRENT, 132456, CURRENT);
INSERT INTO project_phase (project_phase_id, project_id, phase_type_id, phase_status_id, fixed_start_time, scheduled_start_time, scheduled_end_time, actual_start_time, actual_end_time, duration, create_user, create_date, modify_user, modify_date) VALUES (200063, 200006, 1, 3, CURRENT + 60 UNITS MINUTE, CURRENT + 60 UNITS MINUTE, CURRENT + 2940 UNITS MINUTE, CURRENT + 60 UNITS MINUTE, CURRENT + 2940 UNITS MINUTE, 172800000, 132456, CURRENT, 132456, CURRENT);
INSERT INTO project_phase (project_phase_id, project_id, phase_type_id, phase_status_id, fixed_start_time, scheduled_start_time, scheduled_end_time, actual_start_time, actual_end_time, duration, create_user, create_date, modify_user, modify_date) VALUES (200064, 200006, 2, 3, null, CURRENT + 60 UNITS MINUTE, CURRENT + 5820 UNITS MINUTE, CURRENT + 60 UNITS MINUTE, CURRENT + 5820 UNITS MINUTE, 345600000, 132456, CURRENT, 132456, CURRENT);
INSERT INTO project_phase (project_phase_id, project_id, phase_type_id, phase_status_id, fixed_start_time, scheduled_start_time, scheduled_end_time, actual_start_time, actual_end_time, duration, create_user, create_date, modify_user, modify_date) VALUES (200065, 200006, 3, 3, null, CURRENT + 5820 UNITS MINUTE, CURRENT + 6540 UNITS MINUTE, CURRENT + 5820 UNITS MINUTE, CURRENT + 6540 UNITS MINUTE, 43200000, 132456, CURRENT, 132456, CURRENT);
INSERT INTO project_phase (project_phase_id, project_id, phase_type_id, phase_status_id, fixed_start_time, scheduled_start_time, scheduled_end_time, actual_start_time, actual_end_time, duration, create_user, create_date, modify_user, modify_date) VALUES (200066, 200006, 4, 3, null, CURRENT + 6540 UNITS MINUTE, CURRENT + 9420 UNITS MINUTE, CURRENT + 6540 UNITS MINUTE, CURRENT + 9420 UNITS MINUTE, 172800000, 132456, CURRENT, 132456, CURRENT);
INSERT INTO project_phase (project_phase_id, project_id, phase_type_id, phase_status_id, fixed_start_time, scheduled_start_time, scheduled_end_time, actual_start_time, actual_end_time, duration, create_user, create_date, modify_user, modify_date) VALUES (200067, 200006, 5, 3, null, CURRENT + 9420 UNITS MINUTE, CURRENT + 10860 UNITS MINUTE, CURRENT + 9420 UNITS MINUTE, CURRENT + 10860 UNITS MINUTE, 86400000, 132456, CURRENT, 132456, CURRENT);
INSERT INTO project_phase (project_phase_id, project_id, phase_type_id, phase_status_id, fixed_start_time, scheduled_start_time, scheduled_end_time, actual_start_time, actual_end_time, duration, create_user, create_date, modify_user, modify_date) VALUES (200068, 200006, 6, 3, null, CURRENT + 10860 UNITS MINUTE, CURRENT + 11580 UNITS MINUTE, CURRENT + 10860 UNITS MINUTE, CURRENT + 11580 UNITS MINUTE, 43200000, 132456, CURRENT, 132456, CURRENT);
INSERT INTO project_phase (project_phase_id, project_id, phase_type_id, phase_status_id, fixed_start_time, scheduled_start_time, scheduled_end_time, actual_start_time, actual_end_time, duration, create_user, create_date, modify_user, modify_date) VALUES (200069, 200006, 7, 3, null, CURRENT + 11580 UNITS MINUTE, CURRENT + 12300 UNITS MINUTE, CURRENT + 11580 UNITS MINUTE, CURRENT + 12300 UNITS MINUTE, 43200000, 132456, CURRENT, 132456, CURRENT);
INSERT INTO project_phase (project_phase_id, project_id, phase_type_id, phase_status_id, fixed_start_time, scheduled_start_time, scheduled_end_time, actual_start_time, actual_end_time, duration, create_user, create_date, modify_user, modify_date) VALUES (200070, 200006, 9, 3, null, CURRENT + 12300 UNITS MINUTE, CURRENT + 13740 UNITS MINUTE, CURRENT + 12300 UNITS MINUTE, CURRENT + 13740 UNITS MINUTE, 86400000, 132456, CURRENT, 132456, CURRENT);
INSERT INTO project_phase (project_phase_id, project_id, phase_type_id, phase_status_id, fixed_start_time, scheduled_start_time, scheduled_end_time, actual_start_time, actual_end_time, duration, create_user, create_date, modify_user, modify_date) VALUES (200071, 200006, 10, 3, null, CURRENT + 13740 UNITS MINUTE, CURRENT + 14460 UNITS MINUTE, CURRENT + 13740 UNITS MINUTE, CURRENT + 14460 UNITS MINUTE, 43200000, 132456, CURRENT, 132456, CURRENT);
INSERT INTO project_phase (project_phase_id, project_id, phase_type_id, phase_status_id, fixed_start_time, scheduled_start_time, scheduled_end_time, actual_start_time, actual_end_time, duration, create_user, create_date, modify_user, modify_date) VALUES (200072, 200006, 11, 3, null, CURRENT + 14460 UNITS MINUTE, CURRENT + 21660 UNITS MINUTE, CURRENT + 14460 UNITS MINUTE, CURRENT + 21660 UNITS MINUTE, 432000000, 132456, CURRENT, 132456, CURRENT);
INSERT INTO phase_dependency (dependency_phase_id, dependent_phase_id, dependency_start, dependent_start, lag_time, create_user, create_date, modify_user, modify_date) VALUES (200061, 200062, 0, 1, 0, 132456, CURRENT, 132456, CURRENT);
INSERT INTO phase_dependency (dependency_phase_id, dependent_phase_id, dependency_start, dependent_start, lag_time, create_user, create_date, modify_user, modify_date) VALUES (200062, 200063, 0, 1, 0, 132456, CURRENT, 132456, CURRENT);
INSERT INTO phase_dependency (dependency_phase_id, dependent_phase_id, dependency_start, dependent_start, lag_time, create_user, create_date, modify_user, modify_date) VALUES (200063, 200064, 1, 1, 0, 132456, CURRENT, 132456, CURRENT);
INSERT INTO phase_dependency (dependency_phase_id, dependent_phase_id, dependency_start, dependent_start, lag_time, create_user, create_date, modify_user, modify_date) VALUES (200064, 200065, 0, 1, 0, 132456, CURRENT, 132456, CURRENT);
INSERT INTO phase_dependency (dependency_phase_id, dependent_phase_id, dependency_start, dependent_start, lag_time, create_user, create_date, modify_user, modify_date) VALUES (200065, 200066, 0, 1, 0, 132456, CURRENT, 132456, CURRENT);
INSERT INTO phase_dependency (dependency_phase_id, dependent_phase_id, dependency_start, dependent_start, lag_time, create_user, create_date, modify_user, modify_date) VALUES (200066, 200067, 0, 1, 0, 132456, CURRENT, 132456, CURRENT);
INSERT INTO phase_dependency (dependency_phase_id, dependent_phase_id, dependency_start, dependent_start, lag_time, create_user, create_date, modify_user, modify_date) VALUES (200067, 200068, 0, 1, 0, 132456, CURRENT, 132456, CURRENT);
INSERT INTO phase_dependency (dependency_phase_id, dependent_phase_id, dependency_start, dependent_start, lag_time, create_user, create_date, modify_user, modify_date) VALUES (200068, 200069, 0, 1, 0, 132456, CURRENT, 132456, CURRENT);
INSERT INTO phase_dependency (dependency_phase_id, dependent_phase_id, dependency_start, dependent_start, lag_time, create_user, create_date, modify_user, modify_date) VALUES (200069, 200070, 0, 1, 0, 132456, CURRENT, 132456, CURRENT);
INSERT INTO phase_dependency (dependency_phase_id, dependent_phase_id, dependency_start, dependent_start, lag_time, create_user, create_date, modify_user, modify_date) VALUES (200070, 200071, 0, 1, 0, 132456, CURRENT, 132456, CURRENT);
INSERT INTO phase_dependency (dependency_phase_id, dependent_phase_id, dependency_start, dependent_start, lag_time, create_user, create_date, modify_user, modify_date) VALUES (200071, 200072, 0, 1, 0, 132456, CURRENT, 132456, CURRENT);
INSERT INTO phase_criteria (project_phase_id, phase_criteria_type_id, parameter, create_user, create_date, modify_user, modify_date) VALUES (200062, 6, '1', 132456, CURRENT, 132456, CURRENT);
INSERT INTO phase_criteria (project_phase_id, phase_criteria_type_id, parameter, create_user, create_date, modify_user, modify_date) VALUES (200062, 1, '30000722', 132456, CURRENT, 132456, CURRENT);
INSERT INTO phase_criteria (project_phase_id, phase_criteria_type_id, parameter, create_user, create_date, modify_user, modify_date) VALUES (200063, 2, '0', 132456, CURRENT, 132456, CURRENT);
INSERT INTO phase_criteria (project_phase_id, phase_criteria_type_id, parameter, create_user, create_date, modify_user, modify_date) VALUES (200063, 5, 'No', 132456, CURRENT, 132456, CURRENT);
INSERT INTO phase_criteria (project_phase_id, phase_criteria_type_id, parameter, create_user, create_date, modify_user, modify_date) VALUES (200064, 3, '0', 132456, CURRENT, 132456, CURRENT);
INSERT INTO phase_criteria (project_phase_id, phase_criteria_type_id, parameter, create_user, create_date, modify_user, modify_date) VALUES (200064, 5, 'Yes', 132456, CURRENT, 132456, CURRENT);
INSERT INTO phase_criteria (project_phase_id, phase_criteria_type_id, parameter, create_user, create_date, modify_user, modify_date) VALUES (200065, 1, '30000412', 132456, CURRENT, 132456, CURRENT);
INSERT INTO phase_criteria (project_phase_id, phase_criteria_type_id, parameter, create_user, create_date, modify_user, modify_date) VALUES (200065, 5, 'No', 132456, CURRENT, 132456, CURRENT);
INSERT INTO phase_criteria (project_phase_id, phase_criteria_type_id, parameter, create_user, create_date, modify_user, modify_date) VALUES (200066, 6, '3', 132456, CURRENT, 132456, CURRENT);
INSERT INTO phase_criteria (project_phase_id, phase_criteria_type_id, parameter, create_user, create_date, modify_user, modify_date) VALUES (200066, 1, '30000413', 132456, CURRENT, 132456, CURRENT);
INSERT INTO phase_criteria (project_phase_id, phase_criteria_type_id, parameter, create_user, create_date, modify_user, modify_date) VALUES (200066, 5, 'No', 132456, CURRENT, 132456, CURRENT);
INSERT INTO phase_criteria (project_phase_id, phase_criteria_type_id, parameter, create_user, create_date, modify_user, modify_date) VALUES (200067, 4, 'No', 132456, CURRENT, 132456, CURRENT);
INSERT INTO phase_criteria (project_phase_id, phase_criteria_type_id, parameter, create_user, create_date, modify_user, modify_date) VALUES (200067, 5, 'No', 132456, CURRENT, 132456, CURRENT);
INSERT INTO phase_criteria (project_phase_id, phase_criteria_type_id, parameter, create_user, create_date, modify_user, modify_date) VALUES (200068, 5, 'No', 132456, CURRENT, 132456, CURRENT);
INSERT INTO phase_criteria (project_phase_id, phase_criteria_type_id, parameter, create_user, create_date, modify_user, modify_date) VALUES (200069, 5, 'No', 132456, CURRENT, 132456, CURRENT);
INSERT INTO phase_criteria (project_phase_id, phase_criteria_type_id, parameter, create_user, create_date, modify_user, modify_date) VALUES (200070, 5, 'No', 132456, CURRENT, 132456, CURRENT);
INSERT INTO phase_criteria (project_phase_id, phase_criteria_type_id, parameter, create_user, create_date, modify_user, modify_date) VALUES (200071, 5, 'No', 132456, CURRENT, 132456, CURRENT);
INSERT INTO phase_criteria (project_phase_id, phase_criteria_type_id, parameter, create_user, create_date, modify_user, modify_date) VALUES (200072, 6, '1', 132456, CURRENT, 132456, CURRENT);
INSERT INTO phase_criteria (project_phase_id, phase_criteria_type_id, parameter, create_user, create_date, modify_user, modify_date) VALUES (200072, 1, '30000720', 132456, CURRENT, 132456, CURRENT);
INSERT INTO review_auction (review_auction_id, project_id, review_auction_type_id) VALUES (210006, 200006, 3);
INSERT INTO review_auction (review_auction_id, project_id, review_auction_type_id) VALUES (200006, 200006, 2);
INSERT INTO project (project_id, project_status_id, project_category_id, create_user, create_date, modify_user, modify_date, tc_direct_project_id, project_studio_spec_id) VALUES (200007, 7, 14, 132456, CURRENT, 132456, CURRENT, 200001, NULL);
INSERT INTO project_phase (project_phase_id, project_id, phase_type_id, phase_status_id, fixed_start_time, scheduled_start_time, scheduled_end_time, actual_start_time, actual_end_time, duration, create_user, create_date, modify_user, modify_date) VALUES (200073, 200007, 13, 3, CURRENT + -2940 UNITS MINUTE, CURRENT + -2940 UNITS MINUTE, CURRENT + -60 UNITS MINUTE, CURRENT + -2940 UNITS MINUTE, CURRENT + -60 UNITS MINUTE, 172800000, 132456, CURRENT, 132456, CURRENT);
INSERT INTO project_phase (project_phase_id, project_id, phase_type_id, phase_status_id, fixed_start_time, scheduled_start_time, scheduled_end_time, actual_start_time, actual_end_time, duration, create_user, create_date, modify_user, modify_date) VALUES (200074, 200007, 14, 3, null, CURRENT + -60 UNITS MINUTE, CURRENT + 60 UNITS MINUTE, CURRENT + -60 UNITS MINUTE, CURRENT + 60 UNITS MINUTE, 7200000, 132456, CURRENT, 132456, CURRENT);
INSERT INTO project_phase (project_phase_id, project_id, phase_type_id, phase_status_id, fixed_start_time, scheduled_start_time, scheduled_end_time, actual_start_time, actual_end_time, duration, create_user, create_date, modify_user, modify_date) VALUES (200075, 200007, 1, 3, CURRENT + 60 UNITS MINUTE, CURRENT + 60 UNITS MINUTE, CURRENT + 2940 UNITS MINUTE, CURRENT + 60 UNITS MINUTE, CURRENT + 2940 UNITS MINUTE, 172800000, 132456, CURRENT, 132456, CURRENT);
INSERT INTO project_phase (project_phase_id, project_id, phase_type_id, phase_status_id, fixed_start_time, scheduled_start_time, scheduled_end_time, actual_start_time, actual_end_time, duration, create_user, create_date, modify_user, modify_date) VALUES (200076, 200007, 2, 3, null, CURRENT + 60 UNITS MINUTE, CURRENT + 7260 UNITS MINUTE, CURRENT + 60 UNITS MINUTE, CURRENT + 7260 UNITS MINUTE, 432000000, 132456, CURRENT, 132456, CURRENT);
INSERT INTO project_phase (project_phase_id, project_id, phase_type_id, phase_status_id, fixed_start_time, scheduled_start_time, scheduled_end_time, actual_start_time, actual_end_time, duration, create_user, create_date, modify_user, modify_date) VALUES (200077, 200007, 3, 3, null, CURRENT + 7260 UNITS MINUTE, CURRENT + 7980 UNITS MINUTE, CURRENT + 7260 UNITS MINUTE, CURRENT + 7980 UNITS MINUTE, 43200000, 132456, CURRENT, 132456, CURRENT);
INSERT INTO project_phase (project_phase_id, project_id, phase_type_id, phase_status_id, fixed_start_time, scheduled_start_time, scheduled_end_time, actual_start_time, actual_end_time, duration, create_user, create_date, modify_user, modify_date) VALUES (200078, 200007, 4, 3, null, CURRENT + 7980 UNITS MINUTE, CURRENT + 10860 UNITS MINUTE, CURRENT + 7980 UNITS MINUTE, CURRENT + 10860 UNITS MINUTE, 172800000, 132456, CURRENT, 132456, CURRENT);
INSERT INTO project_phase (project_phase_id, project_id, phase_type_id, phase_status_id, fixed_start_time, scheduled_start_time, scheduled_end_time, actual_start_time, actual_end_time, duration, create_user, create_date, modify_user, modify_date) VALUES (200079, 200007, 5, 3, null, CURRENT + 10860 UNITS MINUTE, CURRENT + 12300 UNITS MINUTE, CURRENT + 10860 UNITS MINUTE, CURRENT + 12300 UNITS MINUTE, 86400000, 132456, CURRENT, 132456, CURRENT);
INSERT INTO project_phase (project_phase_id, project_id, phase_type_id, phase_status_id, fixed_start_time, scheduled_start_time, scheduled_end_time, actual_start_time, actual_end_time, duration, create_user, create_date, modify_user, modify_date) VALUES (200080, 200007, 6, 3, null, CURRENT + 12300 UNITS MINUTE, CURRENT + 13020 UNITS MINUTE, CURRENT + 12300 UNITS MINUTE, CURRENT + 13020 UNITS MINUTE, 43200000, 132456, CURRENT, 132456, CURRENT);
INSERT INTO project_phase (project_phase_id, project_id, phase_type_id, phase_status_id, fixed_start_time, scheduled_start_time, scheduled_end_time, actual_start_time, actual_end_time, duration, create_user, create_date, modify_user, modify_date) VALUES (200081, 200007, 7, 3, null, CURRENT + 13020 UNITS MINUTE, CURRENT + 13740 UNITS MINUTE, CURRENT + 13020 UNITS MINUTE, CURRENT + 13740 UNITS MINUTE, 43200000, 132456, CURRENT, 132456, CURRENT);
INSERT INTO project_phase (project_phase_id, project_id, phase_type_id, phase_status_id, fixed_start_time, scheduled_start_time, scheduled_end_time, actual_start_time, actual_end_time, duration, create_user, create_date, modify_user, modify_date) VALUES (200082, 200007, 9, 3, null, CURRENT + 13740 UNITS MINUTE, CURRENT + 15180 UNITS MINUTE, CURRENT + 13740 UNITS MINUTE, CURRENT + 15180 UNITS MINUTE, 86400000, 132456, CURRENT, 132456, CURRENT);
INSERT INTO project_phase (project_phase_id, project_id, phase_type_id, phase_status_id, fixed_start_time, scheduled_start_time, scheduled_end_time, actual_start_time, actual_end_time, duration, create_user, create_date, modify_user, modify_date) VALUES (200083, 200007, 10, 3, null, CURRENT + 15180 UNITS MINUTE, CURRENT + 15900 UNITS MINUTE, CURRENT + 15180 UNITS MINUTE, CURRENT + 15900 UNITS MINUTE, 43200000, 132456, CURRENT, 132456, CURRENT);
INSERT INTO project_phase (project_phase_id, project_id, phase_type_id, phase_status_id, fixed_start_time, scheduled_start_time, scheduled_end_time, actual_start_time, actual_end_time, duration, create_user, create_date, modify_user, modify_date) VALUES (200084, 200007, 11, 3, null, CURRENT + 15900 UNITS MINUTE, CURRENT + 23100 UNITS MINUTE, CURRENT + 15900 UNITS MINUTE, CURRENT + 23100 UNITS MINUTE, 432000000, 132456, CURRENT, 132456, CURRENT);
INSERT INTO phase_dependency (dependency_phase_id, dependent_phase_id, dependency_start, dependent_start, lag_time, create_user, create_date, modify_user, modify_date) VALUES (200073, 200074, 0, 1, 0, 132456, CURRENT, 132456, CURRENT);
INSERT INTO phase_dependency (dependency_phase_id, dependent_phase_id, dependency_start, dependent_start, lag_time, create_user, create_date, modify_user, modify_date) VALUES (200074, 200075, 0, 1, 0, 132456, CURRENT, 132456, CURRENT);
INSERT INTO phase_dependency (dependency_phase_id, dependent_phase_id, dependency_start, dependent_start, lag_time, create_user, create_date, modify_user, modify_date) VALUES (200075, 200076, 1, 1, 0, 132456, CURRENT, 132456, CURRENT);
INSERT INTO phase_dependency (dependency_phase_id, dependent_phase_id, dependency_start, dependent_start, lag_time, create_user, create_date, modify_user, modify_date) VALUES (200076, 200077, 0, 1, 0, 132456, CURRENT, 132456, CURRENT);
INSERT INTO phase_dependency (dependency_phase_id, dependent_phase_id, dependency_start, dependent_start, lag_time, create_user, create_date, modify_user, modify_date) VALUES (200077, 200078, 0, 1, 0, 132456, CURRENT, 132456, CURRENT);
INSERT INTO phase_dependency (dependency_phase_id, dependent_phase_id, dependency_start, dependent_start, lag_time, create_user, create_date, modify_user, modify_date) VALUES (200078, 200079, 0, 1, 0, 132456, CURRENT, 132456, CURRENT);
INSERT INTO phase_dependency (dependency_phase_id, dependent_phase_id, dependency_start, dependent_start, lag_time, create_user, create_date, modify_user, modify_date) VALUES (200079, 200080, 0, 1, 0, 132456, CURRENT, 132456, CURRENT);
INSERT INTO phase_dependency (dependency_phase_id, dependent_phase_id, dependency_start, dependent_start, lag_time, create_user, create_date, modify_user, modify_date) VALUES (200080, 200081, 0, 1, 0, 132456, CURRENT, 132456, CURRENT);
INSERT INTO phase_dependency (dependency_phase_id, dependent_phase_id, dependency_start, dependent_start, lag_time, create_user, create_date, modify_user, modify_date) VALUES (200081, 200082, 0, 1, 0, 132456, CURRENT, 132456, CURRENT);
INSERT INTO phase_dependency (dependency_phase_id, dependent_phase_id, dependency_start, dependent_start, lag_time, create_user, create_date, modify_user, modify_date) VALUES (200082, 200083, 0, 1, 0, 132456, CURRENT, 132456, CURRENT);
INSERT INTO phase_dependency (dependency_phase_id, dependent_phase_id, dependency_start, dependent_start, lag_time, create_user, create_date, modify_user, modify_date) VALUES (200083, 200084, 0, 1, 0, 132456, CURRENT, 132456, CURRENT);
INSERT INTO phase_criteria (project_phase_id, phase_criteria_type_id, parameter, create_user, create_date, modify_user, modify_date) VALUES (200074, 6, '1', 132456, CURRENT, 132456, CURRENT);
INSERT INTO phase_criteria (project_phase_id, phase_criteria_type_id, parameter, create_user, create_date, modify_user, modify_date) VALUES (200074, 1, '30000722', 132456, CURRENT, 132456, CURRENT);
INSERT INTO phase_criteria (project_phase_id, phase_criteria_type_id, parameter, create_user, create_date, modify_user, modify_date) VALUES (200075, 2, '0', 132456, CURRENT, 132456, CURRENT);
INSERT INTO phase_criteria (project_phase_id, phase_criteria_type_id, parameter, create_user, create_date, modify_user, modify_date) VALUES (200075, 5, 'No', 132456, CURRENT, 132456, CURRENT);
INSERT INTO phase_criteria (project_phase_id, phase_criteria_type_id, parameter, create_user, create_date, modify_user, modify_date) VALUES (200076, 3, '0', 132456, CURRENT, 132456, CURRENT);
INSERT INTO phase_criteria (project_phase_id, phase_criteria_type_id, parameter, create_user, create_date, modify_user, modify_date) VALUES (200076, 5, 'Yes', 132456, CURRENT, 132456, CURRENT);
INSERT INTO phase_criteria (project_phase_id, phase_criteria_type_id, parameter, create_user, create_date, modify_user, modify_date) VALUES (200077, 1, '30000410', 132456, CURRENT, 132456, CURRENT);
INSERT INTO phase_criteria (project_phase_id, phase_criteria_type_id, parameter, create_user, create_date, modify_user, modify_date) VALUES (200077, 5, 'No', 132456, CURRENT, 132456, CURRENT);
INSERT INTO phase_criteria (project_phase_id, phase_criteria_type_id, parameter, create_user, create_date, modify_user, modify_date) VALUES (200078, 6, '3', 132456, CURRENT, 132456, CURRENT);
INSERT INTO phase_criteria (project_phase_id, phase_criteria_type_id, parameter, create_user, create_date, modify_user, modify_date) VALUES (200078, 1, '30000411', 132456, CURRENT, 132456, CURRENT);
INSERT INTO phase_criteria (project_phase_id, phase_criteria_type_id, parameter, create_user, create_date, modify_user, modify_date) VALUES (200078, 5, 'No', 132456, CURRENT, 132456, CURRENT);
INSERT INTO phase_criteria (project_phase_id, phase_criteria_type_id, parameter, create_user, create_date, modify_user, modify_date) VALUES (200079, 4, 'No', 132456, CURRENT, 132456, CURRENT);
INSERT INTO phase_criteria (project_phase_id, phase_criteria_type_id, parameter, create_user, create_date, modify_user, modify_date) VALUES (200079, 5, 'No', 132456, CURRENT, 132456, CURRENT);
INSERT INTO phase_criteria (project_phase_id, phase_criteria_type_id, parameter, create_user, create_date, modify_user, modify_date) VALUES (200080, 5, 'No', 132456, CURRENT, 132456, CURRENT);
INSERT INTO phase_criteria (project_phase_id, phase_criteria_type_id, parameter, create_user, create_date, modify_user, modify_date) VALUES (200081, 5, 'No', 132456, CURRENT, 132456, CURRENT);
INSERT INTO phase_criteria (project_phase_id, phase_criteria_type_id, parameter, create_user, create_date, modify_user, modify_date) VALUES (200082, 5, 'No', 132456, CURRENT, 132456, CURRENT);
INSERT INTO phase_criteria (project_phase_id, phase_criteria_type_id, parameter, create_user, create_date, modify_user, modify_date) VALUES (200083, 5, 'No', 132456, CURRENT, 132456, CURRENT);
INSERT INTO phase_criteria (project_phase_id, phase_criteria_type_id, parameter, create_user, create_date, modify_user, modify_date) VALUES (200084, 6, '1', 132456, CURRENT, 132456, CURRENT);
INSERT INTO phase_criteria (project_phase_id, phase_criteria_type_id, parameter, create_user, create_date, modify_user, modify_date) VALUES (200084, 1, '30000720', 132456, CURRENT, 132456, CURRENT);
INSERT INTO review_auction (review_auction_id, project_id, review_auction_type_id) VALUES (210007, 200007, 3);
INSERT INTO review_auction (review_auction_id, project_id, review_auction_type_id) VALUES (200007, 200007, 1);
INSERT INTO project (project_id, project_status_id, project_category_id, create_user, create_date, modify_user, modify_date, tc_direct_project_id, project_studio_spec_id) VALUES (200008, 7, 14, 132456, CURRENT, 132456, CURRENT, 200001, NULL);
INSERT INTO project_phase (project_phase_id, project_id, phase_type_id, phase_status_id, fixed_start_time, scheduled_start_time, scheduled_end_time, actual_start_time, actual_end_time, duration, create_user, create_date, modify_user, modify_date) VALUES (200085, 200008, 13, 3, CURRENT + -15240 UNITS MINUTE, CURRENT + -15240 UNITS MINUTE, CURRENT + -12360 UNITS MINUTE, CURRENT + -15240 UNITS MINUTE, CURRENT + -12360 UNITS MINUTE, 172800000, 132456, CURRENT, 132456, CURRENT);
INSERT INTO project_phase (project_phase_id, project_id, phase_type_id, phase_status_id, fixed_start_time, scheduled_start_time, scheduled_end_time, actual_start_time, actual_end_time, duration, create_user, create_date, modify_user, modify_date) VALUES (200086, 200008, 14, 3, null, CURRENT + -12360 UNITS MINUTE, CURRENT + -12240 UNITS MINUTE, CURRENT + -12360 UNITS MINUTE, CURRENT + -12240 UNITS MINUTE, 7200000, 132456, CURRENT, 132456, CURRENT);
INSERT INTO project_phase (project_phase_id, project_id, phase_type_id, phase_status_id, fixed_start_time, scheduled_start_time, scheduled_end_time, actual_start_time, actual_end_time, duration, create_user, create_date, modify_user, modify_date) VALUES (200087, 200008, 1, 3, CURRENT + -12240 UNITS MINUTE, CURRENT + -12240 UNITS MINUTE, CURRENT + -9360 UNITS MINUTE, CURRENT + -12240 UNITS MINUTE, CURRENT + -9360 UNITS MINUTE, 172800000, 132456, CURRENT, 132456, CURRENT);
INSERT INTO project_phase (project_phase_id, project_id, phase_type_id, phase_status_id, fixed_start_time, scheduled_start_time, scheduled_end_time, actual_start_time, actual_end_time, duration, create_user, create_date, modify_user, modify_date) VALUES (200088, 200008, 2, 3, null, CURRENT + -12240 UNITS MINUTE, CURRENT + -5040 UNITS MINUTE, CURRENT + -12240 UNITS MINUTE, CURRENT + -5040 UNITS MINUTE, 432000000, 132456, CURRENT, 132456, CURRENT);
INSERT INTO project_phase (project_phase_id, project_id, phase_type_id, phase_status_id, fixed_start_time, scheduled_start_time, scheduled_end_time, actual_start_time, actual_end_time, duration, create_user, create_date, modify_user, modify_date) VALUES (200089, 200008, 3, 3, null, CURRENT + -5040 UNITS MINUTE, CURRENT + -4320 UNITS MINUTE, CURRENT + -5040 UNITS MINUTE, CURRENT + -4320 UNITS MINUTE, 43200000, 132456, CURRENT, 132456, CURRENT);
INSERT INTO project_phase (project_phase_id, project_id, phase_type_id, phase_status_id, fixed_start_time, scheduled_start_time, scheduled_end_time, actual_start_time, actual_end_time, duration, create_user, create_date, modify_user, modify_date) VALUES (200090, 200008, 4, 3, null, CURRENT + -4320 UNITS MINUTE, CURRENT + -1440 UNITS MINUTE, CURRENT + -4320 UNITS MINUTE, CURRENT + -1440 UNITS MINUTE, 172800000, 132456, CURRENT, 132456, CURRENT);
INSERT INTO project_phase (project_phase_id, project_id, phase_type_id, phase_status_id, fixed_start_time, scheduled_start_time, scheduled_end_time, actual_start_time, actual_end_time, duration, create_user, create_date, modify_user, modify_date) VALUES (200091, 200008, 5, 3, null, CURRENT + -1440 UNITS MINUTE, CURRENT + 0 UNITS MINUTE, CURRENT + -1440 UNITS MINUTE, CURRENT + 0 UNITS MINUTE, 86400000, 132456, CURRENT, 132456, CURRENT);
INSERT INTO project_phase (project_phase_id, project_id, phase_type_id, phase_status_id, fixed_start_time, scheduled_start_time, scheduled_end_time, actual_start_time, actual_end_time, duration, create_user, create_date, modify_user, modify_date) VALUES (200092, 200008, 6, 3, null, CURRENT + 0 UNITS MINUTE, CURRENT + 720 UNITS MINUTE, CURRENT + 0 UNITS MINUTE, CURRENT + 720 UNITS MINUTE, 43200000, 132456, CURRENT, 132456, CURRENT);
INSERT INTO project_phase (project_phase_id, project_id, phase_type_id, phase_status_id, fixed_start_time, scheduled_start_time, scheduled_end_time, actual_start_time, actual_end_time, duration, create_user, create_date, modify_user, modify_date) VALUES (200093, 200008, 7, 3, null, CURRENT + 720 UNITS MINUTE, CURRENT + 1440 UNITS MINUTE, CURRENT + 720 UNITS MINUTE, CURRENT + 1440 UNITS MINUTE, 43200000, 132456, CURRENT, 132456, CURRENT);
INSERT INTO project_phase (project_phase_id, project_id, phase_type_id, phase_status_id, fixed_start_time, scheduled_start_time, scheduled_end_time, actual_start_time, actual_end_time, duration, create_user, create_date, modify_user, modify_date) VALUES (200094, 200008, 9, 3, null, CURRENT + 1440 UNITS MINUTE, CURRENT + 2880 UNITS MINUTE, CURRENT + 1440 UNITS MINUTE, CURRENT + 2880 UNITS MINUTE, 86400000, 132456, CURRENT, 132456, CURRENT);
INSERT INTO project_phase (project_phase_id, project_id, phase_type_id, phase_status_id, fixed_start_time, scheduled_start_time, scheduled_end_time, actual_start_time, actual_end_time, duration, create_user, create_date, modify_user, modify_date) VALUES (200095, 200008, 10, 3, null, CURRENT + 2880 UNITS MINUTE, CURRENT + 3600 UNITS MINUTE, CURRENT + 2880 UNITS MINUTE, CURRENT + 3600 UNITS MINUTE, 43200000, 132456, CURRENT, 132456, CURRENT);
INSERT INTO project_phase (project_phase_id, project_id, phase_type_id, phase_status_id, fixed_start_time, scheduled_start_time, scheduled_end_time, actual_start_time, actual_end_time, duration, create_user, create_date, modify_user, modify_date) VALUES (200096, 200008, 11, 3, null, CURRENT + 3600 UNITS MINUTE, CURRENT + 10800 UNITS MINUTE, CURRENT + 3600 UNITS MINUTE, CURRENT + 10800 UNITS MINUTE, 432000000, 132456, CURRENT, 132456, CURRENT);
INSERT INTO phase_dependency (dependency_phase_id, dependent_phase_id, dependency_start, dependent_start, lag_time, create_user, create_date, modify_user, modify_date) VALUES (200085, 200086, 0, 1, 0, 132456, CURRENT, 132456, CURRENT);
INSERT INTO phase_dependency (dependency_phase_id, dependent_phase_id, dependency_start, dependent_start, lag_time, create_user, create_date, modify_user, modify_date) VALUES (200086, 200087, 0, 1, 0, 132456, CURRENT, 132456, CURRENT);
INSERT INTO phase_dependency (dependency_phase_id, dependent_phase_id, dependency_start, dependent_start, lag_time, create_user, create_date, modify_user, modify_date) VALUES (200087, 200088, 1, 1, 0, 132456, CURRENT, 132456, CURRENT);
INSERT INTO phase_dependency (dependency_phase_id, dependent_phase_id, dependency_start, dependent_start, lag_time, create_user, create_date, modify_user, modify_date) VALUES (200088, 200089, 0, 1, 0, 132456, CURRENT, 132456, CURRENT);
INSERT INTO phase_dependency (dependency_phase_id, dependent_phase_id, dependency_start, dependent_start, lag_time, create_user, create_date, modify_user, modify_date) VALUES (200089, 200090, 0, 1, 0, 132456, CURRENT, 132456, CURRENT);
INSERT INTO phase_dependency (dependency_phase_id, dependent_phase_id, dependency_start, dependent_start, lag_time, create_user, create_date, modify_user, modify_date) VALUES (200090, 200091, 0, 1, 0, 132456, CURRENT, 132456, CURRENT);
INSERT INTO phase_dependency (dependency_phase_id, dependent_phase_id, dependency_start, dependent_start, lag_time, create_user, create_date, modify_user, modify_date) VALUES (200091, 200092, 0, 1, 0, 132456, CURRENT, 132456, CURRENT);
INSERT INTO phase_dependency (dependency_phase_id, dependent_phase_id, dependency_start, dependent_start, lag_time, create_user, create_date, modify_user, modify_date) VALUES (200092, 200093, 0, 1, 0, 132456, CURRENT, 132456, CURRENT);
INSERT INTO phase_dependency (dependency_phase_id, dependent_phase_id, dependency_start, dependent_start, lag_time, create_user, create_date, modify_user, modify_date) VALUES (200093, 200094, 0, 1, 0, 132456, CURRENT, 132456, CURRENT);
INSERT INTO phase_dependency (dependency_phase_id, dependent_phase_id, dependency_start, dependent_start, lag_time, create_user, create_date, modify_user, modify_date) VALUES (200094, 200095, 0, 1, 0, 132456, CURRENT, 132456, CURRENT);
INSERT INTO phase_dependency (dependency_phase_id, dependent_phase_id, dependency_start, dependent_start, lag_time, create_user, create_date, modify_user, modify_date) VALUES (200095, 200096, 0, 1, 0, 132456, CURRENT, 132456, CURRENT);
INSERT INTO phase_criteria (project_phase_id, phase_criteria_type_id, parameter, create_user, create_date, modify_user, modify_date) VALUES (200086, 6, '1', 132456, CURRENT, 132456, CURRENT);
INSERT INTO phase_criteria (project_phase_id, phase_criteria_type_id, parameter, create_user, create_date, modify_user, modify_date) VALUES (200086, 1, '30000722', 132456, CURRENT, 132456, CURRENT);
INSERT INTO phase_criteria (project_phase_id, phase_criteria_type_id, parameter, create_user, create_date, modify_user, modify_date) VALUES (200087, 2, '0', 132456, CURRENT, 132456, CURRENT);
INSERT INTO phase_criteria (project_phase_id, phase_criteria_type_id, parameter, create_user, create_date, modify_user, modify_date) VALUES (200087, 5, 'No', 132456, CURRENT, 132456, CURRENT);
INSERT INTO phase_criteria (project_phase_id, phase_criteria_type_id, parameter, create_user, create_date, modify_user, modify_date) VALUES (200088, 3, '0', 132456, CURRENT, 132456, CURRENT);
INSERT INTO phase_criteria (project_phase_id, phase_criteria_type_id, parameter, create_user, create_date, modify_user, modify_date) VALUES (200088, 5, 'Yes', 132456, CURRENT, 132456, CURRENT);
INSERT INTO phase_criteria (project_phase_id, phase_criteria_type_id, parameter, create_user, create_date, modify_user, modify_date) VALUES (200089, 1, '30000410', 132456, CURRENT, 132456, CURRENT);
INSERT INTO phase_criteria (project_phase_id, phase_criteria_type_id, parameter, create_user, create_date, modify_user, modify_date) VALUES (200089, 5, 'No', 132456, CURRENT, 132456, CURRENT);
INSERT INTO phase_criteria (project_phase_id, phase_criteria_type_id, parameter, create_user, create_date, modify_user, modify_date) VALUES (200090, 6, '3', 132456, CURRENT, 132456, CURRENT);
INSERT INTO phase_criteria (project_phase_id, phase_criteria_type_id, parameter, create_user, create_date, modify_user, modify_date) VALUES (200090, 1, '30000411', 132456, CURRENT, 132456, CURRENT);
INSERT INTO phase_criteria (project_phase_id, phase_criteria_type_id, parameter, create_user, create_date, modify_user, modify_date) VALUES (200090, 5, 'No', 132456, CURRENT, 132456, CURRENT);
INSERT INTO phase_criteria (project_phase_id, phase_criteria_type_id, parameter, create_user, create_date, modify_user, modify_date) VALUES (200091, 4, 'No', 132456, CURRENT, 132456, CURRENT);
INSERT INTO phase_criteria (project_phase_id, phase_criteria_type_id, parameter, create_user, create_date, modify_user, modify_date) VALUES (200091, 5, 'No', 132456, CURRENT, 132456, CURRENT);
INSERT INTO phase_criteria (project_phase_id, phase_criteria_type_id, parameter, create_user, create_date, modify_user, modify_date) VALUES (200092, 5, 'No', 132456, CURRENT, 132456, CURRENT);
INSERT INTO phase_criteria (project_phase_id, phase_criteria_type_id, parameter, create_user, create_date, modify_user, modify_date) VALUES (200093, 5, 'No', 132456, CURRENT, 132456, CURRENT);
INSERT INTO phase_criteria (project_phase_id, phase_criteria_type_id, parameter, create_user, create_date, modify_user, modify_date) VALUES (200094, 5, 'No', 132456, CURRENT, 132456, CURRENT);
INSERT INTO phase_criteria (project_phase_id, phase_criteria_type_id, parameter, create_user, create_date, modify_user, modify_date) VALUES (200095, 5, 'No', 132456, CURRENT, 132456, CURRENT);
INSERT INTO phase_criteria (project_phase_id, phase_criteria_type_id, parameter, create_user, create_date, modify_user, modify_date) VALUES (200096, 6, '1', 132456, CURRENT, 132456, CURRENT);
INSERT INTO phase_criteria (project_phase_id, phase_criteria_type_id, parameter, create_user, create_date, modify_user, modify_date) VALUES (200096, 1, '30000720', 132456, CURRENT, 132456, CURRENT);
INSERT INTO review_auction (review_auction_id, project_id, review_auction_type_id) VALUES (210008, 200008, 3);
INSERT INTO review_auction (review_auction_id, project_id, review_auction_type_id) VALUES (200008, 200008, 1);
INSERT INTO project (project_id, project_status_id, project_category_id, create_user, create_date, modify_user, modify_date, tc_direct_project_id, project_studio_spec_id) VALUES (200009, 7, 2, 132456, CURRENT, 132456, CURRENT, 200001, NULL);
INSERT INTO project_phase (project_phase_id, project_id, phase_type_id, phase_status_id, fixed_start_time, scheduled_start_time, scheduled_end_time, actual_start_time, actual_end_time, duration, create_user, create_date, modify_user, modify_date) VALUES (200097, 200009, 13, 3, CURRENT + -13800 UNITS MINUTE, CURRENT + -13800 UNITS MINUTE, CURRENT + -10920 UNITS MINUTE, CURRENT + -13800 UNITS MINUTE, CURRENT + -10920 UNITS MINUTE, 172800000, 132456, CURRENT, 132456, CURRENT);
INSERT INTO project_phase (project_phase_id, project_id, phase_type_id, phase_status_id, fixed_start_time, scheduled_start_time, scheduled_end_time, actual_start_time, actual_end_time, duration, create_user, create_date, modify_user, modify_date) VALUES (200098, 200009, 14, 3, null, CURRENT + -10920 UNITS MINUTE, CURRENT + -10800 UNITS MINUTE, CURRENT + -10920 UNITS MINUTE, CURRENT + -10800 UNITS MINUTE, 7200000, 132456, CURRENT, 132456, CURRENT);
INSERT INTO project_phase (project_phase_id, project_id, phase_type_id, phase_status_id, fixed_start_time, scheduled_start_time, scheduled_end_time, actual_start_time, actual_end_time, duration, create_user, create_date, modify_user, modify_date) VALUES (200099, 200009, 1, 3, CURRENT + -10800 UNITS MINUTE, CURRENT + -10800 UNITS MINUTE, CURRENT + -7920 UNITS MINUTE, CURRENT + -10800 UNITS MINUTE, CURRENT + -7920 UNITS MINUTE, 172800000, 132456, CURRENT, 132456, CURRENT);
INSERT INTO project_phase (project_phase_id, project_id, phase_type_id, phase_status_id, fixed_start_time, scheduled_start_time, scheduled_end_time, actual_start_time, actual_end_time, duration, create_user, create_date, modify_user, modify_date) VALUES (200100, 200009, 2, 3, null, CURRENT + -10800 UNITS MINUTE, CURRENT + -5040 UNITS MINUTE, CURRENT + -10800 UNITS MINUTE, CURRENT + -5040 UNITS MINUTE, 345600000, 132456, CURRENT, 132456, CURRENT);
INSERT INTO project_phase (project_phase_id, project_id, phase_type_id, phase_status_id, fixed_start_time, scheduled_start_time, scheduled_end_time, actual_start_time, actual_end_time, duration, create_user, create_date, modify_user, modify_date) VALUES (200101, 200009, 3, 3, null, CURRENT + -5040 UNITS MINUTE, CURRENT + -4320 UNITS MINUTE, CURRENT + -5040 UNITS MINUTE, CURRENT + -4320 UNITS MINUTE, 43200000, 132456, CURRENT, 132456, CURRENT);
INSERT INTO project_phase (project_phase_id, project_id, phase_type_id, phase_status_id, fixed_start_time, scheduled_start_time, scheduled_end_time, actual_start_time, actual_end_time, duration, create_user, create_date, modify_user, modify_date) VALUES (200102, 200009, 4, 3, null, CURRENT + -4320 UNITS MINUTE, CURRENT + -1440 UNITS MINUTE, CURRENT + -4320 UNITS MINUTE, CURRENT + -1440 UNITS MINUTE, 172800000, 132456, CURRENT, 132456, CURRENT);
INSERT INTO project_phase (project_phase_id, project_id, phase_type_id, phase_status_id, fixed_start_time, scheduled_start_time, scheduled_end_time, actual_start_time, actual_end_time, duration, create_user, create_date, modify_user, modify_date) VALUES (200103, 200009, 5, 3, null, CURRENT + -1440 UNITS MINUTE, CURRENT + 0 UNITS MINUTE, CURRENT + -1440 UNITS MINUTE, CURRENT + 0 UNITS MINUTE, 86400000, 132456, CURRENT, 132456, CURRENT);
INSERT INTO project_phase (project_phase_id, project_id, phase_type_id, phase_status_id, fixed_start_time, scheduled_start_time, scheduled_end_time, actual_start_time, actual_end_time, duration, create_user, create_date, modify_user, modify_date) VALUES (200104, 200009, 6, 3, null, CURRENT + 0 UNITS MINUTE, CURRENT + 720 UNITS MINUTE, CURRENT + 0 UNITS MINUTE, CURRENT + 720 UNITS MINUTE, 43200000, 132456, CURRENT, 132456, CURRENT);
INSERT INTO project_phase (project_phase_id, project_id, phase_type_id, phase_status_id, fixed_start_time, scheduled_start_time, scheduled_end_time, actual_start_time, actual_end_time, duration, create_user, create_date, modify_user, modify_date) VALUES (200105, 200009, 7, 3, null, CURRENT + 720 UNITS MINUTE, CURRENT + 1440 UNITS MINUTE, CURRENT + 720 UNITS MINUTE, CURRENT + 1440 UNITS MINUTE, 43200000, 132456, CURRENT, 132456, CURRENT);
INSERT INTO project_phase (project_phase_id, project_id, phase_type_id, phase_status_id, fixed_start_time, scheduled_start_time, scheduled_end_time, actual_start_time, actual_end_time, duration, create_user, create_date, modify_user, modify_date) VALUES (200106, 200009, 9, 3, null, CURRENT + 1440 UNITS MINUTE, CURRENT + 2880 UNITS MINUTE, CURRENT + 1440 UNITS MINUTE, CURRENT + 2880 UNITS MINUTE, 86400000, 132456, CURRENT, 132456, CURRENT);
INSERT INTO project_phase (project_phase_id, project_id, phase_type_id, phase_status_id, fixed_start_time, scheduled_start_time, scheduled_end_time, actual_start_time, actual_end_time, duration, create_user, create_date, modify_user, modify_date) VALUES (200107, 200009, 10, 3, null, CURRENT + 2880 UNITS MINUTE, CURRENT + 3600 UNITS MINUTE, CURRENT + 2880 UNITS MINUTE, CURRENT + 3600 UNITS MINUTE, 43200000, 132456, CURRENT, 132456, CURRENT);
INSERT INTO project_phase (project_phase_id, project_id, phase_type_id, phase_status_id, fixed_start_time, scheduled_start_time, scheduled_end_time, actual_start_time, actual_end_time, duration, create_user, create_date, modify_user, modify_date) VALUES (200108, 200009, 11, 3, null, CURRENT + 3600 UNITS MINUTE, CURRENT + 10800 UNITS MINUTE, CURRENT + 3600 UNITS MINUTE, CURRENT + 10800 UNITS MINUTE, 432000000, 132456, CURRENT, 132456, CURRENT);
INSERT INTO phase_dependency (dependency_phase_id, dependent_phase_id, dependency_start, dependent_start, lag_time, create_user, create_date, modify_user, modify_date) VALUES (200097, 200098, 0, 1, 0, 132456, CURRENT, 132456, CURRENT);
INSERT INTO phase_dependency (dependency_phase_id, dependent_phase_id, dependency_start, dependent_start, lag_time, create_user, create_date, modify_user, modify_date) VALUES (200098, 200099, 0, 1, 0, 132456, CURRENT, 132456, CURRENT);
INSERT INTO phase_dependency (dependency_phase_id, dependent_phase_id, dependency_start, dependent_start, lag_time, create_user, create_date, modify_user, modify_date) VALUES (200099, 200100, 1, 1, 0, 132456, CURRENT, 132456, CURRENT);
INSERT INTO phase_dependency (dependency_phase_id, dependent_phase_id, dependency_start, dependent_start, lag_time, create_user, create_date, modify_user, modify_date) VALUES (200100, 200101, 0, 1, 0, 132456, CURRENT, 132456, CURRENT);
INSERT INTO phase_dependency (dependency_phase_id, dependent_phase_id, dependency_start, dependent_start, lag_time, create_user, create_date, modify_user, modify_date) VALUES (200101, 200102, 0, 1, 0, 132456, CURRENT, 132456, CURRENT);
INSERT INTO phase_dependency (dependency_phase_id, dependent_phase_id, dependency_start, dependent_start, lag_time, create_user, create_date, modify_user, modify_date) VALUES (200102, 200103, 0, 1, 0, 132456, CURRENT, 132456, CURRENT);
INSERT INTO phase_dependency (dependency_phase_id, dependent_phase_id, dependency_start, dependent_start, lag_time, create_user, create_date, modify_user, modify_date) VALUES (200103, 200104, 0, 1, 0, 132456, CURRENT, 132456, CURRENT);
INSERT INTO phase_dependency (dependency_phase_id, dependent_phase_id, dependency_start, dependent_start, lag_time, create_user, create_date, modify_user, modify_date) VALUES (200104, 200105, 0, 1, 0, 132456, CURRENT, 132456, CURRENT);
INSERT INTO phase_dependency (dependency_phase_id, dependent_phase_id, dependency_start, dependent_start, lag_time, create_user, create_date, modify_user, modify_date) VALUES (200105, 200106, 0, 1, 0, 132456, CURRENT, 132456, CURRENT);
INSERT INTO phase_dependency (dependency_phase_id, dependent_phase_id, dependency_start, dependent_start, lag_time, create_user, create_date, modify_user, modify_date) VALUES (200106, 200107, 0, 1, 0, 132456, CURRENT, 132456, CURRENT);
INSERT INTO phase_dependency (dependency_phase_id, dependent_phase_id, dependency_start, dependent_start, lag_time, create_user, create_date, modify_user, modify_date) VALUES (200107, 200108, 0, 1, 0, 132456, CURRENT, 132456, CURRENT);
INSERT INTO phase_criteria (project_phase_id, phase_criteria_type_id, parameter, create_user, create_date, modify_user, modify_date) VALUES (200098, 6, '1', 132456, CURRENT, 132456, CURRENT);
INSERT INTO phase_criteria (project_phase_id, phase_criteria_type_id, parameter, create_user, create_date, modify_user, modify_date) VALUES (200098, 1, '30000722', 132456, CURRENT, 132456, CURRENT);
INSERT INTO phase_criteria (project_phase_id, phase_criteria_type_id, parameter, create_user, create_date, modify_user, modify_date) VALUES (200099, 2, '0', 132456, CURRENT, 132456, CURRENT);
INSERT INTO phase_criteria (project_phase_id, phase_criteria_type_id, parameter, create_user, create_date, modify_user, modify_date) VALUES (200099, 5, 'No', 132456, CURRENT, 132456, CURRENT);
INSERT INTO phase_criteria (project_phase_id, phase_criteria_type_id, parameter, create_user, create_date, modify_user, modify_date) VALUES (200100, 3, '0', 132456, CURRENT, 132456, CURRENT);
INSERT INTO phase_criteria (project_phase_id, phase_criteria_type_id, parameter, create_user, create_date, modify_user, modify_date) VALUES (200100, 5, 'Yes', 132456, CURRENT, 132456, CURRENT);
INSERT INTO phase_criteria (project_phase_id, phase_criteria_type_id, parameter, create_user, create_date, modify_user, modify_date) VALUES (200101, 1, '30000412', 132456, CURRENT, 132456, CURRENT);
INSERT INTO phase_criteria (project_phase_id, phase_criteria_type_id, parameter, create_user, create_date, modify_user, modify_date) VALUES (200101, 5, 'No', 132456, CURRENT, 132456, CURRENT);
INSERT INTO phase_criteria (project_phase_id, phase_criteria_type_id, parameter, create_user, create_date, modify_user, modify_date) VALUES (200102, 6, '3', 132456, CURRENT, 132456, CURRENT);
INSERT INTO phase_criteria (project_phase_id, phase_criteria_type_id, parameter, create_user, create_date, modify_user, modify_date) VALUES (200102, 1, '30000413', 132456, CURRENT, 132456, CURRENT);
INSERT INTO phase_criteria (project_phase_id, phase_criteria_type_id, parameter, create_user, create_date, modify_user, modify_date) VALUES (200102, 5, 'No', 132456, CURRENT, 132456, CURRENT);
INSERT INTO phase_criteria (project_phase_id, phase_criteria_type_id, parameter, create_user, create_date, modify_user, modify_date) VALUES (200103, 4, 'No', 132456, CURRENT, 132456, CURRENT);
INSERT INTO phase_criteria (project_phase_id, phase_criteria_type_id, parameter, create_user, create_date, modify_user, modify_date) VALUES (200103, 5, 'No', 132456, CURRENT, 132456, CURRENT);
INSERT INTO phase_criteria (project_phase_id, phase_criteria_type_id, parameter, create_user, create_date, modify_user, modify_date) VALUES (200104, 5, 'No', 132456, CURRENT, 132456, CURRENT);
INSERT INTO phase_criteria (project_phase_id, phase_criteria_type_id, parameter, create_user, create_date, modify_user, modify_date) VALUES (200105, 5, 'No', 132456, CURRENT, 132456, CURRENT);
INSERT INTO phase_criteria (project_phase_id, phase_criteria_type_id, parameter, create_user, create_date, modify_user, modify_date) VALUES (200106, 5, 'No', 132456, CURRENT, 132456, CURRENT);
INSERT INTO phase_criteria (project_phase_id, phase_criteria_type_id, parameter, create_user, create_date, modify_user, modify_date) VALUES (200107, 5, 'No', 132456, CURRENT, 132456, CURRENT);
INSERT INTO phase_criteria (project_phase_id, phase_criteria_type_id, parameter, create_user, create_date, modify_user, modify_date) VALUES (200108, 6, '1', 132456, CURRENT, 132456, CURRENT);
INSERT INTO phase_criteria (project_phase_id, phase_criteria_type_id, parameter, create_user, create_date, modify_user, modify_date) VALUES (200108, 1, '30000720', 132456, CURRENT, 132456, CURRENT);
INSERT INTO review_auction (review_auction_id, project_id, review_auction_type_id) VALUES (210009, 200009, 3);
INSERT INTO review_auction (review_auction_id, project_id, review_auction_type_id) VALUES (200009, 200009, 2);
INSERT INTO project (project_id, project_status_id, project_category_id, create_user, create_date, modify_user, modify_date, tc_direct_project_id, project_studio_spec_id) VALUES (200010, 7, 2, 132456, CURRENT, 132456, CURRENT, 200001, NULL);
INSERT INTO project_phase (project_phase_id, project_id, phase_type_id, phase_status_id, fixed_start_time, scheduled_start_time, scheduled_end_time, actual_start_time, actual_end_time, duration, create_user, create_date, modify_user, modify_date) VALUES (200109, 200010, 13, 3, CURRENT + -8760 UNITS MINUTE, CURRENT + -8760 UNITS MINUTE, CURRENT + -5880 UNITS MINUTE, CURRENT + -8760 UNITS MINUTE, CURRENT + -5880 UNITS MINUTE, 172800000, 132456, CURRENT, 132456, CURRENT);
INSERT INTO project_phase (project_phase_id, project_id, phase_type_id, phase_status_id, fixed_start_time, scheduled_start_time, scheduled_end_time, actual_start_time, actual_end_time, duration, create_user, create_date, modify_user, modify_date) VALUES (200110, 200010, 14, 3, null, CURRENT + -5880 UNITS MINUTE, CURRENT + -5760 UNITS MINUTE, CURRENT + -5880 UNITS MINUTE, CURRENT + -5760 UNITS MINUTE, 7200000, 132456, CURRENT, 132456, CURRENT);
INSERT INTO project_phase (project_phase_id, project_id, phase_type_id, phase_status_id, fixed_start_time, scheduled_start_time, scheduled_end_time, actual_start_time, actual_end_time, duration, create_user, create_date, modify_user, modify_date) VALUES (200111, 200010, 1, 3, CURRENT + -5760 UNITS MINUTE, CURRENT + -5760 UNITS MINUTE, CURRENT + -2880 UNITS MINUTE, CURRENT + -5760 UNITS MINUTE, CURRENT + -2880 UNITS MINUTE, 172800000, 132456, CURRENT, 132456, CURRENT);
INSERT INTO project_phase (project_phase_id, project_id, phase_type_id, phase_status_id, fixed_start_time, scheduled_start_time, scheduled_end_time, actual_start_time, actual_end_time, duration, create_user, create_date, modify_user, modify_date) VALUES (200112, 200010, 2, 3, null, CURRENT + -5760 UNITS MINUTE, CURRENT + 0 UNITS MINUTE, CURRENT + -5760 UNITS MINUTE, CURRENT + 0 UNITS MINUTE, 345600000, 132456, CURRENT, 132456, CURRENT);
INSERT INTO project_phase (project_phase_id, project_id, phase_type_id, phase_status_id, fixed_start_time, scheduled_start_time, scheduled_end_time, actual_start_time, actual_end_time, duration, create_user, create_date, modify_user, modify_date) VALUES (200113, 200010, 3, 3, null, CURRENT + 0 UNITS MINUTE, CURRENT + 720 UNITS MINUTE, CURRENT + 0 UNITS MINUTE, CURRENT + 720 UNITS MINUTE, 43200000, 132456, CURRENT, 132456, CURRENT);
INSERT INTO project_phase (project_phase_id, project_id, phase_type_id, phase_status_id, fixed_start_time, scheduled_start_time, scheduled_end_time, actual_start_time, actual_end_time, duration, create_user, create_date, modify_user, modify_date) VALUES (200114, 200010, 4, 3, null, CURRENT + 720 UNITS MINUTE, CURRENT + 3600 UNITS MINUTE, CURRENT + 720 UNITS MINUTE, CURRENT + 3600 UNITS MINUTE, 172800000, 132456, CURRENT, 132456, CURRENT);
INSERT INTO project_phase (project_phase_id, project_id, phase_type_id, phase_status_id, fixed_start_time, scheduled_start_time, scheduled_end_time, actual_start_time, actual_end_time, duration, create_user, create_date, modify_user, modify_date) VALUES (200115, 200010, 5, 3, null, CURRENT + 3600 UNITS MINUTE, CURRENT + 5040 UNITS MINUTE, CURRENT + 3600 UNITS MINUTE, CURRENT + 5040 UNITS MINUTE, 86400000, 132456, CURRENT, 132456, CURRENT);
INSERT INTO project_phase (project_phase_id, project_id, phase_type_id, phase_status_id, fixed_start_time, scheduled_start_time, scheduled_end_time, actual_start_time, actual_end_time, duration, create_user, create_date, modify_user, modify_date) VALUES (200116, 200010, 6, 3, null, CURRENT + 5040 UNITS MINUTE, CURRENT + 5760 UNITS MINUTE, CURRENT + 5040 UNITS MINUTE, CURRENT + 5760 UNITS MINUTE, 43200000, 132456, CURRENT, 132456, CURRENT);
INSERT INTO project_phase (project_phase_id, project_id, phase_type_id, phase_status_id, fixed_start_time, scheduled_start_time, scheduled_end_time, actual_start_time, actual_end_time, duration, create_user, create_date, modify_user, modify_date) VALUES (200117, 200010, 7, 3, null, CURRENT + 5760 UNITS MINUTE, CURRENT + 6480 UNITS MINUTE, CURRENT + 5760 UNITS MINUTE, CURRENT + 6480 UNITS MINUTE, 43200000, 132456, CURRENT, 132456, CURRENT);
INSERT INTO project_phase (project_phase_id, project_id, phase_type_id, phase_status_id, fixed_start_time, scheduled_start_time, scheduled_end_time, actual_start_time, actual_end_time, duration, create_user, create_date, modify_user, modify_date) VALUES (200118, 200010, 9, 3, null, CURRENT + 6480 UNITS MINUTE, CURRENT + 7920 UNITS MINUTE, CURRENT + 6480 UNITS MINUTE, CURRENT + 7920 UNITS MINUTE, 86400000, 132456, CURRENT, 132456, CURRENT);
INSERT INTO project_phase (project_phase_id, project_id, phase_type_id, phase_status_id, fixed_start_time, scheduled_start_time, scheduled_end_time, actual_start_time, actual_end_time, duration, create_user, create_date, modify_user, modify_date) VALUES (200119, 200010, 10, 3, null, CURRENT + 7920 UNITS MINUTE, CURRENT + 8640 UNITS MINUTE, CURRENT + 7920 UNITS MINUTE, CURRENT + 8640 UNITS MINUTE, 43200000, 132456, CURRENT, 132456, CURRENT);
INSERT INTO project_phase (project_phase_id, project_id, phase_type_id, phase_status_id, fixed_start_time, scheduled_start_time, scheduled_end_time, actual_start_time, actual_end_time, duration, create_user, create_date, modify_user, modify_date) VALUES (200120, 200010, 11, 3, null, CURRENT + 8640 UNITS MINUTE, CURRENT + 15840 UNITS MINUTE, CURRENT + 8640 UNITS MINUTE, CURRENT + 15840 UNITS MINUTE, 432000000, 132456, CURRENT, 132456, CURRENT);
INSERT INTO phase_dependency (dependency_phase_id, dependent_phase_id, dependency_start, dependent_start, lag_time, create_user, create_date, modify_user, modify_date) VALUES (200109, 200110, 0, 1, 0, 132456, CURRENT, 132456, CURRENT);
INSERT INTO phase_dependency (dependency_phase_id, dependent_phase_id, dependency_start, dependent_start, lag_time, create_user, create_date, modify_user, modify_date) VALUES (200110, 200111, 0, 1, 0, 132456, CURRENT, 132456, CURRENT);
INSERT INTO phase_dependency (dependency_phase_id, dependent_phase_id, dependency_start, dependent_start, lag_time, create_user, create_date, modify_user, modify_date) VALUES (200111, 200112, 1, 1, 0, 132456, CURRENT, 132456, CURRENT);
INSERT INTO phase_dependency (dependency_phase_id, dependent_phase_id, dependency_start, dependent_start, lag_time, create_user, create_date, modify_user, modify_date) VALUES (200112, 200113, 0, 1, 0, 132456, CURRENT, 132456, CURRENT);
INSERT INTO phase_dependency (dependency_phase_id, dependent_phase_id, dependency_start, dependent_start, lag_time, create_user, create_date, modify_user, modify_date) VALUES (200113, 200114, 0, 1, 0, 132456, CURRENT, 132456, CURRENT);
INSERT INTO phase_dependency (dependency_phase_id, dependent_phase_id, dependency_start, dependent_start, lag_time, create_user, create_date, modify_user, modify_date) VALUES (200114, 200115, 0, 1, 0, 132456, CURRENT, 132456, CURRENT);
INSERT INTO phase_dependency (dependency_phase_id, dependent_phase_id, dependency_start, dependent_start, lag_time, create_user, create_date, modify_user, modify_date) VALUES (200115, 200116, 0, 1, 0, 132456, CURRENT, 132456, CURRENT);
INSERT INTO phase_dependency (dependency_phase_id, dependent_phase_id, dependency_start, dependent_start, lag_time, create_user, create_date, modify_user, modify_date) VALUES (200116, 200117, 0, 1, 0, 132456, CURRENT, 132456, CURRENT);
INSERT INTO phase_dependency (dependency_phase_id, dependent_phase_id, dependency_start, dependent_start, lag_time, create_user, create_date, modify_user, modify_date) VALUES (200117, 200118, 0, 1, 0, 132456, CURRENT, 132456, CURRENT);
INSERT INTO phase_dependency (dependency_phase_id, dependent_phase_id, dependency_start, dependent_start, lag_time, create_user, create_date, modify_user, modify_date) VALUES (200118, 200119, 0, 1, 0, 132456, CURRENT, 132456, CURRENT);
INSERT INTO phase_dependency (dependency_phase_id, dependent_phase_id, dependency_start, dependent_start, lag_time, create_user, create_date, modify_user, modify_date) VALUES (200119, 200120, 0, 1, 0, 132456, CURRENT, 132456, CURRENT);
INSERT INTO phase_criteria (project_phase_id, phase_criteria_type_id, parameter, create_user, create_date, modify_user, modify_date) VALUES (200110, 6, '1', 132456, CURRENT, 132456, CURRENT);
INSERT INTO phase_criteria (project_phase_id, phase_criteria_type_id, parameter, create_user, create_date, modify_user, modify_date) VALUES (200110, 1, '30000722', 132456, CURRENT, 132456, CURRENT);
INSERT INTO phase_criteria (project_phase_id, phase_criteria_type_id, parameter, create_user, create_date, modify_user, modify_date) VALUES (200111, 2, '0', 132456, CURRENT, 132456, CURRENT);
INSERT INTO phase_criteria (project_phase_id, phase_criteria_type_id, parameter, create_user, create_date, modify_user, modify_date) VALUES (200111, 5, 'No', 132456, CURRENT, 132456, CURRENT);
INSERT INTO phase_criteria (project_phase_id, phase_criteria_type_id, parameter, create_user, create_date, modify_user, modify_date) VALUES (200112, 3, '0', 132456, CURRENT, 132456, CURRENT);
INSERT INTO phase_criteria (project_phase_id, phase_criteria_type_id, parameter, create_user, create_date, modify_user, modify_date) VALUES (200112, 5, 'Yes', 132456, CURRENT, 132456, CURRENT);
INSERT INTO phase_criteria (project_phase_id, phase_criteria_type_id, parameter, create_user, create_date, modify_user, modify_date) VALUES (200113, 1, '30000412', 132456, CURRENT, 132456, CURRENT);
INSERT INTO phase_criteria (project_phase_id, phase_criteria_type_id, parameter, create_user, create_date, modify_user, modify_date) VALUES (200113, 5, 'No', 132456, CURRENT, 132456, CURRENT);
INSERT INTO phase_criteria (project_phase_id, phase_criteria_type_id, parameter, create_user, create_date, modify_user, modify_date) VALUES (200114, 6, '3', 132456, CURRENT, 132456, CURRENT);
INSERT INTO phase_criteria (project_phase_id, phase_criteria_type_id, parameter, create_user, create_date, modify_user, modify_date) VALUES (200114, 1, '30000413', 132456, CURRENT, 132456, CURRENT);
INSERT INTO phase_criteria (project_phase_id, phase_criteria_type_id, parameter, create_user, create_date, modify_user, modify_date) VALUES (200114, 5, 'No', 132456, CURRENT, 132456, CURRENT);
INSERT INTO phase_criteria (project_phase_id, phase_criteria_type_id, parameter, create_user, create_date, modify_user, modify_date) VALUES (200115, 4, 'No', 132456, CURRENT, 132456, CURRENT);
INSERT INTO phase_criteria (project_phase_id, phase_criteria_type_id, parameter, create_user, create_date, modify_user, modify_date) VALUES (200115, 5, 'No', 132456, CURRENT, 132456, CURRENT);
INSERT INTO phase_criteria (project_phase_id, phase_criteria_type_id, parameter, create_user, create_date, modify_user, modify_date) VALUES (200116, 5, 'No', 132456, CURRENT, 132456, CURRENT);
INSERT INTO phase_criteria (project_phase_id, phase_criteria_type_id, parameter, create_user, create_date, modify_user, modify_date) VALUES (200117, 5, 'No', 132456, CURRENT, 132456, CURRENT);
INSERT INTO phase_criteria (project_phase_id, phase_criteria_type_id, parameter, create_user, create_date, modify_user, modify_date) VALUES (200118, 5, 'No', 132456, CURRENT, 132456, CURRENT);
INSERT INTO phase_criteria (project_phase_id, phase_criteria_type_id, parameter, create_user, create_date, modify_user, modify_date) VALUES (200119, 5, 'No', 132456, CURRENT, 132456, CURRENT);
INSERT INTO phase_criteria (project_phase_id, phase_criteria_type_id, parameter, create_user, create_date, modify_user, modify_date) VALUES (200120, 6, '1', 132456, CURRENT, 132456, CURRENT);
INSERT INTO phase_criteria (project_phase_id, phase_criteria_type_id, parameter, create_user, create_date, modify_user, modify_date) VALUES (200120, 1, '30000720', 132456, CURRENT, 132456, CURRENT);
INSERT INTO review_auction (review_auction_id, project_id, review_auction_type_id) VALUES (210010, 200010, 3);
INSERT INTO review_auction (review_auction_id, project_id, review_auction_type_id) VALUES (200010, 200010, 2);
