DATABASE time_oltp;
DATABASE corporate_oltp;
INSERT INTO tc_direct_project (project_id, name, description, project_status_id, user_id, create_date, modify_date, project_forum_id) VALUES (100001, 'Client 100001 Billing Account 1 Project 1', 'Client 100001 Billing Account 1 Project 1', 1, 132458, CURRENT, CURRENT, 100001);
INSERT INTO jive:jivecategory (categoryid, name, description, creationdate, modificationdate, lft, rgt)        VALUES (100001, 'Client 100001 Billing Account 1 Project 1', 'Client 100001 Billing Account 1 Project 1', 0, 0, 1000010, 1000015);
INSERT INTO jive:jiveforum (forumid, name, nntpname, description, moddefaultthreadval, moddefaultmsgval,                        creationdate, modificationdate, categoryid, categoryindex, forumindexcounter)        VALUES (1000011, 'Development Strategies', 'Development Strategies.1000011', 'Discuss Project Development Strategies here',                0, 0, 0, 0, 100001, 1, 0);
INSERT INTO jive:jiveforum (forumid, name, nntpname, description, moddefaultthreadval, moddefaultmsgval,                        creationdate, modificationdate, categoryid, categoryindex, forumindexcounter)        VALUES (1000012, 'Project Requirements', 'Project Requirements.1000012', 'Discuss Project Requirements here',                0, 0, 0, 0, 100001, 2, 0);
INSERT INTO jive:jiveforum (forumid, name, nntpname, description, moddefaultthreadval, moddefaultmsgval,                        creationdate, modificationdate, categoryid, categoryindex, forumindexcounter)        VALUES (1000013, 'Project Issues and Bugs', 'Project Issues and Bugs.1000013', 'Discuss issues and bugs of the project here',                0, 0, 0, 0, 100001, 3, 0);
INSERT INTO jive:jiveforum (forumid, name, nntpname, description, moddefaultthreadval, moddefaultmsgval,                        creationdate, modificationdate, categoryid, categoryindex, forumindexcounter)        VALUES (1000014, 'TopCoder Platform Support', 'TopCoder Platform Support.1000014', 'Need a help on TopCoder Platform for your project',                0, 0, 0, 0, 100001, 4, 0);

INSERT INTO tcs_catalog:direct_project_metadata (tc_direct_project_id, project_metadata_key_id, metadata_value) VALUES (100001, 3, '33728');
INSERT INTO tcs_catalog:direct_project_metadata (tc_direct_project_id, project_metadata_key_id, metadata_value) VALUES (100001, 2, '132456');
INSERT INTO tcs_catalog:direct_project_metadata (tc_direct_project_id, project_metadata_key_id, metadata_value) VALUES (100001, 6, '115');
DATABASE tcs_catalog;
INSERT INTO rboard_user SELECT u.user_id, 1, c.catalog_id, 100, 1 FROM user u, catalog c WHERE u.user_id IN (124835, 124856, 124852, 124861, 124836, 124853) AND NOT EXISTS (SELECT 1 FROM rboard_user r WHERE r.user_id = u.user_id AND r.catalog_id = c.catalog_id AND r.project_type_id = 1);
INSERT INTO rboard_user SELECT u.user_id, 2, c.catalog_id, 100, 1 FROM user u, catalog c WHERE u.user_id IN (124853, 124852, 124861) AND NOT EXISTS (SELECT 1 FROM rboard_user r WHERE r.user_id = u.user_id AND r.catalog_id = c.catalog_id AND r.project_type_id = 2);
INSERT INTO rboard_user SELECT u.user_id, 6, c.catalog_id, 100, 1 FROM user u, catalog c WHERE u.user_id IN (124852) AND NOT EXISTS (SELECT 1 FROM rboard_user r WHERE r.user_id = u.user_id AND r.catalog_id = c.catalog_id AND r.project_type_id = 6);
INSERT INTO rboard_user SELECT u.user_id, 7, c.catalog_id, 100, 1 FROM user u, catalog c WHERE u.user_id IN (124835, 124853, 124856, 124852, 124861) AND NOT EXISTS (SELECT 1 FROM rboard_user r WHERE r.user_id = u.user_id AND r.catalog_id = c.catalog_id AND r.project_type_id = 7);
INSERT INTO rboard_user SELECT u.user_id, 13, c.catalog_id, 100, 1 FROM user u, catalog c WHERE u.user_id IN (124852, 124836, 124861) AND NOT EXISTS (SELECT 1 FROM rboard_user r WHERE r.user_id = u.user_id AND r.catalog_id = c.catalog_id AND r.project_type_id = 13);
INSERT INTO rboard_user SELECT u.user_id, 14, c.catalog_id, 100, 1 FROM user u, catalog c WHERE u.user_id IN (124852, 124835, 124861, 124856) AND NOT EXISTS (SELECT 1 FROM rboard_user r WHERE r.user_id = u.user_id AND r.catalog_id = c.catalog_id AND r.project_type_id = 14);
INSERT INTO rboard_user SELECT u.user_id, 19, c.catalog_id, 100, 1 FROM user u, catalog c WHERE u.user_id IN (124836, 124852, 124856, 124853) AND NOT EXISTS (SELECT 1 FROM rboard_user r WHERE r.user_id = u.user_id AND r.catalog_id = c.catalog_id AND r.project_type_id = 19);
INSERT INTO rboard_user SELECT u.user_id, 23, c.catalog_id, 100, 1 FROM user u, catalog c WHERE u.user_id IN (124852, 124853, 124856) AND NOT EXISTS (SELECT 1 FROM rboard_user r WHERE r.user_id = u.user_id AND r.catalog_id = c.catalog_id AND r.project_type_id = 23);
INSERT INTO rboard_user SELECT u.user_id, 24, c.catalog_id, 100, 1 FROM user u, catalog c WHERE u.user_id IN (124856, 124861) AND NOT EXISTS (SELECT 1 FROM rboard_user r WHERE r.user_id = u.user_id AND r.catalog_id = c.catalog_id AND r.project_type_id = 24);
INSERT INTO rboard_user SELECT u.user_id, 25, c.catalog_id, 100, 1 FROM user u, catalog c WHERE u.user_id IN (124853, 124861, 124835, 124836, 124856) AND NOT EXISTS (SELECT 1 FROM rboard_user r WHERE r.user_id = u.user_id AND r.catalog_id = c.catalog_id AND r.project_type_id = 25);
INSERT INTO rboard_user SELECT u.user_id, 26, c.catalog_id, 100, 1 FROM user u, catalog c WHERE u.user_id IN (124836, 124861, 124835, 124852, 124853, 124856) AND NOT EXISTS (SELECT 1 FROM rboard_user r WHERE r.user_id = u.user_id AND r.catalog_id = c.catalog_id AND r.project_type_id = 26);
INSERT INTO rboard_user SELECT u.user_id, 29, c.catalog_id, 100, 1 FROM user u, catalog c WHERE u.user_id IN (124853, 124835, 124852, 124856, 124861, 124836) AND NOT EXISTS (SELECT 1 FROM rboard_user r WHERE r.user_id = u.user_id AND r.catalog_id = c.catalog_id AND r.project_type_id = 29);
INSERT INTO rboard_user SELECT u.user_id, 35, c.catalog_id, 100, 1 FROM user u, catalog c WHERE u.user_id IN (124856, 124835, 124836) AND NOT EXISTS (SELECT 1 FROM rboard_user r WHERE r.user_id = u.user_id AND r.catalog_id = c.catalog_id AND r.project_type_id = 35);
INSERT INTO rboard_user SELECT u.user_id, 16, c.catalog_id, 100, 1 FROM user u, catalog c WHERE u.user_id IN (124853, 124836) AND NOT EXISTS (SELECT 1 FROM rboard_user r WHERE r.user_id = u.user_id AND r.catalog_id = c.catalog_id AND r.project_type_id = 16);
INSERT INTO rboard_user SELECT u.user_id, 17, c.catalog_id, 100, 1 FROM user u, catalog c WHERE u.user_id IN (124836, 124853, 124861) AND NOT EXISTS (SELECT 1 FROM rboard_user r WHERE r.user_id = u.user_id AND r.catalog_id = c.catalog_id AND r.project_type_id = 17);
INSERT INTO rboard_user SELECT u.user_id, 18, c.catalog_id, 100, 1 FROM user u, catalog c WHERE u.user_id IN (124856, 124861, 124835, 124836, 124853) AND NOT EXISTS (SELECT 1 FROM rboard_user r WHERE r.user_id = u.user_id AND r.catalog_id = c.catalog_id AND r.project_type_id = 18);
INSERT INTO rboard_user SELECT u.user_id, 20, c.catalog_id, 100, 1 FROM user u, catalog c WHERE u.user_id IN (124856, 124836, 124861) AND NOT EXISTS (SELECT 1 FROM rboard_user r WHERE r.user_id = u.user_id AND r.catalog_id = c.catalog_id AND r.project_type_id = 20);
INSERT INTO rboard_user SELECT u.user_id, 21, c.catalog_id, 100, 1 FROM user u, catalog c WHERE u.user_id IN (124861) AND NOT EXISTS (SELECT 1 FROM rboard_user r WHERE r.user_id = u.user_id AND r.catalog_id = c.catalog_id AND r.project_type_id = 21);
INSERT INTO rboard_user SELECT u.user_id, 22, c.catalog_id, 100, 1 FROM user u, catalog c WHERE u.user_id IN (124836, 124852, 124835) AND NOT EXISTS (SELECT 1 FROM rboard_user r WHERE r.user_id = u.user_id AND r.catalog_id = c.catalog_id AND r.project_type_id = 22);
INSERT INTO rboard_user SELECT u.user_id, 30, c.catalog_id, 100, 1 FROM user u, catalog c WHERE u.user_id IN (124861) AND NOT EXISTS (SELECT 1 FROM rboard_user r WHERE r.user_id = u.user_id AND r.catalog_id = c.catalog_id AND r.project_type_id = 30);
INSERT INTO rboard_user SELECT u.user_id, 31, c.catalog_id, 100, 1 FROM user u, catalog c WHERE u.user_id IN (124856) AND NOT EXISTS (SELECT 1 FROM rboard_user r WHERE r.user_id = u.user_id AND r.catalog_id = c.catalog_id AND r.project_type_id = 31);
INSERT INTO rboard_user SELECT u.user_id, 32, c.catalog_id, 100, 1 FROM user u, catalog c WHERE u.user_id IN (124835, 124836) AND NOT EXISTS (SELECT 1 FROM rboard_user r WHERE r.user_id = u.user_id AND r.catalog_id = c.catalog_id AND r.project_type_id = 32);
INSERT INTO rboard_user SELECT u.user_id, 9, c.catalog_id, 100, 1 FROM user u, catalog c WHERE u.user_id IN (124852) AND NOT EXISTS (SELECT 1 FROM rboard_user r WHERE r.user_id = u.user_id AND r.catalog_id = c.catalog_id AND r.project_type_id = 9);
INSERT INTO rboard_user SELECT u.user_id, 36, c.catalog_id, 100, 1 FROM user u, catalog c WHERE u.user_id IN (124856, 124861, 124853, 124836) AND NOT EXISTS (SELECT 1 FROM rboard_user r WHERE r.user_id = u.user_id AND r.catalog_id = c.catalog_id AND r.project_type_id = 36);
INSERT INTO project (project_id, project_status_id, project_category_id, create_user, create_date, modify_user, modify_date, tc_direct_project_id, project_studio_spec_id) VALUES (100001, 1, 1, 132456, CURRENT, 132456, CURRENT, 100001, NULL);
INSERT INTO project_phase (project_phase_id, project_id, phase_type_id, phase_status_id, fixed_start_time, scheduled_start_time, scheduled_end_time, actual_start_time, actual_end_time, duration, create_user, create_date, modify_user, modify_date) VALUES (100001, 100001, 13, 3, CURRENT + -2940 UNITS MINUTE, CURRENT + -2940 UNITS MINUTE, CURRENT + -60 UNITS MINUTE, CURRENT + -2940 UNITS MINUTE, CURRENT + -60 UNITS MINUTE, 172800000, 132456, CURRENT, 132456, CURRENT);
INSERT INTO project_phase (project_phase_id, project_id, phase_type_id, phase_status_id, fixed_start_time, scheduled_start_time, scheduled_end_time, actual_start_time, actual_end_time, duration, create_user, create_date, modify_user, modify_date) VALUES (100002, 100001, 14, 2, null, CURRENT + -60 UNITS MINUTE, CURRENT + 60 UNITS MINUTE, CURRENT + -60 UNITS MINUTE, null, 7200000, 132456, CURRENT, 132456, CURRENT);
INSERT INTO project_phase (project_phase_id, project_id, phase_type_id, phase_status_id, fixed_start_time, scheduled_start_time, scheduled_end_time, actual_start_time, actual_end_time, duration, create_user, create_date, modify_user, modify_date) VALUES (100003, 100001, 1, 1, CURRENT + 60 UNITS MINUTE, CURRENT + 60 UNITS MINUTE, CURRENT + 2940 UNITS MINUTE, null, null, 172800000, 132456, CURRENT, 132456, CURRENT);
INSERT INTO project_phase (project_phase_id, project_id, phase_type_id, phase_status_id, fixed_start_time, scheduled_start_time, scheduled_end_time, actual_start_time, actual_end_time, duration, create_user, create_date, modify_user, modify_date) VALUES (100004, 100001, 2, 1, null, CURRENT + 60 UNITS MINUTE, CURRENT + 5820 UNITS MINUTE, null, null, 345600000, 132456, CURRENT, 132456, CURRENT);
INSERT INTO project_phase (project_phase_id, project_id, phase_type_id, phase_status_id, fixed_start_time, scheduled_start_time, scheduled_end_time, actual_start_time, actual_end_time, duration, create_user, create_date, modify_user, modify_date) VALUES (100005, 100001, 3, 1, null, CURRENT + 5820 UNITS MINUTE, CURRENT + 6540 UNITS MINUTE, null, null, 43200000, 132456, CURRENT, 132456, CURRENT);
INSERT INTO project_phase (project_phase_id, project_id, phase_type_id, phase_status_id, fixed_start_time, scheduled_start_time, scheduled_end_time, actual_start_time, actual_end_time, duration, create_user, create_date, modify_user, modify_date) VALUES (100006, 100001, 4, 1, null, CURRENT + 6540 UNITS MINUTE, CURRENT + 9420 UNITS MINUTE, null, null, 172800000, 132456, CURRENT, 132456, CURRENT);
INSERT INTO project_phase (project_phase_id, project_id, phase_type_id, phase_status_id, fixed_start_time, scheduled_start_time, scheduled_end_time, actual_start_time, actual_end_time, duration, create_user, create_date, modify_user, modify_date) VALUES (100007, 100001, 5, 1, null, CURRENT + 9420 UNITS MINUTE, CURRENT + 10860 UNITS MINUTE, null, null, 86400000, 132456, CURRENT, 132456, CURRENT);
INSERT INTO project_phase (project_phase_id, project_id, phase_type_id, phase_status_id, fixed_start_time, scheduled_start_time, scheduled_end_time, actual_start_time, actual_end_time, duration, create_user, create_date, modify_user, modify_date) VALUES (100008, 100001, 6, 1, null, CURRENT + 10860 UNITS MINUTE, CURRENT + 11580 UNITS MINUTE, null, null, 43200000, 132456, CURRENT, 132456, CURRENT);
INSERT INTO project_phase (project_phase_id, project_id, phase_type_id, phase_status_id, fixed_start_time, scheduled_start_time, scheduled_end_time, actual_start_time, actual_end_time, duration, create_user, create_date, modify_user, modify_date) VALUES (100009, 100001, 7, 1, null, CURRENT + 11580 UNITS MINUTE, CURRENT + 12300 UNITS MINUTE, null, null, 43200000, 132456, CURRENT, 132456, CURRENT);
INSERT INTO project_phase (project_phase_id, project_id, phase_type_id, phase_status_id, fixed_start_time, scheduled_start_time, scheduled_end_time, actual_start_time, actual_end_time, duration, create_user, create_date, modify_user, modify_date) VALUES (100010, 100001, 9, 1, null, CURRENT + 12300 UNITS MINUTE, CURRENT + 13740 UNITS MINUTE, null, null, 86400000, 132456, CURRENT, 132456, CURRENT);
INSERT INTO project_phase (project_phase_id, project_id, phase_type_id, phase_status_id, fixed_start_time, scheduled_start_time, scheduled_end_time, actual_start_time, actual_end_time, duration, create_user, create_date, modify_user, modify_date) VALUES (100011, 100001, 10, 1, null, CURRENT + 13740 UNITS MINUTE, CURRENT + 14460 UNITS MINUTE, null, null, 43200000, 132456, CURRENT, 132456, CURRENT);
INSERT INTO project_phase (project_phase_id, project_id, phase_type_id, phase_status_id, fixed_start_time, scheduled_start_time, scheduled_end_time, actual_start_time, actual_end_time, duration, create_user, create_date, modify_user, modify_date) VALUES (100012, 100001, 11, 1, null, CURRENT + 14460 UNITS MINUTE, CURRENT + 21660 UNITS MINUTE, null, null, 432000000, 132456, CURRENT, 132456, CURRENT);
INSERT INTO phase_dependency (dependency_phase_id, dependent_phase_id, dependency_start, dependent_start, lag_time, create_user, create_date, modify_user, modify_date) VALUES (100001, 100002, 0, 1, 0, 132456, CURRENT, 132456, CURRENT);
INSERT INTO phase_dependency (dependency_phase_id, dependent_phase_id, dependency_start, dependent_start, lag_time, create_user, create_date, modify_user, modify_date) VALUES (100002, 100003, 0, 1, 0, 132456, CURRENT, 132456, CURRENT);
INSERT INTO phase_dependency (dependency_phase_id, dependent_phase_id, dependency_start, dependent_start, lag_time, create_user, create_date, modify_user, modify_date) VALUES (100003, 100004, 1, 1, 0, 132456, CURRENT, 132456, CURRENT);
INSERT INTO phase_dependency (dependency_phase_id, dependent_phase_id, dependency_start, dependent_start, lag_time, create_user, create_date, modify_user, modify_date) VALUES (100004, 100005, 0, 1, 0, 132456, CURRENT, 132456, CURRENT);
INSERT INTO phase_dependency (dependency_phase_id, dependent_phase_id, dependency_start, dependent_start, lag_time, create_user, create_date, modify_user, modify_date) VALUES (100005, 100006, 0, 1, 0, 132456, CURRENT, 132456, CURRENT);
INSERT INTO phase_dependency (dependency_phase_id, dependent_phase_id, dependency_start, dependent_start, lag_time, create_user, create_date, modify_user, modify_date) VALUES (100006, 100007, 0, 1, 0, 132456, CURRENT, 132456, CURRENT);
INSERT INTO phase_dependency (dependency_phase_id, dependent_phase_id, dependency_start, dependent_start, lag_time, create_user, create_date, modify_user, modify_date) VALUES (100007, 100008, 0, 1, 0, 132456, CURRENT, 132456, CURRENT);
INSERT INTO phase_dependency (dependency_phase_id, dependent_phase_id, dependency_start, dependent_start, lag_time, create_user, create_date, modify_user, modify_date) VALUES (100008, 100009, 0, 1, 0, 132456, CURRENT, 132456, CURRENT);
INSERT INTO phase_dependency (dependency_phase_id, dependent_phase_id, dependency_start, dependent_start, lag_time, create_user, create_date, modify_user, modify_date) VALUES (100009, 100010, 0, 1, 0, 132456, CURRENT, 132456, CURRENT);
INSERT INTO phase_dependency (dependency_phase_id, dependent_phase_id, dependency_start, dependent_start, lag_time, create_user, create_date, modify_user, modify_date) VALUES (100010, 100011, 0, 1, 0, 132456, CURRENT, 132456, CURRENT);
INSERT INTO phase_dependency (dependency_phase_id, dependent_phase_id, dependency_start, dependent_start, lag_time, create_user, create_date, modify_user, modify_date) VALUES (100011, 100012, 0, 1, 0, 132456, CURRENT, 132456, CURRENT);
INSERT INTO phase_criteria (project_phase_id, phase_criteria_type_id, parameter, create_user, create_date, modify_user, modify_date) VALUES (100002, 6, '1', 132456, CURRENT, 132456, CURRENT);
INSERT INTO phase_criteria (project_phase_id, phase_criteria_type_id, parameter, create_user, create_date, modify_user, modify_date) VALUES (100002, 1, '30000722', 132456, CURRENT, 132456, CURRENT);
INSERT INTO phase_criteria (project_phase_id, phase_criteria_type_id, parameter, create_user, create_date, modify_user, modify_date) VALUES (100003, 2, '0', 132456, CURRENT, 132456, CURRENT);
INSERT INTO phase_criteria (project_phase_id, phase_criteria_type_id, parameter, create_user, create_date, modify_user, modify_date) VALUES (100003, 5, 'No', 132456, CURRENT, 132456, CURRENT);
INSERT INTO phase_criteria (project_phase_id, phase_criteria_type_id, parameter, create_user, create_date, modify_user, modify_date) VALUES (100004, 3, '0', 132456, CURRENT, 132456, CURRENT);
INSERT INTO phase_criteria (project_phase_id, phase_criteria_type_id, parameter, create_user, create_date, modify_user, modify_date) VALUES (100004, 5, 'Yes', 132456, CURRENT, 132456, CURRENT);
INSERT INTO phase_criteria (project_phase_id, phase_criteria_type_id, parameter, create_user, create_date, modify_user, modify_date) VALUES (100005, 1, '30000410', 132456, CURRENT, 132456, CURRENT);
INSERT INTO phase_criteria (project_phase_id, phase_criteria_type_id, parameter, create_user, create_date, modify_user, modify_date) VALUES (100005, 5, 'No', 132456, CURRENT, 132456, CURRENT);
INSERT INTO phase_criteria (project_phase_id, phase_criteria_type_id, parameter, create_user, create_date, modify_user, modify_date) VALUES (100006, 6, '3', 132456, CURRENT, 132456, CURRENT);
INSERT INTO phase_criteria (project_phase_id, phase_criteria_type_id, parameter, create_user, create_date, modify_user, modify_date) VALUES (100006, 1, '30000411', 132456, CURRENT, 132456, CURRENT);
INSERT INTO phase_criteria (project_phase_id, phase_criteria_type_id, parameter, create_user, create_date, modify_user, modify_date) VALUES (100006, 5, 'No', 132456, CURRENT, 132456, CURRENT);
INSERT INTO phase_criteria (project_phase_id, phase_criteria_type_id, parameter, create_user, create_date, modify_user, modify_date) VALUES (100007, 4, 'No', 132456, CURRENT, 132456, CURRENT);
INSERT INTO phase_criteria (project_phase_id, phase_criteria_type_id, parameter, create_user, create_date, modify_user, modify_date) VALUES (100007, 5, 'No', 132456, CURRENT, 132456, CURRENT);
INSERT INTO phase_criteria (project_phase_id, phase_criteria_type_id, parameter, create_user, create_date, modify_user, modify_date) VALUES (100008, 5, 'No', 132456, CURRENT, 132456, CURRENT);
INSERT INTO phase_criteria (project_phase_id, phase_criteria_type_id, parameter, create_user, create_date, modify_user, modify_date) VALUES (100009, 5, 'No', 132456, CURRENT, 132456, CURRENT);
INSERT INTO phase_criteria (project_phase_id, phase_criteria_type_id, parameter, create_user, create_date, modify_user, modify_date) VALUES (100010, 5, 'No', 132456, CURRENT, 132456, CURRENT);
INSERT INTO phase_criteria (project_phase_id, phase_criteria_type_id, parameter, create_user, create_date, modify_user, modify_date) VALUES (100011, 5, 'No', 132456, CURRENT, 132456, CURRENT);
INSERT INTO phase_criteria (project_phase_id, phase_criteria_type_id, parameter, create_user, create_date, modify_user, modify_date) VALUES (100012, 6, '1', 132456, CURRENT, 132456, CURRENT);
INSERT INTO phase_criteria (project_phase_id, phase_criteria_type_id, parameter, create_user, create_date, modify_user, modify_date) VALUES (100012, 1, '30000720', 132456, CURRENT, 132456, CURRENT);
INSERT INTO review_auction (review_auction_id, project_id, review_auction_type_id) VALUES (110001, 100001, 3);
INSERT INTO review_auction (review_auction_id, project_id, review_auction_type_id) VALUES (100001, 100001, 1);
INSERT INTO project (project_id, project_status_id, project_category_id, create_user, create_date, modify_user, modify_date, tc_direct_project_id, project_studio_spec_id) VALUES (100002, 1, 1, 132456, CURRENT, 132456, CURRENT, 100001, NULL);
INSERT INTO project_phase (project_phase_id, project_id, phase_type_id, phase_status_id, fixed_start_time, scheduled_start_time, scheduled_end_time, actual_start_time, actual_end_time, duration, create_user, create_date, modify_user, modify_date) VALUES (100013, 100002, 13, 3, CURRENT + -13800 UNITS MINUTE, CURRENT + -13800 UNITS MINUTE, CURRENT + -10920 UNITS MINUTE, CURRENT + -13800 UNITS MINUTE, CURRENT + -10920 UNITS MINUTE, 172800000, 132456, CURRENT, 132456, CURRENT);
INSERT INTO project_phase (project_phase_id, project_id, phase_type_id, phase_status_id, fixed_start_time, scheduled_start_time, scheduled_end_time, actual_start_time, actual_end_time, duration, create_user, create_date, modify_user, modify_date) VALUES (100014, 100002, 14, 3, null, CURRENT + -10920 UNITS MINUTE, CURRENT + -10800 UNITS MINUTE, CURRENT + -10920 UNITS MINUTE, CURRENT + -10800 UNITS MINUTE, 7200000, 132456, CURRENT, 132456, CURRENT);
INSERT INTO project_phase (project_phase_id, project_id, phase_type_id, phase_status_id, fixed_start_time, scheduled_start_time, scheduled_end_time, actual_start_time, actual_end_time, duration, create_user, create_date, modify_user, modify_date) VALUES (100015, 100002, 1, 3, CURRENT + -10800 UNITS MINUTE, CURRENT + -10800 UNITS MINUTE, CURRENT + -7920 UNITS MINUTE, CURRENT + -10800 UNITS MINUTE, CURRENT + -7920 UNITS MINUTE, 172800000, 132456, CURRENT, 132456, CURRENT);
INSERT INTO project_phase (project_phase_id, project_id, phase_type_id, phase_status_id, fixed_start_time, scheduled_start_time, scheduled_end_time, actual_start_time, actual_end_time, duration, create_user, create_date, modify_user, modify_date) VALUES (100016, 100002, 2, 3, null, CURRENT + -10800 UNITS MINUTE, CURRENT + -5040 UNITS MINUTE, CURRENT + -10800 UNITS MINUTE, CURRENT + -5040 UNITS MINUTE, 345600000, 132456, CURRENT, 132456, CURRENT);
INSERT INTO project_phase (project_phase_id, project_id, phase_type_id, phase_status_id, fixed_start_time, scheduled_start_time, scheduled_end_time, actual_start_time, actual_end_time, duration, create_user, create_date, modify_user, modify_date) VALUES (100017, 100002, 3, 3, null, CURRENT + -5040 UNITS MINUTE, CURRENT + -4320 UNITS MINUTE, CURRENT + -5040 UNITS MINUTE, CURRENT + -4320 UNITS MINUTE, 43200000, 132456, CURRENT, 132456, CURRENT);
INSERT INTO project_phase (project_phase_id, project_id, phase_type_id, phase_status_id, fixed_start_time, scheduled_start_time, scheduled_end_time, actual_start_time, actual_end_time, duration, create_user, create_date, modify_user, modify_date) VALUES (100018, 100002, 4, 2, null, CURRENT + -4320 UNITS MINUTE, CURRENT + -1440 UNITS MINUTE, CURRENT + -4320 UNITS MINUTE, null, 172800000, 132456, CURRENT, 132456, CURRENT);
INSERT INTO project_phase (project_phase_id, project_id, phase_type_id, phase_status_id, fixed_start_time, scheduled_start_time, scheduled_end_time, actual_start_time, actual_end_time, duration, create_user, create_date, modify_user, modify_date) VALUES (100019, 100002, 5, 1, null, CURRENT + -1440 UNITS MINUTE, CURRENT + 0 UNITS MINUTE, null, null, 86400000, 132456, CURRENT, 132456, CURRENT);
INSERT INTO project_phase (project_phase_id, project_id, phase_type_id, phase_status_id, fixed_start_time, scheduled_start_time, scheduled_end_time, actual_start_time, actual_end_time, duration, create_user, create_date, modify_user, modify_date) VALUES (100020, 100002, 6, 1, null, CURRENT + 0 UNITS MINUTE, CURRENT + 720 UNITS MINUTE, null, null, 43200000, 132456, CURRENT, 132456, CURRENT);
INSERT INTO project_phase (project_phase_id, project_id, phase_type_id, phase_status_id, fixed_start_time, scheduled_start_time, scheduled_end_time, actual_start_time, actual_end_time, duration, create_user, create_date, modify_user, modify_date) VALUES (100021, 100002, 7, 1, null, CURRENT + 720 UNITS MINUTE, CURRENT + 1440 UNITS MINUTE, null, null, 43200000, 132456, CURRENT, 132456, CURRENT);
INSERT INTO project_phase (project_phase_id, project_id, phase_type_id, phase_status_id, fixed_start_time, scheduled_start_time, scheduled_end_time, actual_start_time, actual_end_time, duration, create_user, create_date, modify_user, modify_date) VALUES (100022, 100002, 9, 1, null, CURRENT + 1440 UNITS MINUTE, CURRENT + 2880 UNITS MINUTE, null, null, 86400000, 132456, CURRENT, 132456, CURRENT);
INSERT INTO project_phase (project_phase_id, project_id, phase_type_id, phase_status_id, fixed_start_time, scheduled_start_time, scheduled_end_time, actual_start_time, actual_end_time, duration, create_user, create_date, modify_user, modify_date) VALUES (100023, 100002, 10, 1, null, CURRENT + 2880 UNITS MINUTE, CURRENT + 3600 UNITS MINUTE, null, null, 43200000, 132456, CURRENT, 132456, CURRENT);
INSERT INTO project_phase (project_phase_id, project_id, phase_type_id, phase_status_id, fixed_start_time, scheduled_start_time, scheduled_end_time, actual_start_time, actual_end_time, duration, create_user, create_date, modify_user, modify_date) VALUES (100024, 100002, 11, 1, null, CURRENT + 3600 UNITS MINUTE, CURRENT + 10800 UNITS MINUTE, null, null, 432000000, 132456, CURRENT, 132456, CURRENT);
INSERT INTO phase_dependency (dependency_phase_id, dependent_phase_id, dependency_start, dependent_start, lag_time, create_user, create_date, modify_user, modify_date) VALUES (100013, 100014, 0, 1, 0, 132456, CURRENT, 132456, CURRENT);
INSERT INTO phase_dependency (dependency_phase_id, dependent_phase_id, dependency_start, dependent_start, lag_time, create_user, create_date, modify_user, modify_date) VALUES (100014, 100015, 0, 1, 0, 132456, CURRENT, 132456, CURRENT);
INSERT INTO phase_dependency (dependency_phase_id, dependent_phase_id, dependency_start, dependent_start, lag_time, create_user, create_date, modify_user, modify_date) VALUES (100015, 100016, 1, 1, 0, 132456, CURRENT, 132456, CURRENT);
INSERT INTO phase_dependency (dependency_phase_id, dependent_phase_id, dependency_start, dependent_start, lag_time, create_user, create_date, modify_user, modify_date) VALUES (100016, 100017, 0, 1, 0, 132456, CURRENT, 132456, CURRENT);
INSERT INTO phase_dependency (dependency_phase_id, dependent_phase_id, dependency_start, dependent_start, lag_time, create_user, create_date, modify_user, modify_date) VALUES (100017, 100018, 0, 1, 0, 132456, CURRENT, 132456, CURRENT);
INSERT INTO phase_dependency (dependency_phase_id, dependent_phase_id, dependency_start, dependent_start, lag_time, create_user, create_date, modify_user, modify_date) VALUES (100018, 100019, 0, 1, 0, 132456, CURRENT, 132456, CURRENT);
INSERT INTO phase_dependency (dependency_phase_id, dependent_phase_id, dependency_start, dependent_start, lag_time, create_user, create_date, modify_user, modify_date) VALUES (100019, 100020, 0, 1, 0, 132456, CURRENT, 132456, CURRENT);
INSERT INTO phase_dependency (dependency_phase_id, dependent_phase_id, dependency_start, dependent_start, lag_time, create_user, create_date, modify_user, modify_date) VALUES (100020, 100021, 0, 1, 0, 132456, CURRENT, 132456, CURRENT);
INSERT INTO phase_dependency (dependency_phase_id, dependent_phase_id, dependency_start, dependent_start, lag_time, create_user, create_date, modify_user, modify_date) VALUES (100021, 100022, 0, 1, 0, 132456, CURRENT, 132456, CURRENT);
INSERT INTO phase_dependency (dependency_phase_id, dependent_phase_id, dependency_start, dependent_start, lag_time, create_user, create_date, modify_user, modify_date) VALUES (100022, 100023, 0, 1, 0, 132456, CURRENT, 132456, CURRENT);
INSERT INTO phase_dependency (dependency_phase_id, dependent_phase_id, dependency_start, dependent_start, lag_time, create_user, create_date, modify_user, modify_date) VALUES (100023, 100024, 0, 1, 0, 132456, CURRENT, 132456, CURRENT);
INSERT INTO phase_criteria (project_phase_id, phase_criteria_type_id, parameter, create_user, create_date, modify_user, modify_date) VALUES (100014, 6, '1', 132456, CURRENT, 132456, CURRENT);
INSERT INTO phase_criteria (project_phase_id, phase_criteria_type_id, parameter, create_user, create_date, modify_user, modify_date) VALUES (100014, 1, '30000722', 132456, CURRENT, 132456, CURRENT);
INSERT INTO phase_criteria (project_phase_id, phase_criteria_type_id, parameter, create_user, create_date, modify_user, modify_date) VALUES (100015, 2, '0', 132456, CURRENT, 132456, CURRENT);
INSERT INTO phase_criteria (project_phase_id, phase_criteria_type_id, parameter, create_user, create_date, modify_user, modify_date) VALUES (100015, 5, 'No', 132456, CURRENT, 132456, CURRENT);
INSERT INTO phase_criteria (project_phase_id, phase_criteria_type_id, parameter, create_user, create_date, modify_user, modify_date) VALUES (100016, 3, '0', 132456, CURRENT, 132456, CURRENT);
INSERT INTO phase_criteria (project_phase_id, phase_criteria_type_id, parameter, create_user, create_date, modify_user, modify_date) VALUES (100016, 5, 'Yes', 132456, CURRENT, 132456, CURRENT);
INSERT INTO phase_criteria (project_phase_id, phase_criteria_type_id, parameter, create_user, create_date, modify_user, modify_date) VALUES (100017, 1, '30000410', 132456, CURRENT, 132456, CURRENT);
INSERT INTO phase_criteria (project_phase_id, phase_criteria_type_id, parameter, create_user, create_date, modify_user, modify_date) VALUES (100017, 5, 'No', 132456, CURRENT, 132456, CURRENT);
INSERT INTO phase_criteria (project_phase_id, phase_criteria_type_id, parameter, create_user, create_date, modify_user, modify_date) VALUES (100018, 6, '3', 132456, CURRENT, 132456, CURRENT);
INSERT INTO phase_criteria (project_phase_id, phase_criteria_type_id, parameter, create_user, create_date, modify_user, modify_date) VALUES (100018, 1, '30000411', 132456, CURRENT, 132456, CURRENT);
INSERT INTO phase_criteria (project_phase_id, phase_criteria_type_id, parameter, create_user, create_date, modify_user, modify_date) VALUES (100018, 5, 'No', 132456, CURRENT, 132456, CURRENT);
INSERT INTO phase_criteria (project_phase_id, phase_criteria_type_id, parameter, create_user, create_date, modify_user, modify_date) VALUES (100019, 4, 'No', 132456, CURRENT, 132456, CURRENT);
INSERT INTO phase_criteria (project_phase_id, phase_criteria_type_id, parameter, create_user, create_date, modify_user, modify_date) VALUES (100019, 5, 'No', 132456, CURRENT, 132456, CURRENT);
INSERT INTO phase_criteria (project_phase_id, phase_criteria_type_id, parameter, create_user, create_date, modify_user, modify_date) VALUES (100020, 5, 'No', 132456, CURRENT, 132456, CURRENT);
INSERT INTO phase_criteria (project_phase_id, phase_criteria_type_id, parameter, create_user, create_date, modify_user, modify_date) VALUES (100021, 5, 'No', 132456, CURRENT, 132456, CURRENT);
INSERT INTO phase_criteria (project_phase_id, phase_criteria_type_id, parameter, create_user, create_date, modify_user, modify_date) VALUES (100022, 5, 'No', 132456, CURRENT, 132456, CURRENT);
INSERT INTO phase_criteria (project_phase_id, phase_criteria_type_id, parameter, create_user, create_date, modify_user, modify_date) VALUES (100023, 5, 'No', 132456, CURRENT, 132456, CURRENT);
INSERT INTO phase_criteria (project_phase_id, phase_criteria_type_id, parameter, create_user, create_date, modify_user, modify_date) VALUES (100024, 6, '1', 132456, CURRENT, 132456, CURRENT);
INSERT INTO phase_criteria (project_phase_id, phase_criteria_type_id, parameter, create_user, create_date, modify_user, modify_date) VALUES (100024, 1, '30000720', 132456, CURRENT, 132456, CURRENT);
INSERT INTO review_auction (review_auction_id, project_id, review_auction_type_id) VALUES (110002, 100002, 3);
INSERT INTO review_auction (review_auction_id, project_id, review_auction_type_id) VALUES (100002, 100002, 1);
INSERT INTO project (project_id, project_status_id, project_category_id, create_user, create_date, modify_user, modify_date, tc_direct_project_id, project_studio_spec_id) VALUES (100003, 1, 14, 132456, CURRENT, 132456, CURRENT, 100001, NULL);
INSERT INTO project_phase (project_phase_id, project_id, phase_type_id, phase_status_id, fixed_start_time, scheduled_start_time, scheduled_end_time, actual_start_time, actual_end_time, duration, create_user, create_date, modify_user, modify_date) VALUES (100025, 100003, 13, 3, CURRENT + -9480 UNITS MINUTE, CURRENT + -9480 UNITS MINUTE, CURRENT + -6600 UNITS MINUTE, CURRENT + -9480 UNITS MINUTE, CURRENT + -6600 UNITS MINUTE, 172800000, 132456, CURRENT, 132456, CURRENT);
INSERT INTO project_phase (project_phase_id, project_id, phase_type_id, phase_status_id, fixed_start_time, scheduled_start_time, scheduled_end_time, actual_start_time, actual_end_time, duration, create_user, create_date, modify_user, modify_date) VALUES (100026, 100003, 14, 3, null, CURRENT + -6600 UNITS MINUTE, CURRENT + -6480 UNITS MINUTE, CURRENT + -6600 UNITS MINUTE, CURRENT + -6480 UNITS MINUTE, 7200000, 132456, CURRENT, 132456, CURRENT);
INSERT INTO project_phase (project_phase_id, project_id, phase_type_id, phase_status_id, fixed_start_time, scheduled_start_time, scheduled_end_time, actual_start_time, actual_end_time, duration, create_user, create_date, modify_user, modify_date) VALUES (100027, 100003, 1, 3, CURRENT + -6480 UNITS MINUTE, CURRENT + -6480 UNITS MINUTE, CURRENT + -3600 UNITS MINUTE, CURRENT + -6480 UNITS MINUTE, CURRENT + -3600 UNITS MINUTE, 172800000, 132456, CURRENT, 132456, CURRENT);
INSERT INTO project_phase (project_phase_id, project_id, phase_type_id, phase_status_id, fixed_start_time, scheduled_start_time, scheduled_end_time, actual_start_time, actual_end_time, duration, create_user, create_date, modify_user, modify_date) VALUES (100028, 100003, 2, 2, null, CURRENT + -6480 UNITS MINUTE, CURRENT + 720 UNITS MINUTE, CURRENT + -6480 UNITS MINUTE, null, 432000000, 132456, CURRENT, 132456, CURRENT);
INSERT INTO project_phase (project_phase_id, project_id, phase_type_id, phase_status_id, fixed_start_time, scheduled_start_time, scheduled_end_time, actual_start_time, actual_end_time, duration, create_user, create_date, modify_user, modify_date) VALUES (100029, 100003, 3, 1, null, CURRENT + 720 UNITS MINUTE, CURRENT + 1440 UNITS MINUTE, null, null, 43200000, 132456, CURRENT, 132456, CURRENT);
INSERT INTO project_phase (project_phase_id, project_id, phase_type_id, phase_status_id, fixed_start_time, scheduled_start_time, scheduled_end_time, actual_start_time, actual_end_time, duration, create_user, create_date, modify_user, modify_date) VALUES (100030, 100003, 4, 1, null, CURRENT + 1440 UNITS MINUTE, CURRENT + 4320 UNITS MINUTE, null, null, 172800000, 132456, CURRENT, 132456, CURRENT);
INSERT INTO project_phase (project_phase_id, project_id, phase_type_id, phase_status_id, fixed_start_time, scheduled_start_time, scheduled_end_time, actual_start_time, actual_end_time, duration, create_user, create_date, modify_user, modify_date) VALUES (100031, 100003, 5, 1, null, CURRENT + 4320 UNITS MINUTE, CURRENT + 5760 UNITS MINUTE, null, null, 86400000, 132456, CURRENT, 132456, CURRENT);
INSERT INTO project_phase (project_phase_id, project_id, phase_type_id, phase_status_id, fixed_start_time, scheduled_start_time, scheduled_end_time, actual_start_time, actual_end_time, duration, create_user, create_date, modify_user, modify_date) VALUES (100032, 100003, 6, 1, null, CURRENT + 5760 UNITS MINUTE, CURRENT + 6480 UNITS MINUTE, null, null, 43200000, 132456, CURRENT, 132456, CURRENT);
INSERT INTO project_phase (project_phase_id, project_id, phase_type_id, phase_status_id, fixed_start_time, scheduled_start_time, scheduled_end_time, actual_start_time, actual_end_time, duration, create_user, create_date, modify_user, modify_date) VALUES (100033, 100003, 7, 1, null, CURRENT + 6480 UNITS MINUTE, CURRENT + 7200 UNITS MINUTE, null, null, 43200000, 132456, CURRENT, 132456, CURRENT);
INSERT INTO project_phase (project_phase_id, project_id, phase_type_id, phase_status_id, fixed_start_time, scheduled_start_time, scheduled_end_time, actual_start_time, actual_end_time, duration, create_user, create_date, modify_user, modify_date) VALUES (100034, 100003, 9, 1, null, CURRENT + 7200 UNITS MINUTE, CURRENT + 8640 UNITS MINUTE, null, null, 86400000, 132456, CURRENT, 132456, CURRENT);
INSERT INTO project_phase (project_phase_id, project_id, phase_type_id, phase_status_id, fixed_start_time, scheduled_start_time, scheduled_end_time, actual_start_time, actual_end_time, duration, create_user, create_date, modify_user, modify_date) VALUES (100035, 100003, 10, 1, null, CURRENT + 8640 UNITS MINUTE, CURRENT + 9360 UNITS MINUTE, null, null, 43200000, 132456, CURRENT, 132456, CURRENT);
INSERT INTO project_phase (project_phase_id, project_id, phase_type_id, phase_status_id, fixed_start_time, scheduled_start_time, scheduled_end_time, actual_start_time, actual_end_time, duration, create_user, create_date, modify_user, modify_date) VALUES (100036, 100003, 11, 1, null, CURRENT + 9360 UNITS MINUTE, CURRENT + 16560 UNITS MINUTE, null, null, 432000000, 132456, CURRENT, 132456, CURRENT);
INSERT INTO phase_dependency (dependency_phase_id, dependent_phase_id, dependency_start, dependent_start, lag_time, create_user, create_date, modify_user, modify_date) VALUES (100025, 100026, 0, 1, 0, 132456, CURRENT, 132456, CURRENT);
INSERT INTO phase_dependency (dependency_phase_id, dependent_phase_id, dependency_start, dependent_start, lag_time, create_user, create_date, modify_user, modify_date) VALUES (100026, 100027, 0, 1, 0, 132456, CURRENT, 132456, CURRENT);
INSERT INTO phase_dependency (dependency_phase_id, dependent_phase_id, dependency_start, dependent_start, lag_time, create_user, create_date, modify_user, modify_date) VALUES (100027, 100028, 1, 1, 0, 132456, CURRENT, 132456, CURRENT);
INSERT INTO phase_dependency (dependency_phase_id, dependent_phase_id, dependency_start, dependent_start, lag_time, create_user, create_date, modify_user, modify_date) VALUES (100028, 100029, 0, 1, 0, 132456, CURRENT, 132456, CURRENT);
INSERT INTO phase_dependency (dependency_phase_id, dependent_phase_id, dependency_start, dependent_start, lag_time, create_user, create_date, modify_user, modify_date) VALUES (100029, 100030, 0, 1, 0, 132456, CURRENT, 132456, CURRENT);
INSERT INTO phase_dependency (dependency_phase_id, dependent_phase_id, dependency_start, dependent_start, lag_time, create_user, create_date, modify_user, modify_date) VALUES (100030, 100031, 0, 1, 0, 132456, CURRENT, 132456, CURRENT);
INSERT INTO phase_dependency (dependency_phase_id, dependent_phase_id, dependency_start, dependent_start, lag_time, create_user, create_date, modify_user, modify_date) VALUES (100031, 100032, 0, 1, 0, 132456, CURRENT, 132456, CURRENT);
INSERT INTO phase_dependency (dependency_phase_id, dependent_phase_id, dependency_start, dependent_start, lag_time, create_user, create_date, modify_user, modify_date) VALUES (100032, 100033, 0, 1, 0, 132456, CURRENT, 132456, CURRENT);
INSERT INTO phase_dependency (dependency_phase_id, dependent_phase_id, dependency_start, dependent_start, lag_time, create_user, create_date, modify_user, modify_date) VALUES (100033, 100034, 0, 1, 0, 132456, CURRENT, 132456, CURRENT);
INSERT INTO phase_dependency (dependency_phase_id, dependent_phase_id, dependency_start, dependent_start, lag_time, create_user, create_date, modify_user, modify_date) VALUES (100034, 100035, 0, 1, 0, 132456, CURRENT, 132456, CURRENT);
INSERT INTO phase_dependency (dependency_phase_id, dependent_phase_id, dependency_start, dependent_start, lag_time, create_user, create_date, modify_user, modify_date) VALUES (100035, 100036, 0, 1, 0, 132456, CURRENT, 132456, CURRENT);
INSERT INTO phase_criteria (project_phase_id, phase_criteria_type_id, parameter, create_user, create_date, modify_user, modify_date) VALUES (100026, 6, '1', 132456, CURRENT, 132456, CURRENT);
INSERT INTO phase_criteria (project_phase_id, phase_criteria_type_id, parameter, create_user, create_date, modify_user, modify_date) VALUES (100026, 1, '30000722', 132456, CURRENT, 132456, CURRENT);
INSERT INTO phase_criteria (project_phase_id, phase_criteria_type_id, parameter, create_user, create_date, modify_user, modify_date) VALUES (100027, 2, '0', 132456, CURRENT, 132456, CURRENT);
INSERT INTO phase_criteria (project_phase_id, phase_criteria_type_id, parameter, create_user, create_date, modify_user, modify_date) VALUES (100027, 5, 'No', 132456, CURRENT, 132456, CURRENT);
INSERT INTO phase_criteria (project_phase_id, phase_criteria_type_id, parameter, create_user, create_date, modify_user, modify_date) VALUES (100028, 3, '0', 132456, CURRENT, 132456, CURRENT);
INSERT INTO phase_criteria (project_phase_id, phase_criteria_type_id, parameter, create_user, create_date, modify_user, modify_date) VALUES (100028, 5, 'Yes', 132456, CURRENT, 132456, CURRENT);
INSERT INTO phase_criteria (project_phase_id, phase_criteria_type_id, parameter, create_user, create_date, modify_user, modify_date) VALUES (100029, 1, '30000410', 132456, CURRENT, 132456, CURRENT);
INSERT INTO phase_criteria (project_phase_id, phase_criteria_type_id, parameter, create_user, create_date, modify_user, modify_date) VALUES (100029, 5, 'No', 132456, CURRENT, 132456, CURRENT);
INSERT INTO phase_criteria (project_phase_id, phase_criteria_type_id, parameter, create_user, create_date, modify_user, modify_date) VALUES (100030, 6, '3', 132456, CURRENT, 132456, CURRENT);
INSERT INTO phase_criteria (project_phase_id, phase_criteria_type_id, parameter, create_user, create_date, modify_user, modify_date) VALUES (100030, 1, '30000411', 132456, CURRENT, 132456, CURRENT);
INSERT INTO phase_criteria (project_phase_id, phase_criteria_type_id, parameter, create_user, create_date, modify_user, modify_date) VALUES (100030, 5, 'No', 132456, CURRENT, 132456, CURRENT);
INSERT INTO phase_criteria (project_phase_id, phase_criteria_type_id, parameter, create_user, create_date, modify_user, modify_date) VALUES (100031, 4, 'No', 132456, CURRENT, 132456, CURRENT);
INSERT INTO phase_criteria (project_phase_id, phase_criteria_type_id, parameter, create_user, create_date, modify_user, modify_date) VALUES (100031, 5, 'No', 132456, CURRENT, 132456, CURRENT);
INSERT INTO phase_criteria (project_phase_id, phase_criteria_type_id, parameter, create_user, create_date, modify_user, modify_date) VALUES (100032, 5, 'No', 132456, CURRENT, 132456, CURRENT);
INSERT INTO phase_criteria (project_phase_id, phase_criteria_type_id, parameter, create_user, create_date, modify_user, modify_date) VALUES (100033, 5, 'No', 132456, CURRENT, 132456, CURRENT);
INSERT INTO phase_criteria (project_phase_id, phase_criteria_type_id, parameter, create_user, create_date, modify_user, modify_date) VALUES (100034, 5, 'No', 132456, CURRENT, 132456, CURRENT);
INSERT INTO phase_criteria (project_phase_id, phase_criteria_type_id, parameter, create_user, create_date, modify_user, modify_date) VALUES (100035, 5, 'No', 132456, CURRENT, 132456, CURRENT);
INSERT INTO phase_criteria (project_phase_id, phase_criteria_type_id, parameter, create_user, create_date, modify_user, modify_date) VALUES (100036, 6, '1', 132456, CURRENT, 132456, CURRENT);
INSERT INTO phase_criteria (project_phase_id, phase_criteria_type_id, parameter, create_user, create_date, modify_user, modify_date) VALUES (100036, 1, '30000720', 132456, CURRENT, 132456, CURRENT);
INSERT INTO review_auction (review_auction_id, project_id, review_auction_type_id) VALUES (110003, 100003, 3);
INSERT INTO review_auction (review_auction_id, project_id, review_auction_type_id) VALUES (100003, 100003, 1);
INSERT INTO project (project_id, project_status_id, project_category_id, create_user, create_date, modify_user, modify_date, tc_direct_project_id, project_studio_spec_id) VALUES (100004, 1, 1, 132456, CURRENT, 132456, CURRENT, 100001, NULL);
INSERT INTO project_phase (project_phase_id, project_id, phase_type_id, phase_status_id, fixed_start_time, scheduled_start_time, scheduled_end_time, actual_start_time, actual_end_time, duration, create_user, create_date, modify_user, modify_date) VALUES (100037, 100004, 13, 3, CURRENT + -2940 UNITS MINUTE, CURRENT + -2940 UNITS MINUTE, CURRENT + -60 UNITS MINUTE, CURRENT + -2940 UNITS MINUTE, CURRENT + -60 UNITS MINUTE, 172800000, 132456, CURRENT, 132456, CURRENT);
INSERT INTO project_phase (project_phase_id, project_id, phase_type_id, phase_status_id, fixed_start_time, scheduled_start_time, scheduled_end_time, actual_start_time, actual_end_time, duration, create_user, create_date, modify_user, modify_date) VALUES (100038, 100004, 14, 2, null, CURRENT + -60 UNITS MINUTE, CURRENT + 60 UNITS MINUTE, CURRENT + -60 UNITS MINUTE, null, 7200000, 132456, CURRENT, 132456, CURRENT);
INSERT INTO project_phase (project_phase_id, project_id, phase_type_id, phase_status_id, fixed_start_time, scheduled_start_time, scheduled_end_time, actual_start_time, actual_end_time, duration, create_user, create_date, modify_user, modify_date) VALUES (100039, 100004, 1, 1, CURRENT + 60 UNITS MINUTE, CURRENT + 60 UNITS MINUTE, CURRENT + 2940 UNITS MINUTE, null, null, 172800000, 132456, CURRENT, 132456, CURRENT);
INSERT INTO project_phase (project_phase_id, project_id, phase_type_id, phase_status_id, fixed_start_time, scheduled_start_time, scheduled_end_time, actual_start_time, actual_end_time, duration, create_user, create_date, modify_user, modify_date) VALUES (100040, 100004, 2, 1, null, CURRENT + 60 UNITS MINUTE, CURRENT + 5820 UNITS MINUTE, null, null, 345600000, 132456, CURRENT, 132456, CURRENT);
INSERT INTO project_phase (project_phase_id, project_id, phase_type_id, phase_status_id, fixed_start_time, scheduled_start_time, scheduled_end_time, actual_start_time, actual_end_time, duration, create_user, create_date, modify_user, modify_date) VALUES (100041, 100004, 3, 1, null, CURRENT + 5820 UNITS MINUTE, CURRENT + 6540 UNITS MINUTE, null, null, 43200000, 132456, CURRENT, 132456, CURRENT);
INSERT INTO project_phase (project_phase_id, project_id, phase_type_id, phase_status_id, fixed_start_time, scheduled_start_time, scheduled_end_time, actual_start_time, actual_end_time, duration, create_user, create_date, modify_user, modify_date) VALUES (100042, 100004, 4, 1, null, CURRENT + 6540 UNITS MINUTE, CURRENT + 9420 UNITS MINUTE, null, null, 172800000, 132456, CURRENT, 132456, CURRENT);
INSERT INTO project_phase (project_phase_id, project_id, phase_type_id, phase_status_id, fixed_start_time, scheduled_start_time, scheduled_end_time, actual_start_time, actual_end_time, duration, create_user, create_date, modify_user, modify_date) VALUES (100043, 100004, 5, 1, null, CURRENT + 9420 UNITS MINUTE, CURRENT + 10860 UNITS MINUTE, null, null, 86400000, 132456, CURRENT, 132456, CURRENT);
INSERT INTO project_phase (project_phase_id, project_id, phase_type_id, phase_status_id, fixed_start_time, scheduled_start_time, scheduled_end_time, actual_start_time, actual_end_time, duration, create_user, create_date, modify_user, modify_date) VALUES (100044, 100004, 6, 1, null, CURRENT + 10860 UNITS MINUTE, CURRENT + 11580 UNITS MINUTE, null, null, 43200000, 132456, CURRENT, 132456, CURRENT);
INSERT INTO project_phase (project_phase_id, project_id, phase_type_id, phase_status_id, fixed_start_time, scheduled_start_time, scheduled_end_time, actual_start_time, actual_end_time, duration, create_user, create_date, modify_user, modify_date) VALUES (100045, 100004, 7, 1, null, CURRENT + 11580 UNITS MINUTE, CURRENT + 12300 UNITS MINUTE, null, null, 43200000, 132456, CURRENT, 132456, CURRENT);
INSERT INTO project_phase (project_phase_id, project_id, phase_type_id, phase_status_id, fixed_start_time, scheduled_start_time, scheduled_end_time, actual_start_time, actual_end_time, duration, create_user, create_date, modify_user, modify_date) VALUES (100046, 100004, 9, 1, null, CURRENT + 12300 UNITS MINUTE, CURRENT + 13740 UNITS MINUTE, null, null, 86400000, 132456, CURRENT, 132456, CURRENT);
INSERT INTO project_phase (project_phase_id, project_id, phase_type_id, phase_status_id, fixed_start_time, scheduled_start_time, scheduled_end_time, actual_start_time, actual_end_time, duration, create_user, create_date, modify_user, modify_date) VALUES (100047, 100004, 10, 1, null, CURRENT + 13740 UNITS MINUTE, CURRENT + 14460 UNITS MINUTE, null, null, 43200000, 132456, CURRENT, 132456, CURRENT);
INSERT INTO project_phase (project_phase_id, project_id, phase_type_id, phase_status_id, fixed_start_time, scheduled_start_time, scheduled_end_time, actual_start_time, actual_end_time, duration, create_user, create_date, modify_user, modify_date) VALUES (100048, 100004, 11, 1, null, CURRENT + 14460 UNITS MINUTE, CURRENT + 21660 UNITS MINUTE, null, null, 432000000, 132456, CURRENT, 132456, CURRENT);
INSERT INTO phase_dependency (dependency_phase_id, dependent_phase_id, dependency_start, dependent_start, lag_time, create_user, create_date, modify_user, modify_date) VALUES (100037, 100038, 0, 1, 0, 132456, CURRENT, 132456, CURRENT);
INSERT INTO phase_dependency (dependency_phase_id, dependent_phase_id, dependency_start, dependent_start, lag_time, create_user, create_date, modify_user, modify_date) VALUES (100038, 100039, 0, 1, 0, 132456, CURRENT, 132456, CURRENT);
INSERT INTO phase_dependency (dependency_phase_id, dependent_phase_id, dependency_start, dependent_start, lag_time, create_user, create_date, modify_user, modify_date) VALUES (100039, 100040, 1, 1, 0, 132456, CURRENT, 132456, CURRENT);
INSERT INTO phase_dependency (dependency_phase_id, dependent_phase_id, dependency_start, dependent_start, lag_time, create_user, create_date, modify_user, modify_date) VALUES (100040, 100041, 0, 1, 0, 132456, CURRENT, 132456, CURRENT);
INSERT INTO phase_dependency (dependency_phase_id, dependent_phase_id, dependency_start, dependent_start, lag_time, create_user, create_date, modify_user, modify_date) VALUES (100041, 100042, 0, 1, 0, 132456, CURRENT, 132456, CURRENT);
INSERT INTO phase_dependency (dependency_phase_id, dependent_phase_id, dependency_start, dependent_start, lag_time, create_user, create_date, modify_user, modify_date) VALUES (100042, 100043, 0, 1, 0, 132456, CURRENT, 132456, CURRENT);
INSERT INTO phase_dependency (dependency_phase_id, dependent_phase_id, dependency_start, dependent_start, lag_time, create_user, create_date, modify_user, modify_date) VALUES (100043, 100044, 0, 1, 0, 132456, CURRENT, 132456, CURRENT);
INSERT INTO phase_dependency (dependency_phase_id, dependent_phase_id, dependency_start, dependent_start, lag_time, create_user, create_date, modify_user, modify_date) VALUES (100044, 100045, 0, 1, 0, 132456, CURRENT, 132456, CURRENT);
INSERT INTO phase_dependency (dependency_phase_id, dependent_phase_id, dependency_start, dependent_start, lag_time, create_user, create_date, modify_user, modify_date) VALUES (100045, 100046, 0, 1, 0, 132456, CURRENT, 132456, CURRENT);
INSERT INTO phase_dependency (dependency_phase_id, dependent_phase_id, dependency_start, dependent_start, lag_time, create_user, create_date, modify_user, modify_date) VALUES (100046, 100047, 0, 1, 0, 132456, CURRENT, 132456, CURRENT);
INSERT INTO phase_dependency (dependency_phase_id, dependent_phase_id, dependency_start, dependent_start, lag_time, create_user, create_date, modify_user, modify_date) VALUES (100047, 100048, 0, 1, 0, 132456, CURRENT, 132456, CURRENT);
INSERT INTO phase_criteria (project_phase_id, phase_criteria_type_id, parameter, create_user, create_date, modify_user, modify_date) VALUES (100038, 6, '1', 132456, CURRENT, 132456, CURRENT);
INSERT INTO phase_criteria (project_phase_id, phase_criteria_type_id, parameter, create_user, create_date, modify_user, modify_date) VALUES (100038, 1, '30000722', 132456, CURRENT, 132456, CURRENT);
INSERT INTO phase_criteria (project_phase_id, phase_criteria_type_id, parameter, create_user, create_date, modify_user, modify_date) VALUES (100039, 2, '0', 132456, CURRENT, 132456, CURRENT);
INSERT INTO phase_criteria (project_phase_id, phase_criteria_type_id, parameter, create_user, create_date, modify_user, modify_date) VALUES (100039, 5, 'No', 132456, CURRENT, 132456, CURRENT);
INSERT INTO phase_criteria (project_phase_id, phase_criteria_type_id, parameter, create_user, create_date, modify_user, modify_date) VALUES (100040, 3, '0', 132456, CURRENT, 132456, CURRENT);
INSERT INTO phase_criteria (project_phase_id, phase_criteria_type_id, parameter, create_user, create_date, modify_user, modify_date) VALUES (100040, 5, 'Yes', 132456, CURRENT, 132456, CURRENT);
INSERT INTO phase_criteria (project_phase_id, phase_criteria_type_id, parameter, create_user, create_date, modify_user, modify_date) VALUES (100041, 1, '30000410', 132456, CURRENT, 132456, CURRENT);
INSERT INTO phase_criteria (project_phase_id, phase_criteria_type_id, parameter, create_user, create_date, modify_user, modify_date) VALUES (100041, 5, 'No', 132456, CURRENT, 132456, CURRENT);
INSERT INTO phase_criteria (project_phase_id, phase_criteria_type_id, parameter, create_user, create_date, modify_user, modify_date) VALUES (100042, 6, '3', 132456, CURRENT, 132456, CURRENT);
INSERT INTO phase_criteria (project_phase_id, phase_criteria_type_id, parameter, create_user, create_date, modify_user, modify_date) VALUES (100042, 1, '30000411', 132456, CURRENT, 132456, CURRENT);
INSERT INTO phase_criteria (project_phase_id, phase_criteria_type_id, parameter, create_user, create_date, modify_user, modify_date) VALUES (100042, 5, 'No', 132456, CURRENT, 132456, CURRENT);
INSERT INTO phase_criteria (project_phase_id, phase_criteria_type_id, parameter, create_user, create_date, modify_user, modify_date) VALUES (100043, 4, 'No', 132456, CURRENT, 132456, CURRENT);
INSERT INTO phase_criteria (project_phase_id, phase_criteria_type_id, parameter, create_user, create_date, modify_user, modify_date) VALUES (100043, 5, 'No', 132456, CURRENT, 132456, CURRENT);
INSERT INTO phase_criteria (project_phase_id, phase_criteria_type_id, parameter, create_user, create_date, modify_user, modify_date) VALUES (100044, 5, 'No', 132456, CURRENT, 132456, CURRENT);
INSERT INTO phase_criteria (project_phase_id, phase_criteria_type_id, parameter, create_user, create_date, modify_user, modify_date) VALUES (100045, 5, 'No', 132456, CURRENT, 132456, CURRENT);
INSERT INTO phase_criteria (project_phase_id, phase_criteria_type_id, parameter, create_user, create_date, modify_user, modify_date) VALUES (100046, 5, 'No', 132456, CURRENT, 132456, CURRENT);
INSERT INTO phase_criteria (project_phase_id, phase_criteria_type_id, parameter, create_user, create_date, modify_user, modify_date) VALUES (100047, 5, 'No', 132456, CURRENT, 132456, CURRENT);
INSERT INTO phase_criteria (project_phase_id, phase_criteria_type_id, parameter, create_user, create_date, modify_user, modify_date) VALUES (100048, 6, '1', 132456, CURRENT, 132456, CURRENT);
INSERT INTO phase_criteria (project_phase_id, phase_criteria_type_id, parameter, create_user, create_date, modify_user, modify_date) VALUES (100048, 1, '30000720', 132456, CURRENT, 132456, CURRENT);
INSERT INTO review_auction (review_auction_id, project_id, review_auction_type_id) VALUES (110004, 100004, 3);
INSERT INTO review_auction (review_auction_id, project_id, review_auction_type_id) VALUES (100004, 100004, 1);
INSERT INTO project (project_id, project_status_id, project_category_id, create_user, create_date, modify_user, modify_date, tc_direct_project_id, project_studio_spec_id) VALUES (100005, 1, 14, 132456, CURRENT, 132456, CURRENT, 100001, NULL);
INSERT INTO project_phase (project_phase_id, project_id, phase_type_id, phase_status_id, fixed_start_time, scheduled_start_time, scheduled_end_time, actual_start_time, actual_end_time, duration, create_user, create_date, modify_user, modify_date) VALUES (100049, 100005, 13, 3, CURRENT + -2940 UNITS MINUTE, CURRENT + -2940 UNITS MINUTE, CURRENT + -60 UNITS MINUTE, CURRENT + -2940 UNITS MINUTE, CURRENT + -60 UNITS MINUTE, 172800000, 132456, CURRENT, 132456, CURRENT);
INSERT INTO project_phase (project_phase_id, project_id, phase_type_id, phase_status_id, fixed_start_time, scheduled_start_time, scheduled_end_time, actual_start_time, actual_end_time, duration, create_user, create_date, modify_user, modify_date) VALUES (100050, 100005, 14, 2, null, CURRENT + -60 UNITS MINUTE, CURRENT + 60 UNITS MINUTE, CURRENT + -60 UNITS MINUTE, null, 7200000, 132456, CURRENT, 132456, CURRENT);
INSERT INTO project_phase (project_phase_id, project_id, phase_type_id, phase_status_id, fixed_start_time, scheduled_start_time, scheduled_end_time, actual_start_time, actual_end_time, duration, create_user, create_date, modify_user, modify_date) VALUES (100051, 100005, 1, 1, CURRENT + 60 UNITS MINUTE, CURRENT + 60 UNITS MINUTE, CURRENT + 2940 UNITS MINUTE, null, null, 172800000, 132456, CURRENT, 132456, CURRENT);
INSERT INTO project_phase (project_phase_id, project_id, phase_type_id, phase_status_id, fixed_start_time, scheduled_start_time, scheduled_end_time, actual_start_time, actual_end_time, duration, create_user, create_date, modify_user, modify_date) VALUES (100052, 100005, 2, 1, null, CURRENT + 60 UNITS MINUTE, CURRENT + 7260 UNITS MINUTE, null, null, 432000000, 132456, CURRENT, 132456, CURRENT);
INSERT INTO project_phase (project_phase_id, project_id, phase_type_id, phase_status_id, fixed_start_time, scheduled_start_time, scheduled_end_time, actual_start_time, actual_end_time, duration, create_user, create_date, modify_user, modify_date) VALUES (100053, 100005, 3, 1, null, CURRENT + 7260 UNITS MINUTE, CURRENT + 7980 UNITS MINUTE, null, null, 43200000, 132456, CURRENT, 132456, CURRENT);
INSERT INTO project_phase (project_phase_id, project_id, phase_type_id, phase_status_id, fixed_start_time, scheduled_start_time, scheduled_end_time, actual_start_time, actual_end_time, duration, create_user, create_date, modify_user, modify_date) VALUES (100054, 100005, 4, 1, null, CURRENT + 7980 UNITS MINUTE, CURRENT + 10860 UNITS MINUTE, null, null, 172800000, 132456, CURRENT, 132456, CURRENT);
INSERT INTO project_phase (project_phase_id, project_id, phase_type_id, phase_status_id, fixed_start_time, scheduled_start_time, scheduled_end_time, actual_start_time, actual_end_time, duration, create_user, create_date, modify_user, modify_date) VALUES (100055, 100005, 5, 1, null, CURRENT + 10860 UNITS MINUTE, CURRENT + 12300 UNITS MINUTE, null, null, 86400000, 132456, CURRENT, 132456, CURRENT);
INSERT INTO project_phase (project_phase_id, project_id, phase_type_id, phase_status_id, fixed_start_time, scheduled_start_time, scheduled_end_time, actual_start_time, actual_end_time, duration, create_user, create_date, modify_user, modify_date) VALUES (100056, 100005, 6, 1, null, CURRENT + 12300 UNITS MINUTE, CURRENT + 13020 UNITS MINUTE, null, null, 43200000, 132456, CURRENT, 132456, CURRENT);
INSERT INTO project_phase (project_phase_id, project_id, phase_type_id, phase_status_id, fixed_start_time, scheduled_start_time, scheduled_end_time, actual_start_time, actual_end_time, duration, create_user, create_date, modify_user, modify_date) VALUES (100057, 100005, 7, 1, null, CURRENT + 13020 UNITS MINUTE, CURRENT + 13740 UNITS MINUTE, null, null, 43200000, 132456, CURRENT, 132456, CURRENT);
INSERT INTO project_phase (project_phase_id, project_id, phase_type_id, phase_status_id, fixed_start_time, scheduled_start_time, scheduled_end_time, actual_start_time, actual_end_time, duration, create_user, create_date, modify_user, modify_date) VALUES (100058, 100005, 9, 1, null, CURRENT + 13740 UNITS MINUTE, CURRENT + 15180 UNITS MINUTE, null, null, 86400000, 132456, CURRENT, 132456, CURRENT);
INSERT INTO project_phase (project_phase_id, project_id, phase_type_id, phase_status_id, fixed_start_time, scheduled_start_time, scheduled_end_time, actual_start_time, actual_end_time, duration, create_user, create_date, modify_user, modify_date) VALUES (100059, 100005, 10, 1, null, CURRENT + 15180 UNITS MINUTE, CURRENT + 15900 UNITS MINUTE, null, null, 43200000, 132456, CURRENT, 132456, CURRENT);
INSERT INTO project_phase (project_phase_id, project_id, phase_type_id, phase_status_id, fixed_start_time, scheduled_start_time, scheduled_end_time, actual_start_time, actual_end_time, duration, create_user, create_date, modify_user, modify_date) VALUES (100060, 100005, 11, 1, null, CURRENT + 15900 UNITS MINUTE, CURRENT + 23100 UNITS MINUTE, null, null, 432000000, 132456, CURRENT, 132456, CURRENT);
INSERT INTO phase_dependency (dependency_phase_id, dependent_phase_id, dependency_start, dependent_start, lag_time, create_user, create_date, modify_user, modify_date) VALUES (100049, 100050, 0, 1, 0, 132456, CURRENT, 132456, CURRENT);
INSERT INTO phase_dependency (dependency_phase_id, dependent_phase_id, dependency_start, dependent_start, lag_time, create_user, create_date, modify_user, modify_date) VALUES (100050, 100051, 0, 1, 0, 132456, CURRENT, 132456, CURRENT);
INSERT INTO phase_dependency (dependency_phase_id, dependent_phase_id, dependency_start, dependent_start, lag_time, create_user, create_date, modify_user, modify_date) VALUES (100051, 100052, 1, 1, 0, 132456, CURRENT, 132456, CURRENT);
INSERT INTO phase_dependency (dependency_phase_id, dependent_phase_id, dependency_start, dependent_start, lag_time, create_user, create_date, modify_user, modify_date) VALUES (100052, 100053, 0, 1, 0, 132456, CURRENT, 132456, CURRENT);
INSERT INTO phase_dependency (dependency_phase_id, dependent_phase_id, dependency_start, dependent_start, lag_time, create_user, create_date, modify_user, modify_date) VALUES (100053, 100054, 0, 1, 0, 132456, CURRENT, 132456, CURRENT);
INSERT INTO phase_dependency (dependency_phase_id, dependent_phase_id, dependency_start, dependent_start, lag_time, create_user, create_date, modify_user, modify_date) VALUES (100054, 100055, 0, 1, 0, 132456, CURRENT, 132456, CURRENT);
INSERT INTO phase_dependency (dependency_phase_id, dependent_phase_id, dependency_start, dependent_start, lag_time, create_user, create_date, modify_user, modify_date) VALUES (100055, 100056, 0, 1, 0, 132456, CURRENT, 132456, CURRENT);
INSERT INTO phase_dependency (dependency_phase_id, dependent_phase_id, dependency_start, dependent_start, lag_time, create_user, create_date, modify_user, modify_date) VALUES (100056, 100057, 0, 1, 0, 132456, CURRENT, 132456, CURRENT);
INSERT INTO phase_dependency (dependency_phase_id, dependent_phase_id, dependency_start, dependent_start, lag_time, create_user, create_date, modify_user, modify_date) VALUES (100057, 100058, 0, 1, 0, 132456, CURRENT, 132456, CURRENT);
INSERT INTO phase_dependency (dependency_phase_id, dependent_phase_id, dependency_start, dependent_start, lag_time, create_user, create_date, modify_user, modify_date) VALUES (100058, 100059, 0, 1, 0, 132456, CURRENT, 132456, CURRENT);
INSERT INTO phase_dependency (dependency_phase_id, dependent_phase_id, dependency_start, dependent_start, lag_time, create_user, create_date, modify_user, modify_date) VALUES (100059, 100060, 0, 1, 0, 132456, CURRENT, 132456, CURRENT);
INSERT INTO phase_criteria (project_phase_id, phase_criteria_type_id, parameter, create_user, create_date, modify_user, modify_date) VALUES (100050, 6, '1', 132456, CURRENT, 132456, CURRENT);
INSERT INTO phase_criteria (project_phase_id, phase_criteria_type_id, parameter, create_user, create_date, modify_user, modify_date) VALUES (100050, 1, '30000722', 132456, CURRENT, 132456, CURRENT);
INSERT INTO phase_criteria (project_phase_id, phase_criteria_type_id, parameter, create_user, create_date, modify_user, modify_date) VALUES (100051, 2, '0', 132456, CURRENT, 132456, CURRENT);
INSERT INTO phase_criteria (project_phase_id, phase_criteria_type_id, parameter, create_user, create_date, modify_user, modify_date) VALUES (100051, 5, 'No', 132456, CURRENT, 132456, CURRENT);
INSERT INTO phase_criteria (project_phase_id, phase_criteria_type_id, parameter, create_user, create_date, modify_user, modify_date) VALUES (100052, 3, '0', 132456, CURRENT, 132456, CURRENT);
INSERT INTO phase_criteria (project_phase_id, phase_criteria_type_id, parameter, create_user, create_date, modify_user, modify_date) VALUES (100052, 5, 'Yes', 132456, CURRENT, 132456, CURRENT);
INSERT INTO phase_criteria (project_phase_id, phase_criteria_type_id, parameter, create_user, create_date, modify_user, modify_date) VALUES (100053, 1, '30000410', 132456, CURRENT, 132456, CURRENT);
INSERT INTO phase_criteria (project_phase_id, phase_criteria_type_id, parameter, create_user, create_date, modify_user, modify_date) VALUES (100053, 5, 'No', 132456, CURRENT, 132456, CURRENT);
INSERT INTO phase_criteria (project_phase_id, phase_criteria_type_id, parameter, create_user, create_date, modify_user, modify_date) VALUES (100054, 6, '3', 132456, CURRENT, 132456, CURRENT);
INSERT INTO phase_criteria (project_phase_id, phase_criteria_type_id, parameter, create_user, create_date, modify_user, modify_date) VALUES (100054, 1, '30000411', 132456, CURRENT, 132456, CURRENT);
INSERT INTO phase_criteria (project_phase_id, phase_criteria_type_id, parameter, create_user, create_date, modify_user, modify_date) VALUES (100054, 5, 'No', 132456, CURRENT, 132456, CURRENT);
INSERT INTO phase_criteria (project_phase_id, phase_criteria_type_id, parameter, create_user, create_date, modify_user, modify_date) VALUES (100055, 4, 'No', 132456, CURRENT, 132456, CURRENT);
INSERT INTO phase_criteria (project_phase_id, phase_criteria_type_id, parameter, create_user, create_date, modify_user, modify_date) VALUES (100055, 5, 'No', 132456, CURRENT, 132456, CURRENT);
INSERT INTO phase_criteria (project_phase_id, phase_criteria_type_id, parameter, create_user, create_date, modify_user, modify_date) VALUES (100056, 5, 'No', 132456, CURRENT, 132456, CURRENT);
INSERT INTO phase_criteria (project_phase_id, phase_criteria_type_id, parameter, create_user, create_date, modify_user, modify_date) VALUES (100057, 5, 'No', 132456, CURRENT, 132456, CURRENT);
INSERT INTO phase_criteria (project_phase_id, phase_criteria_type_id, parameter, create_user, create_date, modify_user, modify_date) VALUES (100058, 5, 'No', 132456, CURRENT, 132456, CURRENT);
INSERT INTO phase_criteria (project_phase_id, phase_criteria_type_id, parameter, create_user, create_date, modify_user, modify_date) VALUES (100059, 5, 'No', 132456, CURRENT, 132456, CURRENT);
INSERT INTO phase_criteria (project_phase_id, phase_criteria_type_id, parameter, create_user, create_date, modify_user, modify_date) VALUES (100060, 6, '1', 132456, CURRENT, 132456, CURRENT);
INSERT INTO phase_criteria (project_phase_id, phase_criteria_type_id, parameter, create_user, create_date, modify_user, modify_date) VALUES (100060, 1, '30000720', 132456, CURRENT, 132456, CURRENT);
INSERT INTO review_auction (review_auction_id, project_id, review_auction_type_id) VALUES (110005, 100005, 3);
INSERT INTO review_auction (review_auction_id, project_id, review_auction_type_id) VALUES (100005, 100005, 1);
INSERT INTO project (project_id, project_status_id, project_category_id, create_user, create_date, modify_user, modify_date, tc_direct_project_id, project_studio_spec_id) VALUES (100006, 1, 2, 132456, CURRENT, 132456, CURRENT, 100001, NULL);
INSERT INTO project_phase (project_phase_id, project_id, phase_type_id, phase_status_id, fixed_start_time, scheduled_start_time, scheduled_end_time, actual_start_time, actual_end_time, duration, create_user, create_date, modify_user, modify_date) VALUES (100061, 100006, 13, 3, CURRENT + -2940 UNITS MINUTE, CURRENT + -2940 UNITS MINUTE, CURRENT + -60 UNITS MINUTE, CURRENT + -2940 UNITS MINUTE, CURRENT + -60 UNITS MINUTE, 172800000, 132456, CURRENT, 132456, CURRENT);
INSERT INTO project_phase (project_phase_id, project_id, phase_type_id, phase_status_id, fixed_start_time, scheduled_start_time, scheduled_end_time, actual_start_time, actual_end_time, duration, create_user, create_date, modify_user, modify_date) VALUES (100062, 100006, 14, 2, null, CURRENT + -60 UNITS MINUTE, CURRENT + 60 UNITS MINUTE, CURRENT + -60 UNITS MINUTE, null, 7200000, 132456, CURRENT, 132456, CURRENT);
INSERT INTO project_phase (project_phase_id, project_id, phase_type_id, phase_status_id, fixed_start_time, scheduled_start_time, scheduled_end_time, actual_start_time, actual_end_time, duration, create_user, create_date, modify_user, modify_date) VALUES (100063, 100006, 1, 1, CURRENT + 60 UNITS MINUTE, CURRENT + 60 UNITS MINUTE, CURRENT + 2940 UNITS MINUTE, null, null, 172800000, 132456, CURRENT, 132456, CURRENT);
INSERT INTO project_phase (project_phase_id, project_id, phase_type_id, phase_status_id, fixed_start_time, scheduled_start_time, scheduled_end_time, actual_start_time, actual_end_time, duration, create_user, create_date, modify_user, modify_date) VALUES (100064, 100006, 2, 1, null, CURRENT + 60 UNITS MINUTE, CURRENT + 5820 UNITS MINUTE, null, null, 345600000, 132456, CURRENT, 132456, CURRENT);
INSERT INTO project_phase (project_phase_id, project_id, phase_type_id, phase_status_id, fixed_start_time, scheduled_start_time, scheduled_end_time, actual_start_time, actual_end_time, duration, create_user, create_date, modify_user, modify_date) VALUES (100065, 100006, 3, 1, null, CURRENT + 5820 UNITS MINUTE, CURRENT + 6540 UNITS MINUTE, null, null, 43200000, 132456, CURRENT, 132456, CURRENT);
INSERT INTO project_phase (project_phase_id, project_id, phase_type_id, phase_status_id, fixed_start_time, scheduled_start_time, scheduled_end_time, actual_start_time, actual_end_time, duration, create_user, create_date, modify_user, modify_date) VALUES (100066, 100006, 4, 1, null, CURRENT + 6540 UNITS MINUTE, CURRENT + 9420 UNITS MINUTE, null, null, 172800000, 132456, CURRENT, 132456, CURRENT);
INSERT INTO project_phase (project_phase_id, project_id, phase_type_id, phase_status_id, fixed_start_time, scheduled_start_time, scheduled_end_time, actual_start_time, actual_end_time, duration, create_user, create_date, modify_user, modify_date) VALUES (100067, 100006, 5, 1, null, CURRENT + 9420 UNITS MINUTE, CURRENT + 10860 UNITS MINUTE, null, null, 86400000, 132456, CURRENT, 132456, CURRENT);
INSERT INTO project_phase (project_phase_id, project_id, phase_type_id, phase_status_id, fixed_start_time, scheduled_start_time, scheduled_end_time, actual_start_time, actual_end_time, duration, create_user, create_date, modify_user, modify_date) VALUES (100068, 100006, 6, 1, null, CURRENT + 10860 UNITS MINUTE, CURRENT + 11580 UNITS MINUTE, null, null, 43200000, 132456, CURRENT, 132456, CURRENT);
INSERT INTO project_phase (project_phase_id, project_id, phase_type_id, phase_status_id, fixed_start_time, scheduled_start_time, scheduled_end_time, actual_start_time, actual_end_time, duration, create_user, create_date, modify_user, modify_date) VALUES (100069, 100006, 7, 1, null, CURRENT + 11580 UNITS MINUTE, CURRENT + 12300 UNITS MINUTE, null, null, 43200000, 132456, CURRENT, 132456, CURRENT);
INSERT INTO project_phase (project_phase_id, project_id, phase_type_id, phase_status_id, fixed_start_time, scheduled_start_time, scheduled_end_time, actual_start_time, actual_end_time, duration, create_user, create_date, modify_user, modify_date) VALUES (100070, 100006, 9, 1, null, CURRENT + 12300 UNITS MINUTE, CURRENT + 13740 UNITS MINUTE, null, null, 86400000, 132456, CURRENT, 132456, CURRENT);
INSERT INTO project_phase (project_phase_id, project_id, phase_type_id, phase_status_id, fixed_start_time, scheduled_start_time, scheduled_end_time, actual_start_time, actual_end_time, duration, create_user, create_date, modify_user, modify_date) VALUES (100071, 100006, 10, 1, null, CURRENT + 13740 UNITS MINUTE, CURRENT + 14460 UNITS MINUTE, null, null, 43200000, 132456, CURRENT, 132456, CURRENT);
INSERT INTO project_phase (project_phase_id, project_id, phase_type_id, phase_status_id, fixed_start_time, scheduled_start_time, scheduled_end_time, actual_start_time, actual_end_time, duration, create_user, create_date, modify_user, modify_date) VALUES (100072, 100006, 11, 1, null, CURRENT + 14460 UNITS MINUTE, CURRENT + 21660 UNITS MINUTE, null, null, 432000000, 132456, CURRENT, 132456, CURRENT);
INSERT INTO phase_dependency (dependency_phase_id, dependent_phase_id, dependency_start, dependent_start, lag_time, create_user, create_date, modify_user, modify_date) VALUES (100061, 100062, 0, 1, 0, 132456, CURRENT, 132456, CURRENT);
INSERT INTO phase_dependency (dependency_phase_id, dependent_phase_id, dependency_start, dependent_start, lag_time, create_user, create_date, modify_user, modify_date) VALUES (100062, 100063, 0, 1, 0, 132456, CURRENT, 132456, CURRENT);
INSERT INTO phase_dependency (dependency_phase_id, dependent_phase_id, dependency_start, dependent_start, lag_time, create_user, create_date, modify_user, modify_date) VALUES (100063, 100064, 1, 1, 0, 132456, CURRENT, 132456, CURRENT);
INSERT INTO phase_dependency (dependency_phase_id, dependent_phase_id, dependency_start, dependent_start, lag_time, create_user, create_date, modify_user, modify_date) VALUES (100064, 100065, 0, 1, 0, 132456, CURRENT, 132456, CURRENT);
INSERT INTO phase_dependency (dependency_phase_id, dependent_phase_id, dependency_start, dependent_start, lag_time, create_user, create_date, modify_user, modify_date) VALUES (100065, 100066, 0, 1, 0, 132456, CURRENT, 132456, CURRENT);
INSERT INTO phase_dependency (dependency_phase_id, dependent_phase_id, dependency_start, dependent_start, lag_time, create_user, create_date, modify_user, modify_date) VALUES (100066, 100067, 0, 1, 0, 132456, CURRENT, 132456, CURRENT);
INSERT INTO phase_dependency (dependency_phase_id, dependent_phase_id, dependency_start, dependent_start, lag_time, create_user, create_date, modify_user, modify_date) VALUES (100067, 100068, 0, 1, 0, 132456, CURRENT, 132456, CURRENT);
INSERT INTO phase_dependency (dependency_phase_id, dependent_phase_id, dependency_start, dependent_start, lag_time, create_user, create_date, modify_user, modify_date) VALUES (100068, 100069, 0, 1, 0, 132456, CURRENT, 132456, CURRENT);
INSERT INTO phase_dependency (dependency_phase_id, dependent_phase_id, dependency_start, dependent_start, lag_time, create_user, create_date, modify_user, modify_date) VALUES (100069, 100070, 0, 1, 0, 132456, CURRENT, 132456, CURRENT);
INSERT INTO phase_dependency (dependency_phase_id, dependent_phase_id, dependency_start, dependent_start, lag_time, create_user, create_date, modify_user, modify_date) VALUES (100070, 100071, 0, 1, 0, 132456, CURRENT, 132456, CURRENT);
INSERT INTO phase_dependency (dependency_phase_id, dependent_phase_id, dependency_start, dependent_start, lag_time, create_user, create_date, modify_user, modify_date) VALUES (100071, 100072, 0, 1, 0, 132456, CURRENT, 132456, CURRENT);
INSERT INTO phase_criteria (project_phase_id, phase_criteria_type_id, parameter, create_user, create_date, modify_user, modify_date) VALUES (100062, 6, '1', 132456, CURRENT, 132456, CURRENT);
INSERT INTO phase_criteria (project_phase_id, phase_criteria_type_id, parameter, create_user, create_date, modify_user, modify_date) VALUES (100062, 1, '30000722', 132456, CURRENT, 132456, CURRENT);
INSERT INTO phase_criteria (project_phase_id, phase_criteria_type_id, parameter, create_user, create_date, modify_user, modify_date) VALUES (100063, 2, '0', 132456, CURRENT, 132456, CURRENT);
INSERT INTO phase_criteria (project_phase_id, phase_criteria_type_id, parameter, create_user, create_date, modify_user, modify_date) VALUES (100063, 5, 'No', 132456, CURRENT, 132456, CURRENT);
INSERT INTO phase_criteria (project_phase_id, phase_criteria_type_id, parameter, create_user, create_date, modify_user, modify_date) VALUES (100064, 3, '0', 132456, CURRENT, 132456, CURRENT);
INSERT INTO phase_criteria (project_phase_id, phase_criteria_type_id, parameter, create_user, create_date, modify_user, modify_date) VALUES (100064, 5, 'Yes', 132456, CURRENT, 132456, CURRENT);
INSERT INTO phase_criteria (project_phase_id, phase_criteria_type_id, parameter, create_user, create_date, modify_user, modify_date) VALUES (100065, 1, '30000412', 132456, CURRENT, 132456, CURRENT);
INSERT INTO phase_criteria (project_phase_id, phase_criteria_type_id, parameter, create_user, create_date, modify_user, modify_date) VALUES (100065, 5, 'No', 132456, CURRENT, 132456, CURRENT);
INSERT INTO phase_criteria (project_phase_id, phase_criteria_type_id, parameter, create_user, create_date, modify_user, modify_date) VALUES (100066, 6, '3', 132456, CURRENT, 132456, CURRENT);
INSERT INTO phase_criteria (project_phase_id, phase_criteria_type_id, parameter, create_user, create_date, modify_user, modify_date) VALUES (100066, 1, '30000413', 132456, CURRENT, 132456, CURRENT);
INSERT INTO phase_criteria (project_phase_id, phase_criteria_type_id, parameter, create_user, create_date, modify_user, modify_date) VALUES (100066, 5, 'No', 132456, CURRENT, 132456, CURRENT);
INSERT INTO phase_criteria (project_phase_id, phase_criteria_type_id, parameter, create_user, create_date, modify_user, modify_date) VALUES (100067, 4, 'No', 132456, CURRENT, 132456, CURRENT);
INSERT INTO phase_criteria (project_phase_id, phase_criteria_type_id, parameter, create_user, create_date, modify_user, modify_date) VALUES (100067, 5, 'No', 132456, CURRENT, 132456, CURRENT);
INSERT INTO phase_criteria (project_phase_id, phase_criteria_type_id, parameter, create_user, create_date, modify_user, modify_date) VALUES (100068, 5, 'No', 132456, CURRENT, 132456, CURRENT);
INSERT INTO phase_criteria (project_phase_id, phase_criteria_type_id, parameter, create_user, create_date, modify_user, modify_date) VALUES (100069, 5, 'No', 132456, CURRENT, 132456, CURRENT);
INSERT INTO phase_criteria (project_phase_id, phase_criteria_type_id, parameter, create_user, create_date, modify_user, modify_date) VALUES (100070, 5, 'No', 132456, CURRENT, 132456, CURRENT);
INSERT INTO phase_criteria (project_phase_id, phase_criteria_type_id, parameter, create_user, create_date, modify_user, modify_date) VALUES (100071, 5, 'No', 132456, CURRENT, 132456, CURRENT);
INSERT INTO phase_criteria (project_phase_id, phase_criteria_type_id, parameter, create_user, create_date, modify_user, modify_date) VALUES (100072, 6, '1', 132456, CURRENT, 132456, CURRENT);
INSERT INTO phase_criteria (project_phase_id, phase_criteria_type_id, parameter, create_user, create_date, modify_user, modify_date) VALUES (100072, 1, '30000720', 132456, CURRENT, 132456, CURRENT);
INSERT INTO review_auction (review_auction_id, project_id, review_auction_type_id) VALUES (110006, 100006, 3);
INSERT INTO review_auction (review_auction_id, project_id, review_auction_type_id) VALUES (100006, 100006, 2);
INSERT INTO project (project_id, project_status_id, project_category_id, create_user, create_date, modify_user, modify_date, tc_direct_project_id, project_studio_spec_id) VALUES (100007, 1, 2, 132456, CURRENT, 132456, CURRENT, 100001, NULL);
INSERT INTO project_phase (project_phase_id, project_id, phase_type_id, phase_status_id, fixed_start_time, scheduled_start_time, scheduled_end_time, actual_start_time, actual_end_time, duration, create_user, create_date, modify_user, modify_date) VALUES (100073, 100007, 13, 3, CURRENT + -2940 UNITS MINUTE, CURRENT + -2940 UNITS MINUTE, CURRENT + -60 UNITS MINUTE, CURRENT + -2940 UNITS MINUTE, CURRENT + -60 UNITS MINUTE, 172800000, 132456, CURRENT, 132456, CURRENT);
INSERT INTO project_phase (project_phase_id, project_id, phase_type_id, phase_status_id, fixed_start_time, scheduled_start_time, scheduled_end_time, actual_start_time, actual_end_time, duration, create_user, create_date, modify_user, modify_date) VALUES (100074, 100007, 14, 2, null, CURRENT + -60 UNITS MINUTE, CURRENT + 60 UNITS MINUTE, CURRENT + -60 UNITS MINUTE, null, 7200000, 132456, CURRENT, 132456, CURRENT);
INSERT INTO project_phase (project_phase_id, project_id, phase_type_id, phase_status_id, fixed_start_time, scheduled_start_time, scheduled_end_time, actual_start_time, actual_end_time, duration, create_user, create_date, modify_user, modify_date) VALUES (100075, 100007, 1, 1, CURRENT + 60 UNITS MINUTE, CURRENT + 60 UNITS MINUTE, CURRENT + 2940 UNITS MINUTE, null, null, 172800000, 132456, CURRENT, 132456, CURRENT);
INSERT INTO project_phase (project_phase_id, project_id, phase_type_id, phase_status_id, fixed_start_time, scheduled_start_time, scheduled_end_time, actual_start_time, actual_end_time, duration, create_user, create_date, modify_user, modify_date) VALUES (100076, 100007, 2, 1, null, CURRENT + 60 UNITS MINUTE, CURRENT + 5820 UNITS MINUTE, null, null, 345600000, 132456, CURRENT, 132456, CURRENT);
INSERT INTO project_phase (project_phase_id, project_id, phase_type_id, phase_status_id, fixed_start_time, scheduled_start_time, scheduled_end_time, actual_start_time, actual_end_time, duration, create_user, create_date, modify_user, modify_date) VALUES (100077, 100007, 3, 1, null, CURRENT + 5820 UNITS MINUTE, CURRENT + 6540 UNITS MINUTE, null, null, 43200000, 132456, CURRENT, 132456, CURRENT);
INSERT INTO project_phase (project_phase_id, project_id, phase_type_id, phase_status_id, fixed_start_time, scheduled_start_time, scheduled_end_time, actual_start_time, actual_end_time, duration, create_user, create_date, modify_user, modify_date) VALUES (100078, 100007, 4, 1, null, CURRENT + 6540 UNITS MINUTE, CURRENT + 9420 UNITS MINUTE, null, null, 172800000, 132456, CURRENT, 132456, CURRENT);
INSERT INTO project_phase (project_phase_id, project_id, phase_type_id, phase_status_id, fixed_start_time, scheduled_start_time, scheduled_end_time, actual_start_time, actual_end_time, duration, create_user, create_date, modify_user, modify_date) VALUES (100079, 100007, 5, 1, null, CURRENT + 9420 UNITS MINUTE, CURRENT + 10860 UNITS MINUTE, null, null, 86400000, 132456, CURRENT, 132456, CURRENT);
INSERT INTO project_phase (project_phase_id, project_id, phase_type_id, phase_status_id, fixed_start_time, scheduled_start_time, scheduled_end_time, actual_start_time, actual_end_time, duration, create_user, create_date, modify_user, modify_date) VALUES (100080, 100007, 6, 1, null, CURRENT + 10860 UNITS MINUTE, CURRENT + 11580 UNITS MINUTE, null, null, 43200000, 132456, CURRENT, 132456, CURRENT);
INSERT INTO project_phase (project_phase_id, project_id, phase_type_id, phase_status_id, fixed_start_time, scheduled_start_time, scheduled_end_time, actual_start_time, actual_end_time, duration, create_user, create_date, modify_user, modify_date) VALUES (100081, 100007, 7, 1, null, CURRENT + 11580 UNITS MINUTE, CURRENT + 12300 UNITS MINUTE, null, null, 43200000, 132456, CURRENT, 132456, CURRENT);
INSERT INTO project_phase (project_phase_id, project_id, phase_type_id, phase_status_id, fixed_start_time, scheduled_start_time, scheduled_end_time, actual_start_time, actual_end_time, duration, create_user, create_date, modify_user, modify_date) VALUES (100082, 100007, 9, 1, null, CURRENT + 12300 UNITS MINUTE, CURRENT + 13740 UNITS MINUTE, null, null, 86400000, 132456, CURRENT, 132456, CURRENT);
INSERT INTO project_phase (project_phase_id, project_id, phase_type_id, phase_status_id, fixed_start_time, scheduled_start_time, scheduled_end_time, actual_start_time, actual_end_time, duration, create_user, create_date, modify_user, modify_date) VALUES (100083, 100007, 10, 1, null, CURRENT + 13740 UNITS MINUTE, CURRENT + 14460 UNITS MINUTE, null, null, 43200000, 132456, CURRENT, 132456, CURRENT);
INSERT INTO project_phase (project_phase_id, project_id, phase_type_id, phase_status_id, fixed_start_time, scheduled_start_time, scheduled_end_time, actual_start_time, actual_end_time, duration, create_user, create_date, modify_user, modify_date) VALUES (100084, 100007, 11, 1, null, CURRENT + 14460 UNITS MINUTE, CURRENT + 21660 UNITS MINUTE, null, null, 432000000, 132456, CURRENT, 132456, CURRENT);
INSERT INTO phase_dependency (dependency_phase_id, dependent_phase_id, dependency_start, dependent_start, lag_time, create_user, create_date, modify_user, modify_date) VALUES (100073, 100074, 0, 1, 0, 132456, CURRENT, 132456, CURRENT);
INSERT INTO phase_dependency (dependency_phase_id, dependent_phase_id, dependency_start, dependent_start, lag_time, create_user, create_date, modify_user, modify_date) VALUES (100074, 100075, 0, 1, 0, 132456, CURRENT, 132456, CURRENT);
INSERT INTO phase_dependency (dependency_phase_id, dependent_phase_id, dependency_start, dependent_start, lag_time, create_user, create_date, modify_user, modify_date) VALUES (100075, 100076, 1, 1, 0, 132456, CURRENT, 132456, CURRENT);
INSERT INTO phase_dependency (dependency_phase_id, dependent_phase_id, dependency_start, dependent_start, lag_time, create_user, create_date, modify_user, modify_date) VALUES (100076, 100077, 0, 1, 0, 132456, CURRENT, 132456, CURRENT);
INSERT INTO phase_dependency (dependency_phase_id, dependent_phase_id, dependency_start, dependent_start, lag_time, create_user, create_date, modify_user, modify_date) VALUES (100077, 100078, 0, 1, 0, 132456, CURRENT, 132456, CURRENT);
INSERT INTO phase_dependency (dependency_phase_id, dependent_phase_id, dependency_start, dependent_start, lag_time, create_user, create_date, modify_user, modify_date) VALUES (100078, 100079, 0, 1, 0, 132456, CURRENT, 132456, CURRENT);
INSERT INTO phase_dependency (dependency_phase_id, dependent_phase_id, dependency_start, dependent_start, lag_time, create_user, create_date, modify_user, modify_date) VALUES (100079, 100080, 0, 1, 0, 132456, CURRENT, 132456, CURRENT);
INSERT INTO phase_dependency (dependency_phase_id, dependent_phase_id, dependency_start, dependent_start, lag_time, create_user, create_date, modify_user, modify_date) VALUES (100080, 100081, 0, 1, 0, 132456, CURRENT, 132456, CURRENT);
INSERT INTO phase_dependency (dependency_phase_id, dependent_phase_id, dependency_start, dependent_start, lag_time, create_user, create_date, modify_user, modify_date) VALUES (100081, 100082, 0, 1, 0, 132456, CURRENT, 132456, CURRENT);
INSERT INTO phase_dependency (dependency_phase_id, dependent_phase_id, dependency_start, dependent_start, lag_time, create_user, create_date, modify_user, modify_date) VALUES (100082, 100083, 0, 1, 0, 132456, CURRENT, 132456, CURRENT);
INSERT INTO phase_dependency (dependency_phase_id, dependent_phase_id, dependency_start, dependent_start, lag_time, create_user, create_date, modify_user, modify_date) VALUES (100083, 100084, 0, 1, 0, 132456, CURRENT, 132456, CURRENT);
INSERT INTO phase_criteria (project_phase_id, phase_criteria_type_id, parameter, create_user, create_date, modify_user, modify_date) VALUES (100074, 6, '1', 132456, CURRENT, 132456, CURRENT);
INSERT INTO phase_criteria (project_phase_id, phase_criteria_type_id, parameter, create_user, create_date, modify_user, modify_date) VALUES (100074, 1, '30000722', 132456, CURRENT, 132456, CURRENT);
INSERT INTO phase_criteria (project_phase_id, phase_criteria_type_id, parameter, create_user, create_date, modify_user, modify_date) VALUES (100075, 2, '0', 132456, CURRENT, 132456, CURRENT);
INSERT INTO phase_criteria (project_phase_id, phase_criteria_type_id, parameter, create_user, create_date, modify_user, modify_date) VALUES (100075, 5, 'No', 132456, CURRENT, 132456, CURRENT);
INSERT INTO phase_criteria (project_phase_id, phase_criteria_type_id, parameter, create_user, create_date, modify_user, modify_date) VALUES (100076, 3, '0', 132456, CURRENT, 132456, CURRENT);
INSERT INTO phase_criteria (project_phase_id, phase_criteria_type_id, parameter, create_user, create_date, modify_user, modify_date) VALUES (100076, 5, 'Yes', 132456, CURRENT, 132456, CURRENT);
INSERT INTO phase_criteria (project_phase_id, phase_criteria_type_id, parameter, create_user, create_date, modify_user, modify_date) VALUES (100077, 1, '30000412', 132456, CURRENT, 132456, CURRENT);
INSERT INTO phase_criteria (project_phase_id, phase_criteria_type_id, parameter, create_user, create_date, modify_user, modify_date) VALUES (100077, 5, 'No', 132456, CURRENT, 132456, CURRENT);
INSERT INTO phase_criteria (project_phase_id, phase_criteria_type_id, parameter, create_user, create_date, modify_user, modify_date) VALUES (100078, 6, '3', 132456, CURRENT, 132456, CURRENT);
INSERT INTO phase_criteria (project_phase_id, phase_criteria_type_id, parameter, create_user, create_date, modify_user, modify_date) VALUES (100078, 1, '30000413', 132456, CURRENT, 132456, CURRENT);
INSERT INTO phase_criteria (project_phase_id, phase_criteria_type_id, parameter, create_user, create_date, modify_user, modify_date) VALUES (100078, 5, 'No', 132456, CURRENT, 132456, CURRENT);
INSERT INTO phase_criteria (project_phase_id, phase_criteria_type_id, parameter, create_user, create_date, modify_user, modify_date) VALUES (100079, 4, 'No', 132456, CURRENT, 132456, CURRENT);
INSERT INTO phase_criteria (project_phase_id, phase_criteria_type_id, parameter, create_user, create_date, modify_user, modify_date) VALUES (100079, 5, 'No', 132456, CURRENT, 132456, CURRENT);
INSERT INTO phase_criteria (project_phase_id, phase_criteria_type_id, parameter, create_user, create_date, modify_user, modify_date) VALUES (100080, 5, 'No', 132456, CURRENT, 132456, CURRENT);
INSERT INTO phase_criteria (project_phase_id, phase_criteria_type_id, parameter, create_user, create_date, modify_user, modify_date) VALUES (100081, 5, 'No', 132456, CURRENT, 132456, CURRENT);
INSERT INTO phase_criteria (project_phase_id, phase_criteria_type_id, parameter, create_user, create_date, modify_user, modify_date) VALUES (100082, 5, 'No', 132456, CURRENT, 132456, CURRENT);
INSERT INTO phase_criteria (project_phase_id, phase_criteria_type_id, parameter, create_user, create_date, modify_user, modify_date) VALUES (100083, 5, 'No', 132456, CURRENT, 132456, CURRENT);
INSERT INTO phase_criteria (project_phase_id, phase_criteria_type_id, parameter, create_user, create_date, modify_user, modify_date) VALUES (100084, 6, '1', 132456, CURRENT, 132456, CURRENT);
INSERT INTO phase_criteria (project_phase_id, phase_criteria_type_id, parameter, create_user, create_date, modify_user, modify_date) VALUES (100084, 1, '30000720', 132456, CURRENT, 132456, CURRENT);
INSERT INTO review_auction (review_auction_id, project_id, review_auction_type_id) VALUES (110007, 100007, 3);
INSERT INTO review_auction (review_auction_id, project_id, review_auction_type_id) VALUES (100007, 100007, 2);
INSERT INTO project (project_id, project_status_id, project_category_id, create_user, create_date, modify_user, modify_date, tc_direct_project_id, project_studio_spec_id) VALUES (100008, 1, 1, 132456, CURRENT, 132456, CURRENT, 100001, NULL);
INSERT INTO project_phase (project_phase_id, project_id, phase_type_id, phase_status_id, fixed_start_time, scheduled_start_time, scheduled_end_time, actual_start_time, actual_end_time, duration, create_user, create_date, modify_user, modify_date) VALUES (100085, 100008, 13, 3, CURRENT + -8760 UNITS MINUTE, CURRENT + -8760 UNITS MINUTE, CURRENT + -5880 UNITS MINUTE, CURRENT + -8760 UNITS MINUTE, CURRENT + -5880 UNITS MINUTE, 172800000, 132456, CURRENT, 132456, CURRENT);
INSERT INTO project_phase (project_phase_id, project_id, phase_type_id, phase_status_id, fixed_start_time, scheduled_start_time, scheduled_end_time, actual_start_time, actual_end_time, duration, create_user, create_date, modify_user, modify_date) VALUES (100086, 100008, 14, 3, null, CURRENT + -5880 UNITS MINUTE, CURRENT + -5760 UNITS MINUTE, CURRENT + -5880 UNITS MINUTE, CURRENT + -5760 UNITS MINUTE, 7200000, 132456, CURRENT, 132456, CURRENT);
INSERT INTO project_phase (project_phase_id, project_id, phase_type_id, phase_status_id, fixed_start_time, scheduled_start_time, scheduled_end_time, actual_start_time, actual_end_time, duration, create_user, create_date, modify_user, modify_date) VALUES (100087, 100008, 1, 3, CURRENT + -5760 UNITS MINUTE, CURRENT + -5760 UNITS MINUTE, CURRENT + -2880 UNITS MINUTE, CURRENT + -5760 UNITS MINUTE, CURRENT + -2880 UNITS MINUTE, 172800000, 132456, CURRENT, 132456, CURRENT);
INSERT INTO project_phase (project_phase_id, project_id, phase_type_id, phase_status_id, fixed_start_time, scheduled_start_time, scheduled_end_time, actual_start_time, actual_end_time, duration, create_user, create_date, modify_user, modify_date) VALUES (100088, 100008, 2, 2, null, CURRENT + -5760 UNITS MINUTE, CURRENT + 0 UNITS MINUTE, CURRENT + -5760 UNITS MINUTE, null, 345600000, 132456, CURRENT, 132456, CURRENT);
INSERT INTO project_phase (project_phase_id, project_id, phase_type_id, phase_status_id, fixed_start_time, scheduled_start_time, scheduled_end_time, actual_start_time, actual_end_time, duration, create_user, create_date, modify_user, modify_date) VALUES (100089, 100008, 3, 1, null, CURRENT + 0 UNITS MINUTE, CURRENT + 720 UNITS MINUTE, null, null, 43200000, 132456, CURRENT, 132456, CURRENT);
INSERT INTO project_phase (project_phase_id, project_id, phase_type_id, phase_status_id, fixed_start_time, scheduled_start_time, scheduled_end_time, actual_start_time, actual_end_time, duration, create_user, create_date, modify_user, modify_date) VALUES (100090, 100008, 4, 1, null, CURRENT + 720 UNITS MINUTE, CURRENT + 3600 UNITS MINUTE, null, null, 172800000, 132456, CURRENT, 132456, CURRENT);
INSERT INTO project_phase (project_phase_id, project_id, phase_type_id, phase_status_id, fixed_start_time, scheduled_start_time, scheduled_end_time, actual_start_time, actual_end_time, duration, create_user, create_date, modify_user, modify_date) VALUES (100091, 100008, 5, 1, null, CURRENT + 3600 UNITS MINUTE, CURRENT + 5040 UNITS MINUTE, null, null, 86400000, 132456, CURRENT, 132456, CURRENT);
INSERT INTO project_phase (project_phase_id, project_id, phase_type_id, phase_status_id, fixed_start_time, scheduled_start_time, scheduled_end_time, actual_start_time, actual_end_time, duration, create_user, create_date, modify_user, modify_date) VALUES (100092, 100008, 6, 1, null, CURRENT + 5040 UNITS MINUTE, CURRENT + 5760 UNITS MINUTE, null, null, 43200000, 132456, CURRENT, 132456, CURRENT);
INSERT INTO project_phase (project_phase_id, project_id, phase_type_id, phase_status_id, fixed_start_time, scheduled_start_time, scheduled_end_time, actual_start_time, actual_end_time, duration, create_user, create_date, modify_user, modify_date) VALUES (100093, 100008, 7, 1, null, CURRENT + 5760 UNITS MINUTE, CURRENT + 6480 UNITS MINUTE, null, null, 43200000, 132456, CURRENT, 132456, CURRENT);
INSERT INTO project_phase (project_phase_id, project_id, phase_type_id, phase_status_id, fixed_start_time, scheduled_start_time, scheduled_end_time, actual_start_time, actual_end_time, duration, create_user, create_date, modify_user, modify_date) VALUES (100094, 100008, 9, 1, null, CURRENT + 6480 UNITS MINUTE, CURRENT + 7920 UNITS MINUTE, null, null, 86400000, 132456, CURRENT, 132456, CURRENT);
INSERT INTO project_phase (project_phase_id, project_id, phase_type_id, phase_status_id, fixed_start_time, scheduled_start_time, scheduled_end_time, actual_start_time, actual_end_time, duration, create_user, create_date, modify_user, modify_date) VALUES (100095, 100008, 10, 1, null, CURRENT + 7920 UNITS MINUTE, CURRENT + 8640 UNITS MINUTE, null, null, 43200000, 132456, CURRENT, 132456, CURRENT);
INSERT INTO project_phase (project_phase_id, project_id, phase_type_id, phase_status_id, fixed_start_time, scheduled_start_time, scheduled_end_time, actual_start_time, actual_end_time, duration, create_user, create_date, modify_user, modify_date) VALUES (100096, 100008, 11, 1, null, CURRENT + 8640 UNITS MINUTE, CURRENT + 15840 UNITS MINUTE, null, null, 432000000, 132456, CURRENT, 132456, CURRENT);
INSERT INTO phase_dependency (dependency_phase_id, dependent_phase_id, dependency_start, dependent_start, lag_time, create_user, create_date, modify_user, modify_date) VALUES (100085, 100086, 0, 1, 0, 132456, CURRENT, 132456, CURRENT);
INSERT INTO phase_dependency (dependency_phase_id, dependent_phase_id, dependency_start, dependent_start, lag_time, create_user, create_date, modify_user, modify_date) VALUES (100086, 100087, 0, 1, 0, 132456, CURRENT, 132456, CURRENT);
INSERT INTO phase_dependency (dependency_phase_id, dependent_phase_id, dependency_start, dependent_start, lag_time, create_user, create_date, modify_user, modify_date) VALUES (100087, 100088, 1, 1, 0, 132456, CURRENT, 132456, CURRENT);
INSERT INTO phase_dependency (dependency_phase_id, dependent_phase_id, dependency_start, dependent_start, lag_time, create_user, create_date, modify_user, modify_date) VALUES (100088, 100089, 0, 1, 0, 132456, CURRENT, 132456, CURRENT);
INSERT INTO phase_dependency (dependency_phase_id, dependent_phase_id, dependency_start, dependent_start, lag_time, create_user, create_date, modify_user, modify_date) VALUES (100089, 100090, 0, 1, 0, 132456, CURRENT, 132456, CURRENT);
INSERT INTO phase_dependency (dependency_phase_id, dependent_phase_id, dependency_start, dependent_start, lag_time, create_user, create_date, modify_user, modify_date) VALUES (100090, 100091, 0, 1, 0, 132456, CURRENT, 132456, CURRENT);
INSERT INTO phase_dependency (dependency_phase_id, dependent_phase_id, dependency_start, dependent_start, lag_time, create_user, create_date, modify_user, modify_date) VALUES (100091, 100092, 0, 1, 0, 132456, CURRENT, 132456, CURRENT);
INSERT INTO phase_dependency (dependency_phase_id, dependent_phase_id, dependency_start, dependent_start, lag_time, create_user, create_date, modify_user, modify_date) VALUES (100092, 100093, 0, 1, 0, 132456, CURRENT, 132456, CURRENT);
INSERT INTO phase_dependency (dependency_phase_id, dependent_phase_id, dependency_start, dependent_start, lag_time, create_user, create_date, modify_user, modify_date) VALUES (100093, 100094, 0, 1, 0, 132456, CURRENT, 132456, CURRENT);
INSERT INTO phase_dependency (dependency_phase_id, dependent_phase_id, dependency_start, dependent_start, lag_time, create_user, create_date, modify_user, modify_date) VALUES (100094, 100095, 0, 1, 0, 132456, CURRENT, 132456, CURRENT);
INSERT INTO phase_dependency (dependency_phase_id, dependent_phase_id, dependency_start, dependent_start, lag_time, create_user, create_date, modify_user, modify_date) VALUES (100095, 100096, 0, 1, 0, 132456, CURRENT, 132456, CURRENT);
INSERT INTO phase_criteria (project_phase_id, phase_criteria_type_id, parameter, create_user, create_date, modify_user, modify_date) VALUES (100086, 6, '1', 132456, CURRENT, 132456, CURRENT);
INSERT INTO phase_criteria (project_phase_id, phase_criteria_type_id, parameter, create_user, create_date, modify_user, modify_date) VALUES (100086, 1, '30000722', 132456, CURRENT, 132456, CURRENT);
INSERT INTO phase_criteria (project_phase_id, phase_criteria_type_id, parameter, create_user, create_date, modify_user, modify_date) VALUES (100087, 2, '0', 132456, CURRENT, 132456, CURRENT);
INSERT INTO phase_criteria (project_phase_id, phase_criteria_type_id, parameter, create_user, create_date, modify_user, modify_date) VALUES (100087, 5, 'No', 132456, CURRENT, 132456, CURRENT);
INSERT INTO phase_criteria (project_phase_id, phase_criteria_type_id, parameter, create_user, create_date, modify_user, modify_date) VALUES (100088, 3, '0', 132456, CURRENT, 132456, CURRENT);
INSERT INTO phase_criteria (project_phase_id, phase_criteria_type_id, parameter, create_user, create_date, modify_user, modify_date) VALUES (100088, 5, 'Yes', 132456, CURRENT, 132456, CURRENT);
INSERT INTO phase_criteria (project_phase_id, phase_criteria_type_id, parameter, create_user, create_date, modify_user, modify_date) VALUES (100089, 1, '30000410', 132456, CURRENT, 132456, CURRENT);
INSERT INTO phase_criteria (project_phase_id, phase_criteria_type_id, parameter, create_user, create_date, modify_user, modify_date) VALUES (100089, 5, 'No', 132456, CURRENT, 132456, CURRENT);
INSERT INTO phase_criteria (project_phase_id, phase_criteria_type_id, parameter, create_user, create_date, modify_user, modify_date) VALUES (100090, 6, '3', 132456, CURRENT, 132456, CURRENT);
INSERT INTO phase_criteria (project_phase_id, phase_criteria_type_id, parameter, create_user, create_date, modify_user, modify_date) VALUES (100090, 1, '30000411', 132456, CURRENT, 132456, CURRENT);
INSERT INTO phase_criteria (project_phase_id, phase_criteria_type_id, parameter, create_user, create_date, modify_user, modify_date) VALUES (100090, 5, 'No', 132456, CURRENT, 132456, CURRENT);
INSERT INTO phase_criteria (project_phase_id, phase_criteria_type_id, parameter, create_user, create_date, modify_user, modify_date) VALUES (100091, 4, 'No', 132456, CURRENT, 132456, CURRENT);
INSERT INTO phase_criteria (project_phase_id, phase_criteria_type_id, parameter, create_user, create_date, modify_user, modify_date) VALUES (100091, 5, 'No', 132456, CURRENT, 132456, CURRENT);
INSERT INTO phase_criteria (project_phase_id, phase_criteria_type_id, parameter, create_user, create_date, modify_user, modify_date) VALUES (100092, 5, 'No', 132456, CURRENT, 132456, CURRENT);
INSERT INTO phase_criteria (project_phase_id, phase_criteria_type_id, parameter, create_user, create_date, modify_user, modify_date) VALUES (100093, 5, 'No', 132456, CURRENT, 132456, CURRENT);
INSERT INTO phase_criteria (project_phase_id, phase_criteria_type_id, parameter, create_user, create_date, modify_user, modify_date) VALUES (100094, 5, 'No', 132456, CURRENT, 132456, CURRENT);
INSERT INTO phase_criteria (project_phase_id, phase_criteria_type_id, parameter, create_user, create_date, modify_user, modify_date) VALUES (100095, 5, 'No', 132456, CURRENT, 132456, CURRENT);
INSERT INTO phase_criteria (project_phase_id, phase_criteria_type_id, parameter, create_user, create_date, modify_user, modify_date) VALUES (100096, 6, '1', 132456, CURRENT, 132456, CURRENT);
INSERT INTO phase_criteria (project_phase_id, phase_criteria_type_id, parameter, create_user, create_date, modify_user, modify_date) VALUES (100096, 1, '30000720', 132456, CURRENT, 132456, CURRENT);
INSERT INTO review_auction (review_auction_id, project_id, review_auction_type_id) VALUES (110008, 100008, 3);
INSERT INTO review_auction (review_auction_id, project_id, review_auction_type_id) VALUES (100008, 100008, 1);
INSERT INTO project (project_id, project_status_id, project_category_id, create_user, create_date, modify_user, modify_date, tc_direct_project_id, project_studio_spec_id) VALUES (100009, 1, 1, 132456, CURRENT, 132456, CURRENT, 100001, NULL);
INSERT INTO project_phase (project_phase_id, project_id, phase_type_id, phase_status_id, fixed_start_time, scheduled_start_time, scheduled_end_time, actual_start_time, actual_end_time, duration, create_user, create_date, modify_user, modify_date) VALUES (100097, 100009, 13, 3, CURRENT + -13800 UNITS MINUTE, CURRENT + -13800 UNITS MINUTE, CURRENT + -10920 UNITS MINUTE, CURRENT + -13800 UNITS MINUTE, CURRENT + -10920 UNITS MINUTE, 172800000, 132456, CURRENT, 132456, CURRENT);
INSERT INTO project_phase (project_phase_id, project_id, phase_type_id, phase_status_id, fixed_start_time, scheduled_start_time, scheduled_end_time, actual_start_time, actual_end_time, duration, create_user, create_date, modify_user, modify_date) VALUES (100098, 100009, 14, 3, null, CURRENT + -10920 UNITS MINUTE, CURRENT + -10800 UNITS MINUTE, CURRENT + -10920 UNITS MINUTE, CURRENT + -10800 UNITS MINUTE, 7200000, 132456, CURRENT, 132456, CURRENT);
INSERT INTO project_phase (project_phase_id, project_id, phase_type_id, phase_status_id, fixed_start_time, scheduled_start_time, scheduled_end_time, actual_start_time, actual_end_time, duration, create_user, create_date, modify_user, modify_date) VALUES (100099, 100009, 1, 3, CURRENT + -10800 UNITS MINUTE, CURRENT + -10800 UNITS MINUTE, CURRENT + -7920 UNITS MINUTE, CURRENT + -10800 UNITS MINUTE, CURRENT + -7920 UNITS MINUTE, 172800000, 132456, CURRENT, 132456, CURRENT);
INSERT INTO project_phase (project_phase_id, project_id, phase_type_id, phase_status_id, fixed_start_time, scheduled_start_time, scheduled_end_time, actual_start_time, actual_end_time, duration, create_user, create_date, modify_user, modify_date) VALUES (100100, 100009, 2, 3, null, CURRENT + -10800 UNITS MINUTE, CURRENT + -5040 UNITS MINUTE, CURRENT + -10800 UNITS MINUTE, CURRENT + -5040 UNITS MINUTE, 345600000, 132456, CURRENT, 132456, CURRENT);
INSERT INTO project_phase (project_phase_id, project_id, phase_type_id, phase_status_id, fixed_start_time, scheduled_start_time, scheduled_end_time, actual_start_time, actual_end_time, duration, create_user, create_date, modify_user, modify_date) VALUES (100101, 100009, 3, 3, null, CURRENT + -5040 UNITS MINUTE, CURRENT + -4320 UNITS MINUTE, CURRENT + -5040 UNITS MINUTE, CURRENT + -4320 UNITS MINUTE, 43200000, 132456, CURRENT, 132456, CURRENT);
INSERT INTO project_phase (project_phase_id, project_id, phase_type_id, phase_status_id, fixed_start_time, scheduled_start_time, scheduled_end_time, actual_start_time, actual_end_time, duration, create_user, create_date, modify_user, modify_date) VALUES (100102, 100009, 4, 2, null, CURRENT + -4320 UNITS MINUTE, CURRENT + -1440 UNITS MINUTE, CURRENT + -4320 UNITS MINUTE, null, 172800000, 132456, CURRENT, 132456, CURRENT);
INSERT INTO project_phase (project_phase_id, project_id, phase_type_id, phase_status_id, fixed_start_time, scheduled_start_time, scheduled_end_time, actual_start_time, actual_end_time, duration, create_user, create_date, modify_user, modify_date) VALUES (100103, 100009, 5, 1, null, CURRENT + -1440 UNITS MINUTE, CURRENT + 0 UNITS MINUTE, null, null, 86400000, 132456, CURRENT, 132456, CURRENT);
INSERT INTO project_phase (project_phase_id, project_id, phase_type_id, phase_status_id, fixed_start_time, scheduled_start_time, scheduled_end_time, actual_start_time, actual_end_time, duration, create_user, create_date, modify_user, modify_date) VALUES (100104, 100009, 6, 1, null, CURRENT + 0 UNITS MINUTE, CURRENT + 720 UNITS MINUTE, null, null, 43200000, 132456, CURRENT, 132456, CURRENT);
INSERT INTO project_phase (project_phase_id, project_id, phase_type_id, phase_status_id, fixed_start_time, scheduled_start_time, scheduled_end_time, actual_start_time, actual_end_time, duration, create_user, create_date, modify_user, modify_date) VALUES (100105, 100009, 7, 1, null, CURRENT + 720 UNITS MINUTE, CURRENT + 1440 UNITS MINUTE, null, null, 43200000, 132456, CURRENT, 132456, CURRENT);
INSERT INTO project_phase (project_phase_id, project_id, phase_type_id, phase_status_id, fixed_start_time, scheduled_start_time, scheduled_end_time, actual_start_time, actual_end_time, duration, create_user, create_date, modify_user, modify_date) VALUES (100106, 100009, 9, 1, null, CURRENT + 1440 UNITS MINUTE, CURRENT + 2880 UNITS MINUTE, null, null, 86400000, 132456, CURRENT, 132456, CURRENT);
INSERT INTO project_phase (project_phase_id, project_id, phase_type_id, phase_status_id, fixed_start_time, scheduled_start_time, scheduled_end_time, actual_start_time, actual_end_time, duration, create_user, create_date, modify_user, modify_date) VALUES (100107, 100009, 10, 1, null, CURRENT + 2880 UNITS MINUTE, CURRENT + 3600 UNITS MINUTE, null, null, 43200000, 132456, CURRENT, 132456, CURRENT);
INSERT INTO project_phase (project_phase_id, project_id, phase_type_id, phase_status_id, fixed_start_time, scheduled_start_time, scheduled_end_time, actual_start_time, actual_end_time, duration, create_user, create_date, modify_user, modify_date) VALUES (100108, 100009, 11, 1, null, CURRENT + 3600 UNITS MINUTE, CURRENT + 10800 UNITS MINUTE, null, null, 432000000, 132456, CURRENT, 132456, CURRENT);
INSERT INTO phase_dependency (dependency_phase_id, dependent_phase_id, dependency_start, dependent_start, lag_time, create_user, create_date, modify_user, modify_date) VALUES (100097, 100098, 0, 1, 0, 132456, CURRENT, 132456, CURRENT);
INSERT INTO phase_dependency (dependency_phase_id, dependent_phase_id, dependency_start, dependent_start, lag_time, create_user, create_date, modify_user, modify_date) VALUES (100098, 100099, 0, 1, 0, 132456, CURRENT, 132456, CURRENT);
INSERT INTO phase_dependency (dependency_phase_id, dependent_phase_id, dependency_start, dependent_start, lag_time, create_user, create_date, modify_user, modify_date) VALUES (100099, 100100, 1, 1, 0, 132456, CURRENT, 132456, CURRENT);
INSERT INTO phase_dependency (dependency_phase_id, dependent_phase_id, dependency_start, dependent_start, lag_time, create_user, create_date, modify_user, modify_date) VALUES (100100, 100101, 0, 1, 0, 132456, CURRENT, 132456, CURRENT);
INSERT INTO phase_dependency (dependency_phase_id, dependent_phase_id, dependency_start, dependent_start, lag_time, create_user, create_date, modify_user, modify_date) VALUES (100101, 100102, 0, 1, 0, 132456, CURRENT, 132456, CURRENT);
INSERT INTO phase_dependency (dependency_phase_id, dependent_phase_id, dependency_start, dependent_start, lag_time, create_user, create_date, modify_user, modify_date) VALUES (100102, 100103, 0, 1, 0, 132456, CURRENT, 132456, CURRENT);
INSERT INTO phase_dependency (dependency_phase_id, dependent_phase_id, dependency_start, dependent_start, lag_time, create_user, create_date, modify_user, modify_date) VALUES (100103, 100104, 0, 1, 0, 132456, CURRENT, 132456, CURRENT);
INSERT INTO phase_dependency (dependency_phase_id, dependent_phase_id, dependency_start, dependent_start, lag_time, create_user, create_date, modify_user, modify_date) VALUES (100104, 100105, 0, 1, 0, 132456, CURRENT, 132456, CURRENT);
INSERT INTO phase_dependency (dependency_phase_id, dependent_phase_id, dependency_start, dependent_start, lag_time, create_user, create_date, modify_user, modify_date) VALUES (100105, 100106, 0, 1, 0, 132456, CURRENT, 132456, CURRENT);
INSERT INTO phase_dependency (dependency_phase_id, dependent_phase_id, dependency_start, dependent_start, lag_time, create_user, create_date, modify_user, modify_date) VALUES (100106, 100107, 0, 1, 0, 132456, CURRENT, 132456, CURRENT);
INSERT INTO phase_dependency (dependency_phase_id, dependent_phase_id, dependency_start, dependent_start, lag_time, create_user, create_date, modify_user, modify_date) VALUES (100107, 100108, 0, 1, 0, 132456, CURRENT, 132456, CURRENT);
INSERT INTO phase_criteria (project_phase_id, phase_criteria_type_id, parameter, create_user, create_date, modify_user, modify_date) VALUES (100098, 6, '1', 132456, CURRENT, 132456, CURRENT);
INSERT INTO phase_criteria (project_phase_id, phase_criteria_type_id, parameter, create_user, create_date, modify_user, modify_date) VALUES (100098, 1, '30000722', 132456, CURRENT, 132456, CURRENT);
INSERT INTO phase_criteria (project_phase_id, phase_criteria_type_id, parameter, create_user, create_date, modify_user, modify_date) VALUES (100099, 2, '0', 132456, CURRENT, 132456, CURRENT);
INSERT INTO phase_criteria (project_phase_id, phase_criteria_type_id, parameter, create_user, create_date, modify_user, modify_date) VALUES (100099, 5, 'No', 132456, CURRENT, 132456, CURRENT);
INSERT INTO phase_criteria (project_phase_id, phase_criteria_type_id, parameter, create_user, create_date, modify_user, modify_date) VALUES (100100, 3, '0', 132456, CURRENT, 132456, CURRENT);
INSERT INTO phase_criteria (project_phase_id, phase_criteria_type_id, parameter, create_user, create_date, modify_user, modify_date) VALUES (100100, 5, 'Yes', 132456, CURRENT, 132456, CURRENT);
INSERT INTO phase_criteria (project_phase_id, phase_criteria_type_id, parameter, create_user, create_date, modify_user, modify_date) VALUES (100101, 1, '30000410', 132456, CURRENT, 132456, CURRENT);
INSERT INTO phase_criteria (project_phase_id, phase_criteria_type_id, parameter, create_user, create_date, modify_user, modify_date) VALUES (100101, 5, 'No', 132456, CURRENT, 132456, CURRENT);
INSERT INTO phase_criteria (project_phase_id, phase_criteria_type_id, parameter, create_user, create_date, modify_user, modify_date) VALUES (100102, 6, '3', 132456, CURRENT, 132456, CURRENT);
INSERT INTO phase_criteria (project_phase_id, phase_criteria_type_id, parameter, create_user, create_date, modify_user, modify_date) VALUES (100102, 1, '30000411', 132456, CURRENT, 132456, CURRENT);
INSERT INTO phase_criteria (project_phase_id, phase_criteria_type_id, parameter, create_user, create_date, modify_user, modify_date) VALUES (100102, 5, 'No', 132456, CURRENT, 132456, CURRENT);
INSERT INTO phase_criteria (project_phase_id, phase_criteria_type_id, parameter, create_user, create_date, modify_user, modify_date) VALUES (100103, 4, 'No', 132456, CURRENT, 132456, CURRENT);
INSERT INTO phase_criteria (project_phase_id, phase_criteria_type_id, parameter, create_user, create_date, modify_user, modify_date) VALUES (100103, 5, 'No', 132456, CURRENT, 132456, CURRENT);
INSERT INTO phase_criteria (project_phase_id, phase_criteria_type_id, parameter, create_user, create_date, modify_user, modify_date) VALUES (100104, 5, 'No', 132456, CURRENT, 132456, CURRENT);
INSERT INTO phase_criteria (project_phase_id, phase_criteria_type_id, parameter, create_user, create_date, modify_user, modify_date) VALUES (100105, 5, 'No', 132456, CURRENT, 132456, CURRENT);
INSERT INTO phase_criteria (project_phase_id, phase_criteria_type_id, parameter, create_user, create_date, modify_user, modify_date) VALUES (100106, 5, 'No', 132456, CURRENT, 132456, CURRENT);
INSERT INTO phase_criteria (project_phase_id, phase_criteria_type_id, parameter, create_user, create_date, modify_user, modify_date) VALUES (100107, 5, 'No', 132456, CURRENT, 132456, CURRENT);
INSERT INTO phase_criteria (project_phase_id, phase_criteria_type_id, parameter, create_user, create_date, modify_user, modify_date) VALUES (100108, 6, '1', 132456, CURRENT, 132456, CURRENT);
INSERT INTO phase_criteria (project_phase_id, phase_criteria_type_id, parameter, create_user, create_date, modify_user, modify_date) VALUES (100108, 1, '30000720', 132456, CURRENT, 132456, CURRENT);
INSERT INTO review_auction (review_auction_id, project_id, review_auction_type_id) VALUES (110009, 100009, 3);
INSERT INTO review_auction (review_auction_id, project_id, review_auction_type_id) VALUES (100009, 100009, 1);
INSERT INTO project (project_id, project_status_id, project_category_id, create_user, create_date, modify_user, modify_date, tc_direct_project_id, project_studio_spec_id) VALUES (100010, 1, 14, 132456, CURRENT, 132456, CURRENT, 100001, NULL);
INSERT INTO project_phase (project_phase_id, project_id, phase_type_id, phase_status_id, fixed_start_time, scheduled_start_time, scheduled_end_time, actual_start_time, actual_end_time, duration, create_user, create_date, modify_user, modify_date) VALUES (100109, 100010, 13, 3, CURRENT + -15240 UNITS MINUTE, CURRENT + -15240 UNITS MINUTE, CURRENT + -12360 UNITS MINUTE, CURRENT + -15240 UNITS MINUTE, CURRENT + -12360 UNITS MINUTE, 172800000, 132456, CURRENT, 132456, CURRENT);
INSERT INTO project_phase (project_phase_id, project_id, phase_type_id, phase_status_id, fixed_start_time, scheduled_start_time, scheduled_end_time, actual_start_time, actual_end_time, duration, create_user, create_date, modify_user, modify_date) VALUES (100110, 100010, 14, 3, null, CURRENT + -12360 UNITS MINUTE, CURRENT + -12240 UNITS MINUTE, CURRENT + -12360 UNITS MINUTE, CURRENT + -12240 UNITS MINUTE, 7200000, 132456, CURRENT, 132456, CURRENT);
INSERT INTO project_phase (project_phase_id, project_id, phase_type_id, phase_status_id, fixed_start_time, scheduled_start_time, scheduled_end_time, actual_start_time, actual_end_time, duration, create_user, create_date, modify_user, modify_date) VALUES (100111, 100010, 1, 3, CURRENT + -12240 UNITS MINUTE, CURRENT + -12240 UNITS MINUTE, CURRENT + -9360 UNITS MINUTE, CURRENT + -12240 UNITS MINUTE, CURRENT + -9360 UNITS MINUTE, 172800000, 132456, CURRENT, 132456, CURRENT);
INSERT INTO project_phase (project_phase_id, project_id, phase_type_id, phase_status_id, fixed_start_time, scheduled_start_time, scheduled_end_time, actual_start_time, actual_end_time, duration, create_user, create_date, modify_user, modify_date) VALUES (100112, 100010, 2, 3, null, CURRENT + -12240 UNITS MINUTE, CURRENT + -5040 UNITS MINUTE, CURRENT + -12240 UNITS MINUTE, CURRENT + -5040 UNITS MINUTE, 432000000, 132456, CURRENT, 132456, CURRENT);
INSERT INTO project_phase (project_phase_id, project_id, phase_type_id, phase_status_id, fixed_start_time, scheduled_start_time, scheduled_end_time, actual_start_time, actual_end_time, duration, create_user, create_date, modify_user, modify_date) VALUES (100113, 100010, 3, 3, null, CURRENT + -5040 UNITS MINUTE, CURRENT + -4320 UNITS MINUTE, CURRENT + -5040 UNITS MINUTE, CURRENT + -4320 UNITS MINUTE, 43200000, 132456, CURRENT, 132456, CURRENT);
INSERT INTO project_phase (project_phase_id, project_id, phase_type_id, phase_status_id, fixed_start_time, scheduled_start_time, scheduled_end_time, actual_start_time, actual_end_time, duration, create_user, create_date, modify_user, modify_date) VALUES (100114, 100010, 4, 2, null, CURRENT + -4320 UNITS MINUTE, CURRENT + -1440 UNITS MINUTE, CURRENT + -4320 UNITS MINUTE, null, 172800000, 132456, CURRENT, 132456, CURRENT);
INSERT INTO project_phase (project_phase_id, project_id, phase_type_id, phase_status_id, fixed_start_time, scheduled_start_time, scheduled_end_time, actual_start_time, actual_end_time, duration, create_user, create_date, modify_user, modify_date) VALUES (100115, 100010, 5, 1, null, CURRENT + -1440 UNITS MINUTE, CURRENT + 0 UNITS MINUTE, null, null, 86400000, 132456, CURRENT, 132456, CURRENT);
INSERT INTO project_phase (project_phase_id, project_id, phase_type_id, phase_status_id, fixed_start_time, scheduled_start_time, scheduled_end_time, actual_start_time, actual_end_time, duration, create_user, create_date, modify_user, modify_date) VALUES (100116, 100010, 6, 1, null, CURRENT + 0 UNITS MINUTE, CURRENT + 720 UNITS MINUTE, null, null, 43200000, 132456, CURRENT, 132456, CURRENT);
INSERT INTO project_phase (project_phase_id, project_id, phase_type_id, phase_status_id, fixed_start_time, scheduled_start_time, scheduled_end_time, actual_start_time, actual_end_time, duration, create_user, create_date, modify_user, modify_date) VALUES (100117, 100010, 7, 1, null, CURRENT + 720 UNITS MINUTE, CURRENT + 1440 UNITS MINUTE, null, null, 43200000, 132456, CURRENT, 132456, CURRENT);
INSERT INTO project_phase (project_phase_id, project_id, phase_type_id, phase_status_id, fixed_start_time, scheduled_start_time, scheduled_end_time, actual_start_time, actual_end_time, duration, create_user, create_date, modify_user, modify_date) VALUES (100118, 100010, 9, 1, null, CURRENT + 1440 UNITS MINUTE, CURRENT + 2880 UNITS MINUTE, null, null, 86400000, 132456, CURRENT, 132456, CURRENT);
INSERT INTO project_phase (project_phase_id, project_id, phase_type_id, phase_status_id, fixed_start_time, scheduled_start_time, scheduled_end_time, actual_start_time, actual_end_time, duration, create_user, create_date, modify_user, modify_date) VALUES (100119, 100010, 10, 1, null, CURRENT + 2880 UNITS MINUTE, CURRENT + 3600 UNITS MINUTE, null, null, 43200000, 132456, CURRENT, 132456, CURRENT);
INSERT INTO project_phase (project_phase_id, project_id, phase_type_id, phase_status_id, fixed_start_time, scheduled_start_time, scheduled_end_time, actual_start_time, actual_end_time, duration, create_user, create_date, modify_user, modify_date) VALUES (100120, 100010, 11, 1, null, CURRENT + 3600 UNITS MINUTE, CURRENT + 10800 UNITS MINUTE, null, null, 432000000, 132456, CURRENT, 132456, CURRENT);
INSERT INTO phase_dependency (dependency_phase_id, dependent_phase_id, dependency_start, dependent_start, lag_time, create_user, create_date, modify_user, modify_date) VALUES (100109, 100110, 0, 1, 0, 132456, CURRENT, 132456, CURRENT);
INSERT INTO phase_dependency (dependency_phase_id, dependent_phase_id, dependency_start, dependent_start, lag_time, create_user, create_date, modify_user, modify_date) VALUES (100110, 100111, 0, 1, 0, 132456, CURRENT, 132456, CURRENT);
INSERT INTO phase_dependency (dependency_phase_id, dependent_phase_id, dependency_start, dependent_start, lag_time, create_user, create_date, modify_user, modify_date) VALUES (100111, 100112, 1, 1, 0, 132456, CURRENT, 132456, CURRENT);
INSERT INTO phase_dependency (dependency_phase_id, dependent_phase_id, dependency_start, dependent_start, lag_time, create_user, create_date, modify_user, modify_date) VALUES (100112, 100113, 0, 1, 0, 132456, CURRENT, 132456, CURRENT);
INSERT INTO phase_dependency (dependency_phase_id, dependent_phase_id, dependency_start, dependent_start, lag_time, create_user, create_date, modify_user, modify_date) VALUES (100113, 100114, 0, 1, 0, 132456, CURRENT, 132456, CURRENT);
INSERT INTO phase_dependency (dependency_phase_id, dependent_phase_id, dependency_start, dependent_start, lag_time, create_user, create_date, modify_user, modify_date) VALUES (100114, 100115, 0, 1, 0, 132456, CURRENT, 132456, CURRENT);
INSERT INTO phase_dependency (dependency_phase_id, dependent_phase_id, dependency_start, dependent_start, lag_time, create_user, create_date, modify_user, modify_date) VALUES (100115, 100116, 0, 1, 0, 132456, CURRENT, 132456, CURRENT);
INSERT INTO phase_dependency (dependency_phase_id, dependent_phase_id, dependency_start, dependent_start, lag_time, create_user, create_date, modify_user, modify_date) VALUES (100116, 100117, 0, 1, 0, 132456, CURRENT, 132456, CURRENT);
INSERT INTO phase_dependency (dependency_phase_id, dependent_phase_id, dependency_start, dependent_start, lag_time, create_user, create_date, modify_user, modify_date) VALUES (100117, 100118, 0, 1, 0, 132456, CURRENT, 132456, CURRENT);
INSERT INTO phase_dependency (dependency_phase_id, dependent_phase_id, dependency_start, dependent_start, lag_time, create_user, create_date, modify_user, modify_date) VALUES (100118, 100119, 0, 1, 0, 132456, CURRENT, 132456, CURRENT);
INSERT INTO phase_dependency (dependency_phase_id, dependent_phase_id, dependency_start, dependent_start, lag_time, create_user, create_date, modify_user, modify_date) VALUES (100119, 100120, 0, 1, 0, 132456, CURRENT, 132456, CURRENT);
INSERT INTO phase_criteria (project_phase_id, phase_criteria_type_id, parameter, create_user, create_date, modify_user, modify_date) VALUES (100110, 6, '1', 132456, CURRENT, 132456, CURRENT);
INSERT INTO phase_criteria (project_phase_id, phase_criteria_type_id, parameter, create_user, create_date, modify_user, modify_date) VALUES (100110, 1, '30000722', 132456, CURRENT, 132456, CURRENT);
INSERT INTO phase_criteria (project_phase_id, phase_criteria_type_id, parameter, create_user, create_date, modify_user, modify_date) VALUES (100111, 2, '0', 132456, CURRENT, 132456, CURRENT);
INSERT INTO phase_criteria (project_phase_id, phase_criteria_type_id, parameter, create_user, create_date, modify_user, modify_date) VALUES (100111, 5, 'No', 132456, CURRENT, 132456, CURRENT);
INSERT INTO phase_criteria (project_phase_id, phase_criteria_type_id, parameter, create_user, create_date, modify_user, modify_date) VALUES (100112, 3, '0', 132456, CURRENT, 132456, CURRENT);
INSERT INTO phase_criteria (project_phase_id, phase_criteria_type_id, parameter, create_user, create_date, modify_user, modify_date) VALUES (100112, 5, 'Yes', 132456, CURRENT, 132456, CURRENT);
INSERT INTO phase_criteria (project_phase_id, phase_criteria_type_id, parameter, create_user, create_date, modify_user, modify_date) VALUES (100113, 1, '30000410', 132456, CURRENT, 132456, CURRENT);
INSERT INTO phase_criteria (project_phase_id, phase_criteria_type_id, parameter, create_user, create_date, modify_user, modify_date) VALUES (100113, 5, 'No', 132456, CURRENT, 132456, CURRENT);
INSERT INTO phase_criteria (project_phase_id, phase_criteria_type_id, parameter, create_user, create_date, modify_user, modify_date) VALUES (100114, 6, '3', 132456, CURRENT, 132456, CURRENT);
INSERT INTO phase_criteria (project_phase_id, phase_criteria_type_id, parameter, create_user, create_date, modify_user, modify_date) VALUES (100114, 1, '30000411', 132456, CURRENT, 132456, CURRENT);
INSERT INTO phase_criteria (project_phase_id, phase_criteria_type_id, parameter, create_user, create_date, modify_user, modify_date) VALUES (100114, 5, 'No', 132456, CURRENT, 132456, CURRENT);
INSERT INTO phase_criteria (project_phase_id, phase_criteria_type_id, parameter, create_user, create_date, modify_user, modify_date) VALUES (100115, 4, 'No', 132456, CURRENT, 132456, CURRENT);
INSERT INTO phase_criteria (project_phase_id, phase_criteria_type_id, parameter, create_user, create_date, modify_user, modify_date) VALUES (100115, 5, 'No', 132456, CURRENT, 132456, CURRENT);
INSERT INTO phase_criteria (project_phase_id, phase_criteria_type_id, parameter, create_user, create_date, modify_user, modify_date) VALUES (100116, 5, 'No', 132456, CURRENT, 132456, CURRENT);
INSERT INTO phase_criteria (project_phase_id, phase_criteria_type_id, parameter, create_user, create_date, modify_user, modify_date) VALUES (100117, 5, 'No', 132456, CURRENT, 132456, CURRENT);
INSERT INTO phase_criteria (project_phase_id, phase_criteria_type_id, parameter, create_user, create_date, modify_user, modify_date) VALUES (100118, 5, 'No', 132456, CURRENT, 132456, CURRENT);
INSERT INTO phase_criteria (project_phase_id, phase_criteria_type_id, parameter, create_user, create_date, modify_user, modify_date) VALUES (100119, 5, 'No', 132456, CURRENT, 132456, CURRENT);
INSERT INTO phase_criteria (project_phase_id, phase_criteria_type_id, parameter, create_user, create_date, modify_user, modify_date) VALUES (100120, 6, '1', 132456, CURRENT, 132456, CURRENT);
INSERT INTO phase_criteria (project_phase_id, phase_criteria_type_id, parameter, create_user, create_date, modify_user, modify_date) VALUES (100120, 1, '30000720', 132456, CURRENT, 132456, CURRENT);
INSERT INTO review_auction (review_auction_id, project_id, review_auction_type_id) VALUES (110010, 100010, 3);
INSERT INTO review_auction (review_auction_id, project_id, review_auction_type_id) VALUES (100010, 100010, 1);
INSERT INTO project (project_id, project_status_id, project_category_id, create_user, create_date, modify_user, modify_date, tc_direct_project_id, project_studio_spec_id) VALUES (100011, 1, 2, 132456, CURRENT, 132456, CURRENT, 100001, NULL);
INSERT INTO project_phase (project_phase_id, project_id, phase_type_id, phase_status_id, fixed_start_time, scheduled_start_time, scheduled_end_time, actual_start_time, actual_end_time, duration, create_user, create_date, modify_user, modify_date) VALUES (100121, 100011, 13, 3, CURRENT + -13800 UNITS MINUTE, CURRENT + -13800 UNITS MINUTE, CURRENT + -10920 UNITS MINUTE, CURRENT + -13800 UNITS MINUTE, CURRENT + -10920 UNITS MINUTE, 172800000, 132456, CURRENT, 132456, CURRENT);
INSERT INTO project_phase (project_phase_id, project_id, phase_type_id, phase_status_id, fixed_start_time, scheduled_start_time, scheduled_end_time, actual_start_time, actual_end_time, duration, create_user, create_date, modify_user, modify_date) VALUES (100122, 100011, 14, 3, null, CURRENT + -10920 UNITS MINUTE, CURRENT + -10800 UNITS MINUTE, CURRENT + -10920 UNITS MINUTE, CURRENT + -10800 UNITS MINUTE, 7200000, 132456, CURRENT, 132456, CURRENT);
INSERT INTO project_phase (project_phase_id, project_id, phase_type_id, phase_status_id, fixed_start_time, scheduled_start_time, scheduled_end_time, actual_start_time, actual_end_time, duration, create_user, create_date, modify_user, modify_date) VALUES (100123, 100011, 1, 3, CURRENT + -10800 UNITS MINUTE, CURRENT + -10800 UNITS MINUTE, CURRENT + -7920 UNITS MINUTE, CURRENT + -10800 UNITS MINUTE, CURRENT + -7920 UNITS MINUTE, 172800000, 132456, CURRENT, 132456, CURRENT);
INSERT INTO project_phase (project_phase_id, project_id, phase_type_id, phase_status_id, fixed_start_time, scheduled_start_time, scheduled_end_time, actual_start_time, actual_end_time, duration, create_user, create_date, modify_user, modify_date) VALUES (100124, 100011, 2, 3, null, CURRENT + -10800 UNITS MINUTE, CURRENT + -5040 UNITS MINUTE, CURRENT + -10800 UNITS MINUTE, CURRENT + -5040 UNITS MINUTE, 345600000, 132456, CURRENT, 132456, CURRENT);
INSERT INTO project_phase (project_phase_id, project_id, phase_type_id, phase_status_id, fixed_start_time, scheduled_start_time, scheduled_end_time, actual_start_time, actual_end_time, duration, create_user, create_date, modify_user, modify_date) VALUES (100125, 100011, 3, 3, null, CURRENT + -5040 UNITS MINUTE, CURRENT + -4320 UNITS MINUTE, CURRENT + -5040 UNITS MINUTE, CURRENT + -4320 UNITS MINUTE, 43200000, 132456, CURRENT, 132456, CURRENT);
INSERT INTO project_phase (project_phase_id, project_id, phase_type_id, phase_status_id, fixed_start_time, scheduled_start_time, scheduled_end_time, actual_start_time, actual_end_time, duration, create_user, create_date, modify_user, modify_date) VALUES (100126, 100011, 4, 2, null, CURRENT + -4320 UNITS MINUTE, CURRENT + -1440 UNITS MINUTE, CURRENT + -4320 UNITS MINUTE, null, 172800000, 132456, CURRENT, 132456, CURRENT);
INSERT INTO project_phase (project_phase_id, project_id, phase_type_id, phase_status_id, fixed_start_time, scheduled_start_time, scheduled_end_time, actual_start_time, actual_end_time, duration, create_user, create_date, modify_user, modify_date) VALUES (100127, 100011, 5, 1, null, CURRENT + -1440 UNITS MINUTE, CURRENT + 0 UNITS MINUTE, null, null, 86400000, 132456, CURRENT, 132456, CURRENT);
INSERT INTO project_phase (project_phase_id, project_id, phase_type_id, phase_status_id, fixed_start_time, scheduled_start_time, scheduled_end_time, actual_start_time, actual_end_time, duration, create_user, create_date, modify_user, modify_date) VALUES (100128, 100011, 6, 1, null, CURRENT + 0 UNITS MINUTE, CURRENT + 720 UNITS MINUTE, null, null, 43200000, 132456, CURRENT, 132456, CURRENT);
INSERT INTO project_phase (project_phase_id, project_id, phase_type_id, phase_status_id, fixed_start_time, scheduled_start_time, scheduled_end_time, actual_start_time, actual_end_time, duration, create_user, create_date, modify_user, modify_date) VALUES (100129, 100011, 7, 1, null, CURRENT + 720 UNITS MINUTE, CURRENT + 1440 UNITS MINUTE, null, null, 43200000, 132456, CURRENT, 132456, CURRENT);
INSERT INTO project_phase (project_phase_id, project_id, phase_type_id, phase_status_id, fixed_start_time, scheduled_start_time, scheduled_end_time, actual_start_time, actual_end_time, duration, create_user, create_date, modify_user, modify_date) VALUES (100130, 100011, 9, 1, null, CURRENT + 1440 UNITS MINUTE, CURRENT + 2880 UNITS MINUTE, null, null, 86400000, 132456, CURRENT, 132456, CURRENT);
INSERT INTO project_phase (project_phase_id, project_id, phase_type_id, phase_status_id, fixed_start_time, scheduled_start_time, scheduled_end_time, actual_start_time, actual_end_time, duration, create_user, create_date, modify_user, modify_date) VALUES (100131, 100011, 10, 1, null, CURRENT + 2880 UNITS MINUTE, CURRENT + 3600 UNITS MINUTE, null, null, 43200000, 132456, CURRENT, 132456, CURRENT);
INSERT INTO project_phase (project_phase_id, project_id, phase_type_id, phase_status_id, fixed_start_time, scheduled_start_time, scheduled_end_time, actual_start_time, actual_end_time, duration, create_user, create_date, modify_user, modify_date) VALUES (100132, 100011, 11, 1, null, CURRENT + 3600 UNITS MINUTE, CURRENT + 10800 UNITS MINUTE, null, null, 432000000, 132456, CURRENT, 132456, CURRENT);
INSERT INTO phase_dependency (dependency_phase_id, dependent_phase_id, dependency_start, dependent_start, lag_time, create_user, create_date, modify_user, modify_date) VALUES (100121, 100122, 0, 1, 0, 132456, CURRENT, 132456, CURRENT);
INSERT INTO phase_dependency (dependency_phase_id, dependent_phase_id, dependency_start, dependent_start, lag_time, create_user, create_date, modify_user, modify_date) VALUES (100122, 100123, 0, 1, 0, 132456, CURRENT, 132456, CURRENT);
INSERT INTO phase_dependency (dependency_phase_id, dependent_phase_id, dependency_start, dependent_start, lag_time, create_user, create_date, modify_user, modify_date) VALUES (100123, 100124, 1, 1, 0, 132456, CURRENT, 132456, CURRENT);
INSERT INTO phase_dependency (dependency_phase_id, dependent_phase_id, dependency_start, dependent_start, lag_time, create_user, create_date, modify_user, modify_date) VALUES (100124, 100125, 0, 1, 0, 132456, CURRENT, 132456, CURRENT);
INSERT INTO phase_dependency (dependency_phase_id, dependent_phase_id, dependency_start, dependent_start, lag_time, create_user, create_date, modify_user, modify_date) VALUES (100125, 100126, 0, 1, 0, 132456, CURRENT, 132456, CURRENT);
INSERT INTO phase_dependency (dependency_phase_id, dependent_phase_id, dependency_start, dependent_start, lag_time, create_user, create_date, modify_user, modify_date) VALUES (100126, 100127, 0, 1, 0, 132456, CURRENT, 132456, CURRENT);
INSERT INTO phase_dependency (dependency_phase_id, dependent_phase_id, dependency_start, dependent_start, lag_time, create_user, create_date, modify_user, modify_date) VALUES (100127, 100128, 0, 1, 0, 132456, CURRENT, 132456, CURRENT);
INSERT INTO phase_dependency (dependency_phase_id, dependent_phase_id, dependency_start, dependent_start, lag_time, create_user, create_date, modify_user, modify_date) VALUES (100128, 100129, 0, 1, 0, 132456, CURRENT, 132456, CURRENT);
INSERT INTO phase_dependency (dependency_phase_id, dependent_phase_id, dependency_start, dependent_start, lag_time, create_user, create_date, modify_user, modify_date) VALUES (100129, 100130, 0, 1, 0, 132456, CURRENT, 132456, CURRENT);
INSERT INTO phase_dependency (dependency_phase_id, dependent_phase_id, dependency_start, dependent_start, lag_time, create_user, create_date, modify_user, modify_date) VALUES (100130, 100131, 0, 1, 0, 132456, CURRENT, 132456, CURRENT);
INSERT INTO phase_dependency (dependency_phase_id, dependent_phase_id, dependency_start, dependent_start, lag_time, create_user, create_date, modify_user, modify_date) VALUES (100131, 100132, 0, 1, 0, 132456, CURRENT, 132456, CURRENT);
INSERT INTO phase_criteria (project_phase_id, phase_criteria_type_id, parameter, create_user, create_date, modify_user, modify_date) VALUES (100122, 6, '1', 132456, CURRENT, 132456, CURRENT);
INSERT INTO phase_criteria (project_phase_id, phase_criteria_type_id, parameter, create_user, create_date, modify_user, modify_date) VALUES (100122, 1, '30000722', 132456, CURRENT, 132456, CURRENT);
INSERT INTO phase_criteria (project_phase_id, phase_criteria_type_id, parameter, create_user, create_date, modify_user, modify_date) VALUES (100123, 2, '0', 132456, CURRENT, 132456, CURRENT);
INSERT INTO phase_criteria (project_phase_id, phase_criteria_type_id, parameter, create_user, create_date, modify_user, modify_date) VALUES (100123, 5, 'No', 132456, CURRENT, 132456, CURRENT);
INSERT INTO phase_criteria (project_phase_id, phase_criteria_type_id, parameter, create_user, create_date, modify_user, modify_date) VALUES (100124, 3, '0', 132456, CURRENT, 132456, CURRENT);
INSERT INTO phase_criteria (project_phase_id, phase_criteria_type_id, parameter, create_user, create_date, modify_user, modify_date) VALUES (100124, 5, 'Yes', 132456, CURRENT, 132456, CURRENT);
INSERT INTO phase_criteria (project_phase_id, phase_criteria_type_id, parameter, create_user, create_date, modify_user, modify_date) VALUES (100125, 1, '30000412', 132456, CURRENT, 132456, CURRENT);
INSERT INTO phase_criteria (project_phase_id, phase_criteria_type_id, parameter, create_user, create_date, modify_user, modify_date) VALUES (100125, 5, 'No', 132456, CURRENT, 132456, CURRENT);
INSERT INTO phase_criteria (project_phase_id, phase_criteria_type_id, parameter, create_user, create_date, modify_user, modify_date) VALUES (100126, 6, '3', 132456, CURRENT, 132456, CURRENT);
INSERT INTO phase_criteria (project_phase_id, phase_criteria_type_id, parameter, create_user, create_date, modify_user, modify_date) VALUES (100126, 1, '30000413', 132456, CURRENT, 132456, CURRENT);
INSERT INTO phase_criteria (project_phase_id, phase_criteria_type_id, parameter, create_user, create_date, modify_user, modify_date) VALUES (100126, 5, 'No', 132456, CURRENT, 132456, CURRENT);
INSERT INTO phase_criteria (project_phase_id, phase_criteria_type_id, parameter, create_user, create_date, modify_user, modify_date) VALUES (100127, 4, 'No', 132456, CURRENT, 132456, CURRENT);
INSERT INTO phase_criteria (project_phase_id, phase_criteria_type_id, parameter, create_user, create_date, modify_user, modify_date) VALUES (100127, 5, 'No', 132456, CURRENT, 132456, CURRENT);
INSERT INTO phase_criteria (project_phase_id, phase_criteria_type_id, parameter, create_user, create_date, modify_user, modify_date) VALUES (100128, 5, 'No', 132456, CURRENT, 132456, CURRENT);
INSERT INTO phase_criteria (project_phase_id, phase_criteria_type_id, parameter, create_user, create_date, modify_user, modify_date) VALUES (100129, 5, 'No', 132456, CURRENT, 132456, CURRENT);
INSERT INTO phase_criteria (project_phase_id, phase_criteria_type_id, parameter, create_user, create_date, modify_user, modify_date) VALUES (100130, 5, 'No', 132456, CURRENT, 132456, CURRENT);
INSERT INTO phase_criteria (project_phase_id, phase_criteria_type_id, parameter, create_user, create_date, modify_user, modify_date) VALUES (100131, 5, 'No', 132456, CURRENT, 132456, CURRENT);
INSERT INTO phase_criteria (project_phase_id, phase_criteria_type_id, parameter, create_user, create_date, modify_user, modify_date) VALUES (100132, 6, '1', 132456, CURRENT, 132456, CURRENT);
INSERT INTO phase_criteria (project_phase_id, phase_criteria_type_id, parameter, create_user, create_date, modify_user, modify_date) VALUES (100132, 1, '30000720', 132456, CURRENT, 132456, CURRENT);
INSERT INTO review_auction (review_auction_id, project_id, review_auction_type_id) VALUES (110011, 100011, 3);
INSERT INTO review_auction (review_auction_id, project_id, review_auction_type_id) VALUES (100011, 100011, 2);
INSERT INTO project (project_id, project_status_id, project_category_id, create_user, create_date, modify_user, modify_date, tc_direct_project_id, project_studio_spec_id) VALUES (100012, 1, 14, 132456, CURRENT, 132456, CURRENT, 100001, NULL);
INSERT INTO project_phase (project_phase_id, project_id, phase_type_id, phase_status_id, fixed_start_time, scheduled_start_time, scheduled_end_time, actual_start_time, actual_end_time, duration, create_user, create_date, modify_user, modify_date) VALUES (100133, 100012, 13, 3, CURRENT + -2940 UNITS MINUTE, CURRENT + -2940 UNITS MINUTE, CURRENT + -60 UNITS MINUTE, CURRENT + -2940 UNITS MINUTE, CURRENT + -60 UNITS MINUTE, 172800000, 132456, CURRENT, 132456, CURRENT);
INSERT INTO project_phase (project_phase_id, project_id, phase_type_id, phase_status_id, fixed_start_time, scheduled_start_time, scheduled_end_time, actual_start_time, actual_end_time, duration, create_user, create_date, modify_user, modify_date) VALUES (100134, 100012, 14, 2, null, CURRENT + -60 UNITS MINUTE, CURRENT + 60 UNITS MINUTE, CURRENT + -60 UNITS MINUTE, null, 7200000, 132456, CURRENT, 132456, CURRENT);
INSERT INTO project_phase (project_phase_id, project_id, phase_type_id, phase_status_id, fixed_start_time, scheduled_start_time, scheduled_end_time, actual_start_time, actual_end_time, duration, create_user, create_date, modify_user, modify_date) VALUES (100135, 100012, 1, 1, CURRENT + 60 UNITS MINUTE, CURRENT + 60 UNITS MINUTE, CURRENT + 2940 UNITS MINUTE, null, null, 172800000, 132456, CURRENT, 132456, CURRENT);
INSERT INTO project_phase (project_phase_id, project_id, phase_type_id, phase_status_id, fixed_start_time, scheduled_start_time, scheduled_end_time, actual_start_time, actual_end_time, duration, create_user, create_date, modify_user, modify_date) VALUES (100136, 100012, 2, 1, null, CURRENT + 60 UNITS MINUTE, CURRENT + 7260 UNITS MINUTE, null, null, 432000000, 132456, CURRENT, 132456, CURRENT);
INSERT INTO project_phase (project_phase_id, project_id, phase_type_id, phase_status_id, fixed_start_time, scheduled_start_time, scheduled_end_time, actual_start_time, actual_end_time, duration, create_user, create_date, modify_user, modify_date) VALUES (100137, 100012, 3, 1, null, CURRENT + 7260 UNITS MINUTE, CURRENT + 7980 UNITS MINUTE, null, null, 43200000, 132456, CURRENT, 132456, CURRENT);
INSERT INTO project_phase (project_phase_id, project_id, phase_type_id, phase_status_id, fixed_start_time, scheduled_start_time, scheduled_end_time, actual_start_time, actual_end_time, duration, create_user, create_date, modify_user, modify_date) VALUES (100138, 100012, 4, 1, null, CURRENT + 7980 UNITS MINUTE, CURRENT + 10860 UNITS MINUTE, null, null, 172800000, 132456, CURRENT, 132456, CURRENT);
INSERT INTO project_phase (project_phase_id, project_id, phase_type_id, phase_status_id, fixed_start_time, scheduled_start_time, scheduled_end_time, actual_start_time, actual_end_time, duration, create_user, create_date, modify_user, modify_date) VALUES (100139, 100012, 5, 1, null, CURRENT + 10860 UNITS MINUTE, CURRENT + 12300 UNITS MINUTE, null, null, 86400000, 132456, CURRENT, 132456, CURRENT);
INSERT INTO project_phase (project_phase_id, project_id, phase_type_id, phase_status_id, fixed_start_time, scheduled_start_time, scheduled_end_time, actual_start_time, actual_end_time, duration, create_user, create_date, modify_user, modify_date) VALUES (100140, 100012, 6, 1, null, CURRENT + 12300 UNITS MINUTE, CURRENT + 13020 UNITS MINUTE, null, null, 43200000, 132456, CURRENT, 132456, CURRENT);
INSERT INTO project_phase (project_phase_id, project_id, phase_type_id, phase_status_id, fixed_start_time, scheduled_start_time, scheduled_end_time, actual_start_time, actual_end_time, duration, create_user, create_date, modify_user, modify_date) VALUES (100141, 100012, 7, 1, null, CURRENT + 13020 UNITS MINUTE, CURRENT + 13740 UNITS MINUTE, null, null, 43200000, 132456, CURRENT, 132456, CURRENT);
INSERT INTO project_phase (project_phase_id, project_id, phase_type_id, phase_status_id, fixed_start_time, scheduled_start_time, scheduled_end_time, actual_start_time, actual_end_time, duration, create_user, create_date, modify_user, modify_date) VALUES (100142, 100012, 9, 1, null, CURRENT + 13740 UNITS MINUTE, CURRENT + 15180 UNITS MINUTE, null, null, 86400000, 132456, CURRENT, 132456, CURRENT);
INSERT INTO project_phase (project_phase_id, project_id, phase_type_id, phase_status_id, fixed_start_time, scheduled_start_time, scheduled_end_time, actual_start_time, actual_end_time, duration, create_user, create_date, modify_user, modify_date) VALUES (100143, 100012, 10, 1, null, CURRENT + 15180 UNITS MINUTE, CURRENT + 15900 UNITS MINUTE, null, null, 43200000, 132456, CURRENT, 132456, CURRENT);
INSERT INTO project_phase (project_phase_id, project_id, phase_type_id, phase_status_id, fixed_start_time, scheduled_start_time, scheduled_end_time, actual_start_time, actual_end_time, duration, create_user, create_date, modify_user, modify_date) VALUES (100144, 100012, 11, 1, null, CURRENT + 15900 UNITS MINUTE, CURRENT + 23100 UNITS MINUTE, null, null, 432000000, 132456, CURRENT, 132456, CURRENT);
INSERT INTO phase_dependency (dependency_phase_id, dependent_phase_id, dependency_start, dependent_start, lag_time, create_user, create_date, modify_user, modify_date) VALUES (100133, 100134, 0, 1, 0, 132456, CURRENT, 132456, CURRENT);
INSERT INTO phase_dependency (dependency_phase_id, dependent_phase_id, dependency_start, dependent_start, lag_time, create_user, create_date, modify_user, modify_date) VALUES (100134, 100135, 0, 1, 0, 132456, CURRENT, 132456, CURRENT);
INSERT INTO phase_dependency (dependency_phase_id, dependent_phase_id, dependency_start, dependent_start, lag_time, create_user, create_date, modify_user, modify_date) VALUES (100135, 100136, 1, 1, 0, 132456, CURRENT, 132456, CURRENT);
INSERT INTO phase_dependency (dependency_phase_id, dependent_phase_id, dependency_start, dependent_start, lag_time, create_user, create_date, modify_user, modify_date) VALUES (100136, 100137, 0, 1, 0, 132456, CURRENT, 132456, CURRENT);
INSERT INTO phase_dependency (dependency_phase_id, dependent_phase_id, dependency_start, dependent_start, lag_time, create_user, create_date, modify_user, modify_date) VALUES (100137, 100138, 0, 1, 0, 132456, CURRENT, 132456, CURRENT);
INSERT INTO phase_dependency (dependency_phase_id, dependent_phase_id, dependency_start, dependent_start, lag_time, create_user, create_date, modify_user, modify_date) VALUES (100138, 100139, 0, 1, 0, 132456, CURRENT, 132456, CURRENT);
INSERT INTO phase_dependency (dependency_phase_id, dependent_phase_id, dependency_start, dependent_start, lag_time, create_user, create_date, modify_user, modify_date) VALUES (100139, 100140, 0, 1, 0, 132456, CURRENT, 132456, CURRENT);
INSERT INTO phase_dependency (dependency_phase_id, dependent_phase_id, dependency_start, dependent_start, lag_time, create_user, create_date, modify_user, modify_date) VALUES (100140, 100141, 0, 1, 0, 132456, CURRENT, 132456, CURRENT);
INSERT INTO phase_dependency (dependency_phase_id, dependent_phase_id, dependency_start, dependent_start, lag_time, create_user, create_date, modify_user, modify_date) VALUES (100141, 100142, 0, 1, 0, 132456, CURRENT, 132456, CURRENT);
INSERT INTO phase_dependency (dependency_phase_id, dependent_phase_id, dependency_start, dependent_start, lag_time, create_user, create_date, modify_user, modify_date) VALUES (100142, 100143, 0, 1, 0, 132456, CURRENT, 132456, CURRENT);
INSERT INTO phase_dependency (dependency_phase_id, dependent_phase_id, dependency_start, dependent_start, lag_time, create_user, create_date, modify_user, modify_date) VALUES (100143, 100144, 0, 1, 0, 132456, CURRENT, 132456, CURRENT);
INSERT INTO phase_criteria (project_phase_id, phase_criteria_type_id, parameter, create_user, create_date, modify_user, modify_date) VALUES (100134, 6, '1', 132456, CURRENT, 132456, CURRENT);
INSERT INTO phase_criteria (project_phase_id, phase_criteria_type_id, parameter, create_user, create_date, modify_user, modify_date) VALUES (100134, 1, '30000722', 132456, CURRENT, 132456, CURRENT);
INSERT INTO phase_criteria (project_phase_id, phase_criteria_type_id, parameter, create_user, create_date, modify_user, modify_date) VALUES (100135, 2, '0', 132456, CURRENT, 132456, CURRENT);
INSERT INTO phase_criteria (project_phase_id, phase_criteria_type_id, parameter, create_user, create_date, modify_user, modify_date) VALUES (100135, 5, 'No', 132456, CURRENT, 132456, CURRENT);
INSERT INTO phase_criteria (project_phase_id, phase_criteria_type_id, parameter, create_user, create_date, modify_user, modify_date) VALUES (100136, 3, '0', 132456, CURRENT, 132456, CURRENT);
INSERT INTO phase_criteria (project_phase_id, phase_criteria_type_id, parameter, create_user, create_date, modify_user, modify_date) VALUES (100136, 5, 'Yes', 132456, CURRENT, 132456, CURRENT);
INSERT INTO phase_criteria (project_phase_id, phase_criteria_type_id, parameter, create_user, create_date, modify_user, modify_date) VALUES (100137, 1, '30000410', 132456, CURRENT, 132456, CURRENT);
INSERT INTO phase_criteria (project_phase_id, phase_criteria_type_id, parameter, create_user, create_date, modify_user, modify_date) VALUES (100137, 5, 'No', 132456, CURRENT, 132456, CURRENT);
INSERT INTO phase_criteria (project_phase_id, phase_criteria_type_id, parameter, create_user, create_date, modify_user, modify_date) VALUES (100138, 6, '3', 132456, CURRENT, 132456, CURRENT);
INSERT INTO phase_criteria (project_phase_id, phase_criteria_type_id, parameter, create_user, create_date, modify_user, modify_date) VALUES (100138, 1, '30000411', 132456, CURRENT, 132456, CURRENT);
INSERT INTO phase_criteria (project_phase_id, phase_criteria_type_id, parameter, create_user, create_date, modify_user, modify_date) VALUES (100138, 5, 'No', 132456, CURRENT, 132456, CURRENT);
INSERT INTO phase_criteria (project_phase_id, phase_criteria_type_id, parameter, create_user, create_date, modify_user, modify_date) VALUES (100139, 4, 'No', 132456, CURRENT, 132456, CURRENT);
INSERT INTO phase_criteria (project_phase_id, phase_criteria_type_id, parameter, create_user, create_date, modify_user, modify_date) VALUES (100139, 5, 'No', 132456, CURRENT, 132456, CURRENT);
INSERT INTO phase_criteria (project_phase_id, phase_criteria_type_id, parameter, create_user, create_date, modify_user, modify_date) VALUES (100140, 5, 'No', 132456, CURRENT, 132456, CURRENT);
INSERT INTO phase_criteria (project_phase_id, phase_criteria_type_id, parameter, create_user, create_date, modify_user, modify_date) VALUES (100141, 5, 'No', 132456, CURRENT, 132456, CURRENT);
INSERT INTO phase_criteria (project_phase_id, phase_criteria_type_id, parameter, create_user, create_date, modify_user, modify_date) VALUES (100142, 5, 'No', 132456, CURRENT, 132456, CURRENT);
INSERT INTO phase_criteria (project_phase_id, phase_criteria_type_id, parameter, create_user, create_date, modify_user, modify_date) VALUES (100143, 5, 'No', 132456, CURRENT, 132456, CURRENT);
INSERT INTO phase_criteria (project_phase_id, phase_criteria_type_id, parameter, create_user, create_date, modify_user, modify_date) VALUES (100144, 6, '1', 132456, CURRENT, 132456, CURRENT);
INSERT INTO phase_criteria (project_phase_id, phase_criteria_type_id, parameter, create_user, create_date, modify_user, modify_date) VALUES (100144, 1, '30000720', 132456, CURRENT, 132456, CURRENT);
INSERT INTO review_auction (review_auction_id, project_id, review_auction_type_id) VALUES (110012, 100012, 3);
INSERT INTO review_auction (review_auction_id, project_id, review_auction_type_id) VALUES (100012, 100012, 1);
INSERT INTO project (project_id, project_status_id, project_category_id, create_user, create_date, modify_user, modify_date, tc_direct_project_id, project_studio_spec_id) VALUES (100013, 1, 1, 132456, CURRENT, 132456, CURRENT, 100001, NULL);
INSERT INTO project_phase (project_phase_id, project_id, phase_type_id, phase_status_id, fixed_start_time, scheduled_start_time, scheduled_end_time, actual_start_time, actual_end_time, duration, create_user, create_date, modify_user, modify_date) VALUES (100145, 100013, 13, 3, CURRENT + -2940 UNITS MINUTE, CURRENT + -2940 UNITS MINUTE, CURRENT + -60 UNITS MINUTE, CURRENT + -2940 UNITS MINUTE, CURRENT + -60 UNITS MINUTE, 172800000, 132456, CURRENT, 132456, CURRENT);
INSERT INTO project_phase (project_phase_id, project_id, phase_type_id, phase_status_id, fixed_start_time, scheduled_start_time, scheduled_end_time, actual_start_time, actual_end_time, duration, create_user, create_date, modify_user, modify_date) VALUES (100146, 100013, 14, 2, null, CURRENT + -60 UNITS MINUTE, CURRENT + 60 UNITS MINUTE, CURRENT + -60 UNITS MINUTE, null, 7200000, 132456, CURRENT, 132456, CURRENT);
INSERT INTO project_phase (project_phase_id, project_id, phase_type_id, phase_status_id, fixed_start_time, scheduled_start_time, scheduled_end_time, actual_start_time, actual_end_time, duration, create_user, create_date, modify_user, modify_date) VALUES (100147, 100013, 1, 1, CURRENT + 60 UNITS MINUTE, CURRENT + 60 UNITS MINUTE, CURRENT + 2940 UNITS MINUTE, null, null, 172800000, 132456, CURRENT, 132456, CURRENT);
INSERT INTO project_phase (project_phase_id, project_id, phase_type_id, phase_status_id, fixed_start_time, scheduled_start_time, scheduled_end_time, actual_start_time, actual_end_time, duration, create_user, create_date, modify_user, modify_date) VALUES (100148, 100013, 2, 1, null, CURRENT + 60 UNITS MINUTE, CURRENT + 5820 UNITS MINUTE, null, null, 345600000, 132456, CURRENT, 132456, CURRENT);
INSERT INTO project_phase (project_phase_id, project_id, phase_type_id, phase_status_id, fixed_start_time, scheduled_start_time, scheduled_end_time, actual_start_time, actual_end_time, duration, create_user, create_date, modify_user, modify_date) VALUES (100149, 100013, 3, 1, null, CURRENT + 5820 UNITS MINUTE, CURRENT + 6540 UNITS MINUTE, null, null, 43200000, 132456, CURRENT, 132456, CURRENT);
INSERT INTO project_phase (project_phase_id, project_id, phase_type_id, phase_status_id, fixed_start_time, scheduled_start_time, scheduled_end_time, actual_start_time, actual_end_time, duration, create_user, create_date, modify_user, modify_date) VALUES (100150, 100013, 4, 1, null, CURRENT + 6540 UNITS MINUTE, CURRENT + 9420 UNITS MINUTE, null, null, 172800000, 132456, CURRENT, 132456, CURRENT);
INSERT INTO project_phase (project_phase_id, project_id, phase_type_id, phase_status_id, fixed_start_time, scheduled_start_time, scheduled_end_time, actual_start_time, actual_end_time, duration, create_user, create_date, modify_user, modify_date) VALUES (100151, 100013, 5, 1, null, CURRENT + 9420 UNITS MINUTE, CURRENT + 10860 UNITS MINUTE, null, null, 86400000, 132456, CURRENT, 132456, CURRENT);
INSERT INTO project_phase (project_phase_id, project_id, phase_type_id, phase_status_id, fixed_start_time, scheduled_start_time, scheduled_end_time, actual_start_time, actual_end_time, duration, create_user, create_date, modify_user, modify_date) VALUES (100152, 100013, 6, 1, null, CURRENT + 10860 UNITS MINUTE, CURRENT + 11580 UNITS MINUTE, null, null, 43200000, 132456, CURRENT, 132456, CURRENT);
INSERT INTO project_phase (project_phase_id, project_id, phase_type_id, phase_status_id, fixed_start_time, scheduled_start_time, scheduled_end_time, actual_start_time, actual_end_time, duration, create_user, create_date, modify_user, modify_date) VALUES (100153, 100013, 7, 1, null, CURRENT + 11580 UNITS MINUTE, CURRENT + 12300 UNITS MINUTE, null, null, 43200000, 132456, CURRENT, 132456, CURRENT);
INSERT INTO project_phase (project_phase_id, project_id, phase_type_id, phase_status_id, fixed_start_time, scheduled_start_time, scheduled_end_time, actual_start_time, actual_end_time, duration, create_user, create_date, modify_user, modify_date) VALUES (100154, 100013, 9, 1, null, CURRENT + 12300 UNITS MINUTE, CURRENT + 13740 UNITS MINUTE, null, null, 86400000, 132456, CURRENT, 132456, CURRENT);
INSERT INTO project_phase (project_phase_id, project_id, phase_type_id, phase_status_id, fixed_start_time, scheduled_start_time, scheduled_end_time, actual_start_time, actual_end_time, duration, create_user, create_date, modify_user, modify_date) VALUES (100155, 100013, 10, 1, null, CURRENT + 13740 UNITS MINUTE, CURRENT + 14460 UNITS MINUTE, null, null, 43200000, 132456, CURRENT, 132456, CURRENT);
INSERT INTO project_phase (project_phase_id, project_id, phase_type_id, phase_status_id, fixed_start_time, scheduled_start_time, scheduled_end_time, actual_start_time, actual_end_time, duration, create_user, create_date, modify_user, modify_date) VALUES (100156, 100013, 11, 1, null, CURRENT + 14460 UNITS MINUTE, CURRENT + 21660 UNITS MINUTE, null, null, 432000000, 132456, CURRENT, 132456, CURRENT);
INSERT INTO phase_dependency (dependency_phase_id, dependent_phase_id, dependency_start, dependent_start, lag_time, create_user, create_date, modify_user, modify_date) VALUES (100145, 100146, 0, 1, 0, 132456, CURRENT, 132456, CURRENT);
INSERT INTO phase_dependency (dependency_phase_id, dependent_phase_id, dependency_start, dependent_start, lag_time, create_user, create_date, modify_user, modify_date) VALUES (100146, 100147, 0, 1, 0, 132456, CURRENT, 132456, CURRENT);
INSERT INTO phase_dependency (dependency_phase_id, dependent_phase_id, dependency_start, dependent_start, lag_time, create_user, create_date, modify_user, modify_date) VALUES (100147, 100148, 1, 1, 0, 132456, CURRENT, 132456, CURRENT);
INSERT INTO phase_dependency (dependency_phase_id, dependent_phase_id, dependency_start, dependent_start, lag_time, create_user, create_date, modify_user, modify_date) VALUES (100148, 100149, 0, 1, 0, 132456, CURRENT, 132456, CURRENT);
INSERT INTO phase_dependency (dependency_phase_id, dependent_phase_id, dependency_start, dependent_start, lag_time, create_user, create_date, modify_user, modify_date) VALUES (100149, 100150, 0, 1, 0, 132456, CURRENT, 132456, CURRENT);
INSERT INTO phase_dependency (dependency_phase_id, dependent_phase_id, dependency_start, dependent_start, lag_time, create_user, create_date, modify_user, modify_date) VALUES (100150, 100151, 0, 1, 0, 132456, CURRENT, 132456, CURRENT);
INSERT INTO phase_dependency (dependency_phase_id, dependent_phase_id, dependency_start, dependent_start, lag_time, create_user, create_date, modify_user, modify_date) VALUES (100151, 100152, 0, 1, 0, 132456, CURRENT, 132456, CURRENT);
INSERT INTO phase_dependency (dependency_phase_id, dependent_phase_id, dependency_start, dependent_start, lag_time, create_user, create_date, modify_user, modify_date) VALUES (100152, 100153, 0, 1, 0, 132456, CURRENT, 132456, CURRENT);
INSERT INTO phase_dependency (dependency_phase_id, dependent_phase_id, dependency_start, dependent_start, lag_time, create_user, create_date, modify_user, modify_date) VALUES (100153, 100154, 0, 1, 0, 132456, CURRENT, 132456, CURRENT);
INSERT INTO phase_dependency (dependency_phase_id, dependent_phase_id, dependency_start, dependent_start, lag_time, create_user, create_date, modify_user, modify_date) VALUES (100154, 100155, 0, 1, 0, 132456, CURRENT, 132456, CURRENT);
INSERT INTO phase_dependency (dependency_phase_id, dependent_phase_id, dependency_start, dependent_start, lag_time, create_user, create_date, modify_user, modify_date) VALUES (100155, 100156, 0, 1, 0, 132456, CURRENT, 132456, CURRENT);
INSERT INTO phase_criteria (project_phase_id, phase_criteria_type_id, parameter, create_user, create_date, modify_user, modify_date) VALUES (100146, 6, '1', 132456, CURRENT, 132456, CURRENT);
INSERT INTO phase_criteria (project_phase_id, phase_criteria_type_id, parameter, create_user, create_date, modify_user, modify_date) VALUES (100146, 1, '30000722', 132456, CURRENT, 132456, CURRENT);
INSERT INTO phase_criteria (project_phase_id, phase_criteria_type_id, parameter, create_user, create_date, modify_user, modify_date) VALUES (100147, 2, '0', 132456, CURRENT, 132456, CURRENT);
INSERT INTO phase_criteria (project_phase_id, phase_criteria_type_id, parameter, create_user, create_date, modify_user, modify_date) VALUES (100147, 5, 'No', 132456, CURRENT, 132456, CURRENT);
INSERT INTO phase_criteria (project_phase_id, phase_criteria_type_id, parameter, create_user, create_date, modify_user, modify_date) VALUES (100148, 3, '0', 132456, CURRENT, 132456, CURRENT);
INSERT INTO phase_criteria (project_phase_id, phase_criteria_type_id, parameter, create_user, create_date, modify_user, modify_date) VALUES (100148, 5, 'Yes', 132456, CURRENT, 132456, CURRENT);
INSERT INTO phase_criteria (project_phase_id, phase_criteria_type_id, parameter, create_user, create_date, modify_user, modify_date) VALUES (100149, 1, '30000410', 132456, CURRENT, 132456, CURRENT);
INSERT INTO phase_criteria (project_phase_id, phase_criteria_type_id, parameter, create_user, create_date, modify_user, modify_date) VALUES (100149, 5, 'No', 132456, CURRENT, 132456, CURRENT);
INSERT INTO phase_criteria (project_phase_id, phase_criteria_type_id, parameter, create_user, create_date, modify_user, modify_date) VALUES (100150, 6, '3', 132456, CURRENT, 132456, CURRENT);
INSERT INTO phase_criteria (project_phase_id, phase_criteria_type_id, parameter, create_user, create_date, modify_user, modify_date) VALUES (100150, 1, '30000411', 132456, CURRENT, 132456, CURRENT);
INSERT INTO phase_criteria (project_phase_id, phase_criteria_type_id, parameter, create_user, create_date, modify_user, modify_date) VALUES (100150, 5, 'No', 132456, CURRENT, 132456, CURRENT);
INSERT INTO phase_criteria (project_phase_id, phase_criteria_type_id, parameter, create_user, create_date, modify_user, modify_date) VALUES (100151, 4, 'No', 132456, CURRENT, 132456, CURRENT);
INSERT INTO phase_criteria (project_phase_id, phase_criteria_type_id, parameter, create_user, create_date, modify_user, modify_date) VALUES (100151, 5, 'No', 132456, CURRENT, 132456, CURRENT);
INSERT INTO phase_criteria (project_phase_id, phase_criteria_type_id, parameter, create_user, create_date, modify_user, modify_date) VALUES (100152, 5, 'No', 132456, CURRENT, 132456, CURRENT);
INSERT INTO phase_criteria (project_phase_id, phase_criteria_type_id, parameter, create_user, create_date, modify_user, modify_date) VALUES (100153, 5, 'No', 132456, CURRENT, 132456, CURRENT);
INSERT INTO phase_criteria (project_phase_id, phase_criteria_type_id, parameter, create_user, create_date, modify_user, modify_date) VALUES (100154, 5, 'No', 132456, CURRENT, 132456, CURRENT);
INSERT INTO phase_criteria (project_phase_id, phase_criteria_type_id, parameter, create_user, create_date, modify_user, modify_date) VALUES (100155, 5, 'No', 132456, CURRENT, 132456, CURRENT);
INSERT INTO phase_criteria (project_phase_id, phase_criteria_type_id, parameter, create_user, create_date, modify_user, modify_date) VALUES (100156, 6, '1', 132456, CURRENT, 132456, CURRENT);
INSERT INTO phase_criteria (project_phase_id, phase_criteria_type_id, parameter, create_user, create_date, modify_user, modify_date) VALUES (100156, 1, '30000720', 132456, CURRENT, 132456, CURRENT);
INSERT INTO review_auction (review_auction_id, project_id, review_auction_type_id) VALUES (110013, 100013, 3);
INSERT INTO review_auction (review_auction_id, project_id, review_auction_type_id) VALUES (100013, 100013, 1);
INSERT INTO project (project_id, project_status_id, project_category_id, create_user, create_date, modify_user, modify_date, tc_direct_project_id, project_studio_spec_id) VALUES (100014, 1, 2, 132456, CURRENT, 132456, CURRENT, 100001, NULL);
INSERT INTO project_phase (project_phase_id, project_id, phase_type_id, phase_status_id, fixed_start_time, scheduled_start_time, scheduled_end_time, actual_start_time, actual_end_time, duration, create_user, create_date, modify_user, modify_date) VALUES (100157, 100014, 13, 3, CURRENT + -8760 UNITS MINUTE, CURRENT + -8760 UNITS MINUTE, CURRENT + -5880 UNITS MINUTE, CURRENT + -8760 UNITS MINUTE, CURRENT + -5880 UNITS MINUTE, 172800000, 132456, CURRENT, 132456, CURRENT);
INSERT INTO project_phase (project_phase_id, project_id, phase_type_id, phase_status_id, fixed_start_time, scheduled_start_time, scheduled_end_time, actual_start_time, actual_end_time, duration, create_user, create_date, modify_user, modify_date) VALUES (100158, 100014, 14, 3, null, CURRENT + -5880 UNITS MINUTE, CURRENT + -5760 UNITS MINUTE, CURRENT + -5880 UNITS MINUTE, CURRENT + -5760 UNITS MINUTE, 7200000, 132456, CURRENT, 132456, CURRENT);
INSERT INTO project_phase (project_phase_id, project_id, phase_type_id, phase_status_id, fixed_start_time, scheduled_start_time, scheduled_end_time, actual_start_time, actual_end_time, duration, create_user, create_date, modify_user, modify_date) VALUES (100159, 100014, 1, 3, CURRENT + -5760 UNITS MINUTE, CURRENT + -5760 UNITS MINUTE, CURRENT + -2880 UNITS MINUTE, CURRENT + -5760 UNITS MINUTE, CURRENT + -2880 UNITS MINUTE, 172800000, 132456, CURRENT, 132456, CURRENT);
INSERT INTO project_phase (project_phase_id, project_id, phase_type_id, phase_status_id, fixed_start_time, scheduled_start_time, scheduled_end_time, actual_start_time, actual_end_time, duration, create_user, create_date, modify_user, modify_date) VALUES (100160, 100014, 2, 2, null, CURRENT + -5760 UNITS MINUTE, CURRENT + 0 UNITS MINUTE, CURRENT + -5760 UNITS MINUTE, null, 345600000, 132456, CURRENT, 132456, CURRENT);
INSERT INTO project_phase (project_phase_id, project_id, phase_type_id, phase_status_id, fixed_start_time, scheduled_start_time, scheduled_end_time, actual_start_time, actual_end_time, duration, create_user, create_date, modify_user, modify_date) VALUES (100161, 100014, 3, 1, null, CURRENT + 0 UNITS MINUTE, CURRENT + 720 UNITS MINUTE, null, null, 43200000, 132456, CURRENT, 132456, CURRENT);
INSERT INTO project_phase (project_phase_id, project_id, phase_type_id, phase_status_id, fixed_start_time, scheduled_start_time, scheduled_end_time, actual_start_time, actual_end_time, duration, create_user, create_date, modify_user, modify_date) VALUES (100162, 100014, 4, 1, null, CURRENT + 720 UNITS MINUTE, CURRENT + 3600 UNITS MINUTE, null, null, 172800000, 132456, CURRENT, 132456, CURRENT);
INSERT INTO project_phase (project_phase_id, project_id, phase_type_id, phase_status_id, fixed_start_time, scheduled_start_time, scheduled_end_time, actual_start_time, actual_end_time, duration, create_user, create_date, modify_user, modify_date) VALUES (100163, 100014, 5, 1, null, CURRENT + 3600 UNITS MINUTE, CURRENT + 5040 UNITS MINUTE, null, null, 86400000, 132456, CURRENT, 132456, CURRENT);
INSERT INTO project_phase (project_phase_id, project_id, phase_type_id, phase_status_id, fixed_start_time, scheduled_start_time, scheduled_end_time, actual_start_time, actual_end_time, duration, create_user, create_date, modify_user, modify_date) VALUES (100164, 100014, 6, 1, null, CURRENT + 5040 UNITS MINUTE, CURRENT + 5760 UNITS MINUTE, null, null, 43200000, 132456, CURRENT, 132456, CURRENT);
INSERT INTO project_phase (project_phase_id, project_id, phase_type_id, phase_status_id, fixed_start_time, scheduled_start_time, scheduled_end_time, actual_start_time, actual_end_time, duration, create_user, create_date, modify_user, modify_date) VALUES (100165, 100014, 7, 1, null, CURRENT + 5760 UNITS MINUTE, CURRENT + 6480 UNITS MINUTE, null, null, 43200000, 132456, CURRENT, 132456, CURRENT);
INSERT INTO project_phase (project_phase_id, project_id, phase_type_id, phase_status_id, fixed_start_time, scheduled_start_time, scheduled_end_time, actual_start_time, actual_end_time, duration, create_user, create_date, modify_user, modify_date) VALUES (100166, 100014, 9, 1, null, CURRENT + 6480 UNITS MINUTE, CURRENT + 7920 UNITS MINUTE, null, null, 86400000, 132456, CURRENT, 132456, CURRENT);
INSERT INTO project_phase (project_phase_id, project_id, phase_type_id, phase_status_id, fixed_start_time, scheduled_start_time, scheduled_end_time, actual_start_time, actual_end_time, duration, create_user, create_date, modify_user, modify_date) VALUES (100167, 100014, 10, 1, null, CURRENT + 7920 UNITS MINUTE, CURRENT + 8640 UNITS MINUTE, null, null, 43200000, 132456, CURRENT, 132456, CURRENT);
INSERT INTO project_phase (project_phase_id, project_id, phase_type_id, phase_status_id, fixed_start_time, scheduled_start_time, scheduled_end_time, actual_start_time, actual_end_time, duration, create_user, create_date, modify_user, modify_date) VALUES (100168, 100014, 11, 1, null, CURRENT + 8640 UNITS MINUTE, CURRENT + 15840 UNITS MINUTE, null, null, 432000000, 132456, CURRENT, 132456, CURRENT);
INSERT INTO phase_dependency (dependency_phase_id, dependent_phase_id, dependency_start, dependent_start, lag_time, create_user, create_date, modify_user, modify_date) VALUES (100157, 100158, 0, 1, 0, 132456, CURRENT, 132456, CURRENT);
INSERT INTO phase_dependency (dependency_phase_id, dependent_phase_id, dependency_start, dependent_start, lag_time, create_user, create_date, modify_user, modify_date) VALUES (100158, 100159, 0, 1, 0, 132456, CURRENT, 132456, CURRENT);
INSERT INTO phase_dependency (dependency_phase_id, dependent_phase_id, dependency_start, dependent_start, lag_time, create_user, create_date, modify_user, modify_date) VALUES (100159, 100160, 1, 1, 0, 132456, CURRENT, 132456, CURRENT);
INSERT INTO phase_dependency (dependency_phase_id, dependent_phase_id, dependency_start, dependent_start, lag_time, create_user, create_date, modify_user, modify_date) VALUES (100160, 100161, 0, 1, 0, 132456, CURRENT, 132456, CURRENT);
INSERT INTO phase_dependency (dependency_phase_id, dependent_phase_id, dependency_start, dependent_start, lag_time, create_user, create_date, modify_user, modify_date) VALUES (100161, 100162, 0, 1, 0, 132456, CURRENT, 132456, CURRENT);
INSERT INTO phase_dependency (dependency_phase_id, dependent_phase_id, dependency_start, dependent_start, lag_time, create_user, create_date, modify_user, modify_date) VALUES (100162, 100163, 0, 1, 0, 132456, CURRENT, 132456, CURRENT);
INSERT INTO phase_dependency (dependency_phase_id, dependent_phase_id, dependency_start, dependent_start, lag_time, create_user, create_date, modify_user, modify_date) VALUES (100163, 100164, 0, 1, 0, 132456, CURRENT, 132456, CURRENT);
INSERT INTO phase_dependency (dependency_phase_id, dependent_phase_id, dependency_start, dependent_start, lag_time, create_user, create_date, modify_user, modify_date) VALUES (100164, 100165, 0, 1, 0, 132456, CURRENT, 132456, CURRENT);
INSERT INTO phase_dependency (dependency_phase_id, dependent_phase_id, dependency_start, dependent_start, lag_time, create_user, create_date, modify_user, modify_date) VALUES (100165, 100166, 0, 1, 0, 132456, CURRENT, 132456, CURRENT);
INSERT INTO phase_dependency (dependency_phase_id, dependent_phase_id, dependency_start, dependent_start, lag_time, create_user, create_date, modify_user, modify_date) VALUES (100166, 100167, 0, 1, 0, 132456, CURRENT, 132456, CURRENT);
INSERT INTO phase_dependency (dependency_phase_id, dependent_phase_id, dependency_start, dependent_start, lag_time, create_user, create_date, modify_user, modify_date) VALUES (100167, 100168, 0, 1, 0, 132456, CURRENT, 132456, CURRENT);
INSERT INTO phase_criteria (project_phase_id, phase_criteria_type_id, parameter, create_user, create_date, modify_user, modify_date) VALUES (100158, 6, '1', 132456, CURRENT, 132456, CURRENT);
INSERT INTO phase_criteria (project_phase_id, phase_criteria_type_id, parameter, create_user, create_date, modify_user, modify_date) VALUES (100158, 1, '30000722', 132456, CURRENT, 132456, CURRENT);
INSERT INTO phase_criteria (project_phase_id, phase_criteria_type_id, parameter, create_user, create_date, modify_user, modify_date) VALUES (100159, 2, '0', 132456, CURRENT, 132456, CURRENT);
INSERT INTO phase_criteria (project_phase_id, phase_criteria_type_id, parameter, create_user, create_date, modify_user, modify_date) VALUES (100159, 5, 'No', 132456, CURRENT, 132456, CURRENT);
INSERT INTO phase_criteria (project_phase_id, phase_criteria_type_id, parameter, create_user, create_date, modify_user, modify_date) VALUES (100160, 3, '0', 132456, CURRENT, 132456, CURRENT);
INSERT INTO phase_criteria (project_phase_id, phase_criteria_type_id, parameter, create_user, create_date, modify_user, modify_date) VALUES (100160, 5, 'Yes', 132456, CURRENT, 132456, CURRENT);
INSERT INTO phase_criteria (project_phase_id, phase_criteria_type_id, parameter, create_user, create_date, modify_user, modify_date) VALUES (100161, 1, '30000412', 132456, CURRENT, 132456, CURRENT);
INSERT INTO phase_criteria (project_phase_id, phase_criteria_type_id, parameter, create_user, create_date, modify_user, modify_date) VALUES (100161, 5, 'No', 132456, CURRENT, 132456, CURRENT);
INSERT INTO phase_criteria (project_phase_id, phase_criteria_type_id, parameter, create_user, create_date, modify_user, modify_date) VALUES (100162, 6, '3', 132456, CURRENT, 132456, CURRENT);
INSERT INTO phase_criteria (project_phase_id, phase_criteria_type_id, parameter, create_user, create_date, modify_user, modify_date) VALUES (100162, 1, '30000413', 132456, CURRENT, 132456, CURRENT);
INSERT INTO phase_criteria (project_phase_id, phase_criteria_type_id, parameter, create_user, create_date, modify_user, modify_date) VALUES (100162, 5, 'No', 132456, CURRENT, 132456, CURRENT);
INSERT INTO phase_criteria (project_phase_id, phase_criteria_type_id, parameter, create_user, create_date, modify_user, modify_date) VALUES (100163, 4, 'No', 132456, CURRENT, 132456, CURRENT);
INSERT INTO phase_criteria (project_phase_id, phase_criteria_type_id, parameter, create_user, create_date, modify_user, modify_date) VALUES (100163, 5, 'No', 132456, CURRENT, 132456, CURRENT);
INSERT INTO phase_criteria (project_phase_id, phase_criteria_type_id, parameter, create_user, create_date, modify_user, modify_date) VALUES (100164, 5, 'No', 132456, CURRENT, 132456, CURRENT);
INSERT INTO phase_criteria (project_phase_id, phase_criteria_type_id, parameter, create_user, create_date, modify_user, modify_date) VALUES (100165, 5, 'No', 132456, CURRENT, 132456, CURRENT);
INSERT INTO phase_criteria (project_phase_id, phase_criteria_type_id, parameter, create_user, create_date, modify_user, modify_date) VALUES (100166, 5, 'No', 132456, CURRENT, 132456, CURRENT);
INSERT INTO phase_criteria (project_phase_id, phase_criteria_type_id, parameter, create_user, create_date, modify_user, modify_date) VALUES (100167, 5, 'No', 132456, CURRENT, 132456, CURRENT);
INSERT INTO phase_criteria (project_phase_id, phase_criteria_type_id, parameter, create_user, create_date, modify_user, modify_date) VALUES (100168, 6, '1', 132456, CURRENT, 132456, CURRENT);
INSERT INTO phase_criteria (project_phase_id, phase_criteria_type_id, parameter, create_user, create_date, modify_user, modify_date) VALUES (100168, 1, '30000720', 132456, CURRENT, 132456, CURRENT);
INSERT INTO review_auction (review_auction_id, project_id, review_auction_type_id) VALUES (110014, 100014, 3);
INSERT INTO review_auction (review_auction_id, project_id, review_auction_type_id) VALUES (100014, 100014, 2);
INSERT INTO project (project_id, project_status_id, project_category_id, create_user, create_date, modify_user, modify_date, tc_direct_project_id, project_studio_spec_id) VALUES (100015, 1, 14, 132456, CURRENT, 132456, CURRENT, 100001, NULL);
INSERT INTO project_phase (project_phase_id, project_id, phase_type_id, phase_status_id, fixed_start_time, scheduled_start_time, scheduled_end_time, actual_start_time, actual_end_time, duration, create_user, create_date, modify_user, modify_date) VALUES (100169, 100015, 13, 3, CURRENT + -15240 UNITS MINUTE, CURRENT + -15240 UNITS MINUTE, CURRENT + -12360 UNITS MINUTE, CURRENT + -15240 UNITS MINUTE, CURRENT + -12360 UNITS MINUTE, 172800000, 132456, CURRENT, 132456, CURRENT);
INSERT INTO project_phase (project_phase_id, project_id, phase_type_id, phase_status_id, fixed_start_time, scheduled_start_time, scheduled_end_time, actual_start_time, actual_end_time, duration, create_user, create_date, modify_user, modify_date) VALUES (100170, 100015, 14, 3, null, CURRENT + -12360 UNITS MINUTE, CURRENT + -12240 UNITS MINUTE, CURRENT + -12360 UNITS MINUTE, CURRENT + -12240 UNITS MINUTE, 7200000, 132456, CURRENT, 132456, CURRENT);
INSERT INTO project_phase (project_phase_id, project_id, phase_type_id, phase_status_id, fixed_start_time, scheduled_start_time, scheduled_end_time, actual_start_time, actual_end_time, duration, create_user, create_date, modify_user, modify_date) VALUES (100171, 100015, 1, 3, CURRENT + -12240 UNITS MINUTE, CURRENT + -12240 UNITS MINUTE, CURRENT + -9360 UNITS MINUTE, CURRENT + -12240 UNITS MINUTE, CURRENT + -9360 UNITS MINUTE, 172800000, 132456, CURRENT, 132456, CURRENT);
INSERT INTO project_phase (project_phase_id, project_id, phase_type_id, phase_status_id, fixed_start_time, scheduled_start_time, scheduled_end_time, actual_start_time, actual_end_time, duration, create_user, create_date, modify_user, modify_date) VALUES (100172, 100015, 2, 3, null, CURRENT + -12240 UNITS MINUTE, CURRENT + -5040 UNITS MINUTE, CURRENT + -12240 UNITS MINUTE, CURRENT + -5040 UNITS MINUTE, 432000000, 132456, CURRENT, 132456, CURRENT);
INSERT INTO project_phase (project_phase_id, project_id, phase_type_id, phase_status_id, fixed_start_time, scheduled_start_time, scheduled_end_time, actual_start_time, actual_end_time, duration, create_user, create_date, modify_user, modify_date) VALUES (100173, 100015, 3, 3, null, CURRENT + -5040 UNITS MINUTE, CURRENT + -4320 UNITS MINUTE, CURRENT + -5040 UNITS MINUTE, CURRENT + -4320 UNITS MINUTE, 43200000, 132456, CURRENT, 132456, CURRENT);
INSERT INTO project_phase (project_phase_id, project_id, phase_type_id, phase_status_id, fixed_start_time, scheduled_start_time, scheduled_end_time, actual_start_time, actual_end_time, duration, create_user, create_date, modify_user, modify_date) VALUES (100174, 100015, 4, 2, null, CURRENT + -4320 UNITS MINUTE, CURRENT + -1440 UNITS MINUTE, CURRENT + -4320 UNITS MINUTE, null, 172800000, 132456, CURRENT, 132456, CURRENT);
INSERT INTO project_phase (project_phase_id, project_id, phase_type_id, phase_status_id, fixed_start_time, scheduled_start_time, scheduled_end_time, actual_start_time, actual_end_time, duration, create_user, create_date, modify_user, modify_date) VALUES (100175, 100015, 5, 1, null, CURRENT + -1440 UNITS MINUTE, CURRENT + 0 UNITS MINUTE, null, null, 86400000, 132456, CURRENT, 132456, CURRENT);
INSERT INTO project_phase (project_phase_id, project_id, phase_type_id, phase_status_id, fixed_start_time, scheduled_start_time, scheduled_end_time, actual_start_time, actual_end_time, duration, create_user, create_date, modify_user, modify_date) VALUES (100176, 100015, 6, 1, null, CURRENT + 0 UNITS MINUTE, CURRENT + 720 UNITS MINUTE, null, null, 43200000, 132456, CURRENT, 132456, CURRENT);
INSERT INTO project_phase (project_phase_id, project_id, phase_type_id, phase_status_id, fixed_start_time, scheduled_start_time, scheduled_end_time, actual_start_time, actual_end_time, duration, create_user, create_date, modify_user, modify_date) VALUES (100177, 100015, 7, 1, null, CURRENT + 720 UNITS MINUTE, CURRENT + 1440 UNITS MINUTE, null, null, 43200000, 132456, CURRENT, 132456, CURRENT);
INSERT INTO project_phase (project_phase_id, project_id, phase_type_id, phase_status_id, fixed_start_time, scheduled_start_time, scheduled_end_time, actual_start_time, actual_end_time, duration, create_user, create_date, modify_user, modify_date) VALUES (100178, 100015, 9, 1, null, CURRENT + 1440 UNITS MINUTE, CURRENT + 2880 UNITS MINUTE, null, null, 86400000, 132456, CURRENT, 132456, CURRENT);
INSERT INTO project_phase (project_phase_id, project_id, phase_type_id, phase_status_id, fixed_start_time, scheduled_start_time, scheduled_end_time, actual_start_time, actual_end_time, duration, create_user, create_date, modify_user, modify_date) VALUES (100179, 100015, 10, 1, null, CURRENT + 2880 UNITS MINUTE, CURRENT + 3600 UNITS MINUTE, null, null, 43200000, 132456, CURRENT, 132456, CURRENT);
INSERT INTO project_phase (project_phase_id, project_id, phase_type_id, phase_status_id, fixed_start_time, scheduled_start_time, scheduled_end_time, actual_start_time, actual_end_time, duration, create_user, create_date, modify_user, modify_date) VALUES (100180, 100015, 11, 1, null, CURRENT + 3600 UNITS MINUTE, CURRENT + 10800 UNITS MINUTE, null, null, 432000000, 132456, CURRENT, 132456, CURRENT);
INSERT INTO phase_dependency (dependency_phase_id, dependent_phase_id, dependency_start, dependent_start, lag_time, create_user, create_date, modify_user, modify_date) VALUES (100169, 100170, 0, 1, 0, 132456, CURRENT, 132456, CURRENT);
INSERT INTO phase_dependency (dependency_phase_id, dependent_phase_id, dependency_start, dependent_start, lag_time, create_user, create_date, modify_user, modify_date) VALUES (100170, 100171, 0, 1, 0, 132456, CURRENT, 132456, CURRENT);
INSERT INTO phase_dependency (dependency_phase_id, dependent_phase_id, dependency_start, dependent_start, lag_time, create_user, create_date, modify_user, modify_date) VALUES (100171, 100172, 1, 1, 0, 132456, CURRENT, 132456, CURRENT);
INSERT INTO phase_dependency (dependency_phase_id, dependent_phase_id, dependency_start, dependent_start, lag_time, create_user, create_date, modify_user, modify_date) VALUES (100172, 100173, 0, 1, 0, 132456, CURRENT, 132456, CURRENT);
INSERT INTO phase_dependency (dependency_phase_id, dependent_phase_id, dependency_start, dependent_start, lag_time, create_user, create_date, modify_user, modify_date) VALUES (100173, 100174, 0, 1, 0, 132456, CURRENT, 132456, CURRENT);
INSERT INTO phase_dependency (dependency_phase_id, dependent_phase_id, dependency_start, dependent_start, lag_time, create_user, create_date, modify_user, modify_date) VALUES (100174, 100175, 0, 1, 0, 132456, CURRENT, 132456, CURRENT);
INSERT INTO phase_dependency (dependency_phase_id, dependent_phase_id, dependency_start, dependent_start, lag_time, create_user, create_date, modify_user, modify_date) VALUES (100175, 100176, 0, 1, 0, 132456, CURRENT, 132456, CURRENT);
INSERT INTO phase_dependency (dependency_phase_id, dependent_phase_id, dependency_start, dependent_start, lag_time, create_user, create_date, modify_user, modify_date) VALUES (100176, 100177, 0, 1, 0, 132456, CURRENT, 132456, CURRENT);
INSERT INTO phase_dependency (dependency_phase_id, dependent_phase_id, dependency_start, dependent_start, lag_time, create_user, create_date, modify_user, modify_date) VALUES (100177, 100178, 0, 1, 0, 132456, CURRENT, 132456, CURRENT);
INSERT INTO phase_dependency (dependency_phase_id, dependent_phase_id, dependency_start, dependent_start, lag_time, create_user, create_date, modify_user, modify_date) VALUES (100178, 100179, 0, 1, 0, 132456, CURRENT, 132456, CURRENT);
INSERT INTO phase_dependency (dependency_phase_id, dependent_phase_id, dependency_start, dependent_start, lag_time, create_user, create_date, modify_user, modify_date) VALUES (100179, 100180, 0, 1, 0, 132456, CURRENT, 132456, CURRENT);
INSERT INTO phase_criteria (project_phase_id, phase_criteria_type_id, parameter, create_user, create_date, modify_user, modify_date) VALUES (100170, 6, '1', 132456, CURRENT, 132456, CURRENT);
INSERT INTO phase_criteria (project_phase_id, phase_criteria_type_id, parameter, create_user, create_date, modify_user, modify_date) VALUES (100170, 1, '30000722', 132456, CURRENT, 132456, CURRENT);
INSERT INTO phase_criteria (project_phase_id, phase_criteria_type_id, parameter, create_user, create_date, modify_user, modify_date) VALUES (100171, 2, '0', 132456, CURRENT, 132456, CURRENT);
INSERT INTO phase_criteria (project_phase_id, phase_criteria_type_id, parameter, create_user, create_date, modify_user, modify_date) VALUES (100171, 5, 'No', 132456, CURRENT, 132456, CURRENT);
INSERT INTO phase_criteria (project_phase_id, phase_criteria_type_id, parameter, create_user, create_date, modify_user, modify_date) VALUES (100172, 3, '0', 132456, CURRENT, 132456, CURRENT);
INSERT INTO phase_criteria (project_phase_id, phase_criteria_type_id, parameter, create_user, create_date, modify_user, modify_date) VALUES (100172, 5, 'Yes', 132456, CURRENT, 132456, CURRENT);
INSERT INTO phase_criteria (project_phase_id, phase_criteria_type_id, parameter, create_user, create_date, modify_user, modify_date) VALUES (100173, 1, '30000410', 132456, CURRENT, 132456, CURRENT);
INSERT INTO phase_criteria (project_phase_id, phase_criteria_type_id, parameter, create_user, create_date, modify_user, modify_date) VALUES (100173, 5, 'No', 132456, CURRENT, 132456, CURRENT);
INSERT INTO phase_criteria (project_phase_id, phase_criteria_type_id, parameter, create_user, create_date, modify_user, modify_date) VALUES (100174, 6, '3', 132456, CURRENT, 132456, CURRENT);
INSERT INTO phase_criteria (project_phase_id, phase_criteria_type_id, parameter, create_user, create_date, modify_user, modify_date) VALUES (100174, 1, '30000411', 132456, CURRENT, 132456, CURRENT);
INSERT INTO phase_criteria (project_phase_id, phase_criteria_type_id, parameter, create_user, create_date, modify_user, modify_date) VALUES (100174, 5, 'No', 132456, CURRENT, 132456, CURRENT);
INSERT INTO phase_criteria (project_phase_id, phase_criteria_type_id, parameter, create_user, create_date, modify_user, modify_date) VALUES (100175, 4, 'No', 132456, CURRENT, 132456, CURRENT);
INSERT INTO phase_criteria (project_phase_id, phase_criteria_type_id, parameter, create_user, create_date, modify_user, modify_date) VALUES (100175, 5, 'No', 132456, CURRENT, 132456, CURRENT);
INSERT INTO phase_criteria (project_phase_id, phase_criteria_type_id, parameter, create_user, create_date, modify_user, modify_date) VALUES (100176, 5, 'No', 132456, CURRENT, 132456, CURRENT);
INSERT INTO phase_criteria (project_phase_id, phase_criteria_type_id, parameter, create_user, create_date, modify_user, modify_date) VALUES (100177, 5, 'No', 132456, CURRENT, 132456, CURRENT);
INSERT INTO phase_criteria (project_phase_id, phase_criteria_type_id, parameter, create_user, create_date, modify_user, modify_date) VALUES (100178, 5, 'No', 132456, CURRENT, 132456, CURRENT);
INSERT INTO phase_criteria (project_phase_id, phase_criteria_type_id, parameter, create_user, create_date, modify_user, modify_date) VALUES (100179, 5, 'No', 132456, CURRENT, 132456, CURRENT);
INSERT INTO phase_criteria (project_phase_id, phase_criteria_type_id, parameter, create_user, create_date, modify_user, modify_date) VALUES (100180, 6, '1', 132456, CURRENT, 132456, CURRENT);
INSERT INTO phase_criteria (project_phase_id, phase_criteria_type_id, parameter, create_user, create_date, modify_user, modify_date) VALUES (100180, 1, '30000720', 132456, CURRENT, 132456, CURRENT);
INSERT INTO review_auction (review_auction_id, project_id, review_auction_type_id) VALUES (110015, 100015, 3);
INSERT INTO review_auction (review_auction_id, project_id, review_auction_type_id) VALUES (100015, 100015, 1);
INSERT INTO project (project_id, project_status_id, project_category_id, create_user, create_date, modify_user, modify_date, tc_direct_project_id, project_studio_spec_id) VALUES (100016, 1, 1, 132456, CURRENT, 132456, CURRENT, 100001, NULL);
INSERT INTO project_phase (project_phase_id, project_id, phase_type_id, phase_status_id, fixed_start_time, scheduled_start_time, scheduled_end_time, actual_start_time, actual_end_time, duration, create_user, create_date, modify_user, modify_date) VALUES (100181, 100016, 13, 3, CURRENT + -8760 UNITS MINUTE, CURRENT + -8760 UNITS MINUTE, CURRENT + -5880 UNITS MINUTE, CURRENT + -8760 UNITS MINUTE, CURRENT + -5880 UNITS MINUTE, 172800000, 132456, CURRENT, 132456, CURRENT);
INSERT INTO project_phase (project_phase_id, project_id, phase_type_id, phase_status_id, fixed_start_time, scheduled_start_time, scheduled_end_time, actual_start_time, actual_end_time, duration, create_user, create_date, modify_user, modify_date) VALUES (100182, 100016, 14, 3, null, CURRENT + -5880 UNITS MINUTE, CURRENT + -5760 UNITS MINUTE, CURRENT + -5880 UNITS MINUTE, CURRENT + -5760 UNITS MINUTE, 7200000, 132456, CURRENT, 132456, CURRENT);
INSERT INTO project_phase (project_phase_id, project_id, phase_type_id, phase_status_id, fixed_start_time, scheduled_start_time, scheduled_end_time, actual_start_time, actual_end_time, duration, create_user, create_date, modify_user, modify_date) VALUES (100183, 100016, 1, 3, CURRENT + -5760 UNITS MINUTE, CURRENT + -5760 UNITS MINUTE, CURRENT + -2880 UNITS MINUTE, CURRENT + -5760 UNITS MINUTE, CURRENT + -2880 UNITS MINUTE, 172800000, 132456, CURRENT, 132456, CURRENT);
INSERT INTO project_phase (project_phase_id, project_id, phase_type_id, phase_status_id, fixed_start_time, scheduled_start_time, scheduled_end_time, actual_start_time, actual_end_time, duration, create_user, create_date, modify_user, modify_date) VALUES (100184, 100016, 2, 2, null, CURRENT + -5760 UNITS MINUTE, CURRENT + 0 UNITS MINUTE, CURRENT + -5760 UNITS MINUTE, null, 345600000, 132456, CURRENT, 132456, CURRENT);
INSERT INTO project_phase (project_phase_id, project_id, phase_type_id, phase_status_id, fixed_start_time, scheduled_start_time, scheduled_end_time, actual_start_time, actual_end_time, duration, create_user, create_date, modify_user, modify_date) VALUES (100185, 100016, 3, 1, null, CURRENT + 0 UNITS MINUTE, CURRENT + 720 UNITS MINUTE, null, null, 43200000, 132456, CURRENT, 132456, CURRENT);
INSERT INTO project_phase (project_phase_id, project_id, phase_type_id, phase_status_id, fixed_start_time, scheduled_start_time, scheduled_end_time, actual_start_time, actual_end_time, duration, create_user, create_date, modify_user, modify_date) VALUES (100186, 100016, 4, 1, null, CURRENT + 720 UNITS MINUTE, CURRENT + 3600 UNITS MINUTE, null, null, 172800000, 132456, CURRENT, 132456, CURRENT);
INSERT INTO project_phase (project_phase_id, project_id, phase_type_id, phase_status_id, fixed_start_time, scheduled_start_time, scheduled_end_time, actual_start_time, actual_end_time, duration, create_user, create_date, modify_user, modify_date) VALUES (100187, 100016, 5, 1, null, CURRENT + 3600 UNITS MINUTE, CURRENT + 5040 UNITS MINUTE, null, null, 86400000, 132456, CURRENT, 132456, CURRENT);
INSERT INTO project_phase (project_phase_id, project_id, phase_type_id, phase_status_id, fixed_start_time, scheduled_start_time, scheduled_end_time, actual_start_time, actual_end_time, duration, create_user, create_date, modify_user, modify_date) VALUES (100188, 100016, 6, 1, null, CURRENT + 5040 UNITS MINUTE, CURRENT + 5760 UNITS MINUTE, null, null, 43200000, 132456, CURRENT, 132456, CURRENT);
INSERT INTO project_phase (project_phase_id, project_id, phase_type_id, phase_status_id, fixed_start_time, scheduled_start_time, scheduled_end_time, actual_start_time, actual_end_time, duration, create_user, create_date, modify_user, modify_date) VALUES (100189, 100016, 7, 1, null, CURRENT + 5760 UNITS MINUTE, CURRENT + 6480 UNITS MINUTE, null, null, 43200000, 132456, CURRENT, 132456, CURRENT);
INSERT INTO project_phase (project_phase_id, project_id, phase_type_id, phase_status_id, fixed_start_time, scheduled_start_time, scheduled_end_time, actual_start_time, actual_end_time, duration, create_user, create_date, modify_user, modify_date) VALUES (100190, 100016, 9, 1, null, CURRENT + 6480 UNITS MINUTE, CURRENT + 7920 UNITS MINUTE, null, null, 86400000, 132456, CURRENT, 132456, CURRENT);
INSERT INTO project_phase (project_phase_id, project_id, phase_type_id, phase_status_id, fixed_start_time, scheduled_start_time, scheduled_end_time, actual_start_time, actual_end_time, duration, create_user, create_date, modify_user, modify_date) VALUES (100191, 100016, 10, 1, null, CURRENT + 7920 UNITS MINUTE, CURRENT + 8640 UNITS MINUTE, null, null, 43200000, 132456, CURRENT, 132456, CURRENT);
INSERT INTO project_phase (project_phase_id, project_id, phase_type_id, phase_status_id, fixed_start_time, scheduled_start_time, scheduled_end_time, actual_start_time, actual_end_time, duration, create_user, create_date, modify_user, modify_date) VALUES (100192, 100016, 11, 1, null, CURRENT + 8640 UNITS MINUTE, CURRENT + 15840 UNITS MINUTE, null, null, 432000000, 132456, CURRENT, 132456, CURRENT);
INSERT INTO phase_dependency (dependency_phase_id, dependent_phase_id, dependency_start, dependent_start, lag_time, create_user, create_date, modify_user, modify_date) VALUES (100181, 100182, 0, 1, 0, 132456, CURRENT, 132456, CURRENT);
INSERT INTO phase_dependency (dependency_phase_id, dependent_phase_id, dependency_start, dependent_start, lag_time, create_user, create_date, modify_user, modify_date) VALUES (100182, 100183, 0, 1, 0, 132456, CURRENT, 132456, CURRENT);
INSERT INTO phase_dependency (dependency_phase_id, dependent_phase_id, dependency_start, dependent_start, lag_time, create_user, create_date, modify_user, modify_date) VALUES (100183, 100184, 1, 1, 0, 132456, CURRENT, 132456, CURRENT);
INSERT INTO phase_dependency (dependency_phase_id, dependent_phase_id, dependency_start, dependent_start, lag_time, create_user, create_date, modify_user, modify_date) VALUES (100184, 100185, 0, 1, 0, 132456, CURRENT, 132456, CURRENT);
INSERT INTO phase_dependency (dependency_phase_id, dependent_phase_id, dependency_start, dependent_start, lag_time, create_user, create_date, modify_user, modify_date) VALUES (100185, 100186, 0, 1, 0, 132456, CURRENT, 132456, CURRENT);
INSERT INTO phase_dependency (dependency_phase_id, dependent_phase_id, dependency_start, dependent_start, lag_time, create_user, create_date, modify_user, modify_date) VALUES (100186, 100187, 0, 1, 0, 132456, CURRENT, 132456, CURRENT);
INSERT INTO phase_dependency (dependency_phase_id, dependent_phase_id, dependency_start, dependent_start, lag_time, create_user, create_date, modify_user, modify_date) VALUES (100187, 100188, 0, 1, 0, 132456, CURRENT, 132456, CURRENT);
INSERT INTO phase_dependency (dependency_phase_id, dependent_phase_id, dependency_start, dependent_start, lag_time, create_user, create_date, modify_user, modify_date) VALUES (100188, 100189, 0, 1, 0, 132456, CURRENT, 132456, CURRENT);
INSERT INTO phase_dependency (dependency_phase_id, dependent_phase_id, dependency_start, dependent_start, lag_time, create_user, create_date, modify_user, modify_date) VALUES (100189, 100190, 0, 1, 0, 132456, CURRENT, 132456, CURRENT);
INSERT INTO phase_dependency (dependency_phase_id, dependent_phase_id, dependency_start, dependent_start, lag_time, create_user, create_date, modify_user, modify_date) VALUES (100190, 100191, 0, 1, 0, 132456, CURRENT, 132456, CURRENT);
INSERT INTO phase_dependency (dependency_phase_id, dependent_phase_id, dependency_start, dependent_start, lag_time, create_user, create_date, modify_user, modify_date) VALUES (100191, 100192, 0, 1, 0, 132456, CURRENT, 132456, CURRENT);
INSERT INTO phase_criteria (project_phase_id, phase_criteria_type_id, parameter, create_user, create_date, modify_user, modify_date) VALUES (100182, 6, '1', 132456, CURRENT, 132456, CURRENT);
INSERT INTO phase_criteria (project_phase_id, phase_criteria_type_id, parameter, create_user, create_date, modify_user, modify_date) VALUES (100182, 1, '30000722', 132456, CURRENT, 132456, CURRENT);
INSERT INTO phase_criteria (project_phase_id, phase_criteria_type_id, parameter, create_user, create_date, modify_user, modify_date) VALUES (100183, 2, '0', 132456, CURRENT, 132456, CURRENT);
INSERT INTO phase_criteria (project_phase_id, phase_criteria_type_id, parameter, create_user, create_date, modify_user, modify_date) VALUES (100183, 5, 'No', 132456, CURRENT, 132456, CURRENT);
INSERT INTO phase_criteria (project_phase_id, phase_criteria_type_id, parameter, create_user, create_date, modify_user, modify_date) VALUES (100184, 3, '0', 132456, CURRENT, 132456, CURRENT);
INSERT INTO phase_criteria (project_phase_id, phase_criteria_type_id, parameter, create_user, create_date, modify_user, modify_date) VALUES (100184, 5, 'Yes', 132456, CURRENT, 132456, CURRENT);
INSERT INTO phase_criteria (project_phase_id, phase_criteria_type_id, parameter, create_user, create_date, modify_user, modify_date) VALUES (100185, 1, '30000410', 132456, CURRENT, 132456, CURRENT);
INSERT INTO phase_criteria (project_phase_id, phase_criteria_type_id, parameter, create_user, create_date, modify_user, modify_date) VALUES (100185, 5, 'No', 132456, CURRENT, 132456, CURRENT);
INSERT INTO phase_criteria (project_phase_id, phase_criteria_type_id, parameter, create_user, create_date, modify_user, modify_date) VALUES (100186, 6, '3', 132456, CURRENT, 132456, CURRENT);
INSERT INTO phase_criteria (project_phase_id, phase_criteria_type_id, parameter, create_user, create_date, modify_user, modify_date) VALUES (100186, 1, '30000411', 132456, CURRENT, 132456, CURRENT);
INSERT INTO phase_criteria (project_phase_id, phase_criteria_type_id, parameter, create_user, create_date, modify_user, modify_date) VALUES (100186, 5, 'No', 132456, CURRENT, 132456, CURRENT);
INSERT INTO phase_criteria (project_phase_id, phase_criteria_type_id, parameter, create_user, create_date, modify_user, modify_date) VALUES (100187, 4, 'No', 132456, CURRENT, 132456, CURRENT);
INSERT INTO phase_criteria (project_phase_id, phase_criteria_type_id, parameter, create_user, create_date, modify_user, modify_date) VALUES (100187, 5, 'No', 132456, CURRENT, 132456, CURRENT);
INSERT INTO phase_criteria (project_phase_id, phase_criteria_type_id, parameter, create_user, create_date, modify_user, modify_date) VALUES (100188, 5, 'No', 132456, CURRENT, 132456, CURRENT);
INSERT INTO phase_criteria (project_phase_id, phase_criteria_type_id, parameter, create_user, create_date, modify_user, modify_date) VALUES (100189, 5, 'No', 132456, CURRENT, 132456, CURRENT);
INSERT INTO phase_criteria (project_phase_id, phase_criteria_type_id, parameter, create_user, create_date, modify_user, modify_date) VALUES (100190, 5, 'No', 132456, CURRENT, 132456, CURRENT);
INSERT INTO phase_criteria (project_phase_id, phase_criteria_type_id, parameter, create_user, create_date, modify_user, modify_date) VALUES (100191, 5, 'No', 132456, CURRENT, 132456, CURRENT);
INSERT INTO phase_criteria (project_phase_id, phase_criteria_type_id, parameter, create_user, create_date, modify_user, modify_date) VALUES (100192, 6, '1', 132456, CURRENT, 132456, CURRENT);
INSERT INTO phase_criteria (project_phase_id, phase_criteria_type_id, parameter, create_user, create_date, modify_user, modify_date) VALUES (100192, 1, '30000720', 132456, CURRENT, 132456, CURRENT);
INSERT INTO review_auction (review_auction_id, project_id, review_auction_type_id) VALUES (110016, 100016, 3);
INSERT INTO review_auction (review_auction_id, project_id, review_auction_type_id) VALUES (100016, 100016, 1);
INSERT INTO project (project_id, project_status_id, project_category_id, create_user, create_date, modify_user, modify_date, tc_direct_project_id, project_studio_spec_id) VALUES (100017, 1, 14, 132456, CURRENT, 132456, CURRENT, 100001, NULL);
INSERT INTO project_phase (project_phase_id, project_id, phase_type_id, phase_status_id, fixed_start_time, scheduled_start_time, scheduled_end_time, actual_start_time, actual_end_time, duration, create_user, create_date, modify_user, modify_date) VALUES (100193, 100017, 13, 3, CURRENT + -15240 UNITS MINUTE, CURRENT + -15240 UNITS MINUTE, CURRENT + -12360 UNITS MINUTE, CURRENT + -15240 UNITS MINUTE, CURRENT + -12360 UNITS MINUTE, 172800000, 132456, CURRENT, 132456, CURRENT);
INSERT INTO project_phase (project_phase_id, project_id, phase_type_id, phase_status_id, fixed_start_time, scheduled_start_time, scheduled_end_time, actual_start_time, actual_end_time, duration, create_user, create_date, modify_user, modify_date) VALUES (100194, 100017, 14, 3, null, CURRENT + -12360 UNITS MINUTE, CURRENT + -12240 UNITS MINUTE, CURRENT + -12360 UNITS MINUTE, CURRENT + -12240 UNITS MINUTE, 7200000, 132456, CURRENT, 132456, CURRENT);
INSERT INTO project_phase (project_phase_id, project_id, phase_type_id, phase_status_id, fixed_start_time, scheduled_start_time, scheduled_end_time, actual_start_time, actual_end_time, duration, create_user, create_date, modify_user, modify_date) VALUES (100195, 100017, 1, 3, CURRENT + -12240 UNITS MINUTE, CURRENT + -12240 UNITS MINUTE, CURRENT + -9360 UNITS MINUTE, CURRENT + -12240 UNITS MINUTE, CURRENT + -9360 UNITS MINUTE, 172800000, 132456, CURRENT, 132456, CURRENT);
INSERT INTO project_phase (project_phase_id, project_id, phase_type_id, phase_status_id, fixed_start_time, scheduled_start_time, scheduled_end_time, actual_start_time, actual_end_time, duration, create_user, create_date, modify_user, modify_date) VALUES (100196, 100017, 2, 3, null, CURRENT + -12240 UNITS MINUTE, CURRENT + -5040 UNITS MINUTE, CURRENT + -12240 UNITS MINUTE, CURRENT + -5040 UNITS MINUTE, 432000000, 132456, CURRENT, 132456, CURRENT);
INSERT INTO project_phase (project_phase_id, project_id, phase_type_id, phase_status_id, fixed_start_time, scheduled_start_time, scheduled_end_time, actual_start_time, actual_end_time, duration, create_user, create_date, modify_user, modify_date) VALUES (100197, 100017, 3, 3, null, CURRENT + -5040 UNITS MINUTE, CURRENT + -4320 UNITS MINUTE, CURRENT + -5040 UNITS MINUTE, CURRENT + -4320 UNITS MINUTE, 43200000, 132456, CURRENT, 132456, CURRENT);
INSERT INTO project_phase (project_phase_id, project_id, phase_type_id, phase_status_id, fixed_start_time, scheduled_start_time, scheduled_end_time, actual_start_time, actual_end_time, duration, create_user, create_date, modify_user, modify_date) VALUES (100198, 100017, 4, 2, null, CURRENT + -4320 UNITS MINUTE, CURRENT + -1440 UNITS MINUTE, CURRENT + -4320 UNITS MINUTE, null, 172800000, 132456, CURRENT, 132456, CURRENT);
INSERT INTO project_phase (project_phase_id, project_id, phase_type_id, phase_status_id, fixed_start_time, scheduled_start_time, scheduled_end_time, actual_start_time, actual_end_time, duration, create_user, create_date, modify_user, modify_date) VALUES (100199, 100017, 5, 1, null, CURRENT + -1440 UNITS MINUTE, CURRENT + 0 UNITS MINUTE, null, null, 86400000, 132456, CURRENT, 132456, CURRENT);
INSERT INTO project_phase (project_phase_id, project_id, phase_type_id, phase_status_id, fixed_start_time, scheduled_start_time, scheduled_end_time, actual_start_time, actual_end_time, duration, create_user, create_date, modify_user, modify_date) VALUES (100200, 100017, 6, 1, null, CURRENT + 0 UNITS MINUTE, CURRENT + 720 UNITS MINUTE, null, null, 43200000, 132456, CURRENT, 132456, CURRENT);
INSERT INTO project_phase (project_phase_id, project_id, phase_type_id, phase_status_id, fixed_start_time, scheduled_start_time, scheduled_end_time, actual_start_time, actual_end_time, duration, create_user, create_date, modify_user, modify_date) VALUES (100201, 100017, 7, 1, null, CURRENT + 720 UNITS MINUTE, CURRENT + 1440 UNITS MINUTE, null, null, 43200000, 132456, CURRENT, 132456, CURRENT);
INSERT INTO project_phase (project_phase_id, project_id, phase_type_id, phase_status_id, fixed_start_time, scheduled_start_time, scheduled_end_time, actual_start_time, actual_end_time, duration, create_user, create_date, modify_user, modify_date) VALUES (100202, 100017, 9, 1, null, CURRENT + 1440 UNITS MINUTE, CURRENT + 2880 UNITS MINUTE, null, null, 86400000, 132456, CURRENT, 132456, CURRENT);
INSERT INTO project_phase (project_phase_id, project_id, phase_type_id, phase_status_id, fixed_start_time, scheduled_start_time, scheduled_end_time, actual_start_time, actual_end_time, duration, create_user, create_date, modify_user, modify_date) VALUES (100203, 100017, 10, 1, null, CURRENT + 2880 UNITS MINUTE, CURRENT + 3600 UNITS MINUTE, null, null, 43200000, 132456, CURRENT, 132456, CURRENT);
INSERT INTO project_phase (project_phase_id, project_id, phase_type_id, phase_status_id, fixed_start_time, scheduled_start_time, scheduled_end_time, actual_start_time, actual_end_time, duration, create_user, create_date, modify_user, modify_date) VALUES (100204, 100017, 11, 1, null, CURRENT + 3600 UNITS MINUTE, CURRENT + 10800 UNITS MINUTE, null, null, 432000000, 132456, CURRENT, 132456, CURRENT);
INSERT INTO phase_dependency (dependency_phase_id, dependent_phase_id, dependency_start, dependent_start, lag_time, create_user, create_date, modify_user, modify_date) VALUES (100193, 100194, 0, 1, 0, 132456, CURRENT, 132456, CURRENT);
INSERT INTO phase_dependency (dependency_phase_id, dependent_phase_id, dependency_start, dependent_start, lag_time, create_user, create_date, modify_user, modify_date) VALUES (100194, 100195, 0, 1, 0, 132456, CURRENT, 132456, CURRENT);
INSERT INTO phase_dependency (dependency_phase_id, dependent_phase_id, dependency_start, dependent_start, lag_time, create_user, create_date, modify_user, modify_date) VALUES (100195, 100196, 1, 1, 0, 132456, CURRENT, 132456, CURRENT);
INSERT INTO phase_dependency (dependency_phase_id, dependent_phase_id, dependency_start, dependent_start, lag_time, create_user, create_date, modify_user, modify_date) VALUES (100196, 100197, 0, 1, 0, 132456, CURRENT, 132456, CURRENT);
INSERT INTO phase_dependency (dependency_phase_id, dependent_phase_id, dependency_start, dependent_start, lag_time, create_user, create_date, modify_user, modify_date) VALUES (100197, 100198, 0, 1, 0, 132456, CURRENT, 132456, CURRENT);
INSERT INTO phase_dependency (dependency_phase_id, dependent_phase_id, dependency_start, dependent_start, lag_time, create_user, create_date, modify_user, modify_date) VALUES (100198, 100199, 0, 1, 0, 132456, CURRENT, 132456, CURRENT);
INSERT INTO phase_dependency (dependency_phase_id, dependent_phase_id, dependency_start, dependent_start, lag_time, create_user, create_date, modify_user, modify_date) VALUES (100199, 100200, 0, 1, 0, 132456, CURRENT, 132456, CURRENT);
INSERT INTO phase_dependency (dependency_phase_id, dependent_phase_id, dependency_start, dependent_start, lag_time, create_user, create_date, modify_user, modify_date) VALUES (100200, 100201, 0, 1, 0, 132456, CURRENT, 132456, CURRENT);
INSERT INTO phase_dependency (dependency_phase_id, dependent_phase_id, dependency_start, dependent_start, lag_time, create_user, create_date, modify_user, modify_date) VALUES (100201, 100202, 0, 1, 0, 132456, CURRENT, 132456, CURRENT);
INSERT INTO phase_dependency (dependency_phase_id, dependent_phase_id, dependency_start, dependent_start, lag_time, create_user, create_date, modify_user, modify_date) VALUES (100202, 100203, 0, 1, 0, 132456, CURRENT, 132456, CURRENT);
INSERT INTO phase_dependency (dependency_phase_id, dependent_phase_id, dependency_start, dependent_start, lag_time, create_user, create_date, modify_user, modify_date) VALUES (100203, 100204, 0, 1, 0, 132456, CURRENT, 132456, CURRENT);
INSERT INTO phase_criteria (project_phase_id, phase_criteria_type_id, parameter, create_user, create_date, modify_user, modify_date) VALUES (100194, 6, '1', 132456, CURRENT, 132456, CURRENT);
INSERT INTO phase_criteria (project_phase_id, phase_criteria_type_id, parameter, create_user, create_date, modify_user, modify_date) VALUES (100194, 1, '30000722', 132456, CURRENT, 132456, CURRENT);
INSERT INTO phase_criteria (project_phase_id, phase_criteria_type_id, parameter, create_user, create_date, modify_user, modify_date) VALUES (100195, 2, '0', 132456, CURRENT, 132456, CURRENT);
INSERT INTO phase_criteria (project_phase_id, phase_criteria_type_id, parameter, create_user, create_date, modify_user, modify_date) VALUES (100195, 5, 'No', 132456, CURRENT, 132456, CURRENT);
INSERT INTO phase_criteria (project_phase_id, phase_criteria_type_id, parameter, create_user, create_date, modify_user, modify_date) VALUES (100196, 3, '0', 132456, CURRENT, 132456, CURRENT);
INSERT INTO phase_criteria (project_phase_id, phase_criteria_type_id, parameter, create_user, create_date, modify_user, modify_date) VALUES (100196, 5, 'Yes', 132456, CURRENT, 132456, CURRENT);
INSERT INTO phase_criteria (project_phase_id, phase_criteria_type_id, parameter, create_user, create_date, modify_user, modify_date) VALUES (100197, 1, '30000410', 132456, CURRENT, 132456, CURRENT);
INSERT INTO phase_criteria (project_phase_id, phase_criteria_type_id, parameter, create_user, create_date, modify_user, modify_date) VALUES (100197, 5, 'No', 132456, CURRENT, 132456, CURRENT);
INSERT INTO phase_criteria (project_phase_id, phase_criteria_type_id, parameter, create_user, create_date, modify_user, modify_date) VALUES (100198, 6, '3', 132456, CURRENT, 132456, CURRENT);
INSERT INTO phase_criteria (project_phase_id, phase_criteria_type_id, parameter, create_user, create_date, modify_user, modify_date) VALUES (100198, 1, '30000411', 132456, CURRENT, 132456, CURRENT);
INSERT INTO phase_criteria (project_phase_id, phase_criteria_type_id, parameter, create_user, create_date, modify_user, modify_date) VALUES (100198, 5, 'No', 132456, CURRENT, 132456, CURRENT);
INSERT INTO phase_criteria (project_phase_id, phase_criteria_type_id, parameter, create_user, create_date, modify_user, modify_date) VALUES (100199, 4, 'No', 132456, CURRENT, 132456, CURRENT);
INSERT INTO phase_criteria (project_phase_id, phase_criteria_type_id, parameter, create_user, create_date, modify_user, modify_date) VALUES (100199, 5, 'No', 132456, CURRENT, 132456, CURRENT);
INSERT INTO phase_criteria (project_phase_id, phase_criteria_type_id, parameter, create_user, create_date, modify_user, modify_date) VALUES (100200, 5, 'No', 132456, CURRENT, 132456, CURRENT);
INSERT INTO phase_criteria (project_phase_id, phase_criteria_type_id, parameter, create_user, create_date, modify_user, modify_date) VALUES (100201, 5, 'No', 132456, CURRENT, 132456, CURRENT);
INSERT INTO phase_criteria (project_phase_id, phase_criteria_type_id, parameter, create_user, create_date, modify_user, modify_date) VALUES (100202, 5, 'No', 132456, CURRENT, 132456, CURRENT);
INSERT INTO phase_criteria (project_phase_id, phase_criteria_type_id, parameter, create_user, create_date, modify_user, modify_date) VALUES (100203, 5, 'No', 132456, CURRENT, 132456, CURRENT);
INSERT INTO phase_criteria (project_phase_id, phase_criteria_type_id, parameter, create_user, create_date, modify_user, modify_date) VALUES (100204, 6, '1', 132456, CURRENT, 132456, CURRENT);
INSERT INTO phase_criteria (project_phase_id, phase_criteria_type_id, parameter, create_user, create_date, modify_user, modify_date) VALUES (100204, 1, '30000720', 132456, CURRENT, 132456, CURRENT);
INSERT INTO review_auction (review_auction_id, project_id, review_auction_type_id) VALUES (110017, 100017, 3);
INSERT INTO review_auction (review_auction_id, project_id, review_auction_type_id) VALUES (100017, 100017, 1);
INSERT INTO project (project_id, project_status_id, project_category_id, create_user, create_date, modify_user, modify_date, tc_direct_project_id, project_studio_spec_id) VALUES (100018, 1, 2, 132456, CURRENT, 132456, CURRENT, 100001, NULL);
INSERT INTO project_phase (project_phase_id, project_id, phase_type_id, phase_status_id, fixed_start_time, scheduled_start_time, scheduled_end_time, actual_start_time, actual_end_time, duration, create_user, create_date, modify_user, modify_date) VALUES (100205, 100018, 13, 3, CURRENT + -13800 UNITS MINUTE, CURRENT + -13800 UNITS MINUTE, CURRENT + -10920 UNITS MINUTE, CURRENT + -13800 UNITS MINUTE, CURRENT + -10920 UNITS MINUTE, 172800000, 132456, CURRENT, 132456, CURRENT);
INSERT INTO project_phase (project_phase_id, project_id, phase_type_id, phase_status_id, fixed_start_time, scheduled_start_time, scheduled_end_time, actual_start_time, actual_end_time, duration, create_user, create_date, modify_user, modify_date) VALUES (100206, 100018, 14, 3, null, CURRENT + -10920 UNITS MINUTE, CURRENT + -10800 UNITS MINUTE, CURRENT + -10920 UNITS MINUTE, CURRENT + -10800 UNITS MINUTE, 7200000, 132456, CURRENT, 132456, CURRENT);
INSERT INTO project_phase (project_phase_id, project_id, phase_type_id, phase_status_id, fixed_start_time, scheduled_start_time, scheduled_end_time, actual_start_time, actual_end_time, duration, create_user, create_date, modify_user, modify_date) VALUES (100207, 100018, 1, 3, CURRENT + -10800 UNITS MINUTE, CURRENT + -10800 UNITS MINUTE, CURRENT + -7920 UNITS MINUTE, CURRENT + -10800 UNITS MINUTE, CURRENT + -7920 UNITS MINUTE, 172800000, 132456, CURRENT, 132456, CURRENT);
INSERT INTO project_phase (project_phase_id, project_id, phase_type_id, phase_status_id, fixed_start_time, scheduled_start_time, scheduled_end_time, actual_start_time, actual_end_time, duration, create_user, create_date, modify_user, modify_date) VALUES (100208, 100018, 2, 3, null, CURRENT + -10800 UNITS MINUTE, CURRENT + -5040 UNITS MINUTE, CURRENT + -10800 UNITS MINUTE, CURRENT + -5040 UNITS MINUTE, 345600000, 132456, CURRENT, 132456, CURRENT);
INSERT INTO project_phase (project_phase_id, project_id, phase_type_id, phase_status_id, fixed_start_time, scheduled_start_time, scheduled_end_time, actual_start_time, actual_end_time, duration, create_user, create_date, modify_user, modify_date) VALUES (100209, 100018, 3, 3, null, CURRENT + -5040 UNITS MINUTE, CURRENT + -4320 UNITS MINUTE, CURRENT + -5040 UNITS MINUTE, CURRENT + -4320 UNITS MINUTE, 43200000, 132456, CURRENT, 132456, CURRENT);
INSERT INTO project_phase (project_phase_id, project_id, phase_type_id, phase_status_id, fixed_start_time, scheduled_start_time, scheduled_end_time, actual_start_time, actual_end_time, duration, create_user, create_date, modify_user, modify_date) VALUES (100210, 100018, 4, 2, null, CURRENT + -4320 UNITS MINUTE, CURRENT + -1440 UNITS MINUTE, CURRENT + -4320 UNITS MINUTE, null, 172800000, 132456, CURRENT, 132456, CURRENT);
INSERT INTO project_phase (project_phase_id, project_id, phase_type_id, phase_status_id, fixed_start_time, scheduled_start_time, scheduled_end_time, actual_start_time, actual_end_time, duration, create_user, create_date, modify_user, modify_date) VALUES (100211, 100018, 5, 1, null, CURRENT + -1440 UNITS MINUTE, CURRENT + 0 UNITS MINUTE, null, null, 86400000, 132456, CURRENT, 132456, CURRENT);
INSERT INTO project_phase (project_phase_id, project_id, phase_type_id, phase_status_id, fixed_start_time, scheduled_start_time, scheduled_end_time, actual_start_time, actual_end_time, duration, create_user, create_date, modify_user, modify_date) VALUES (100212, 100018, 6, 1, null, CURRENT + 0 UNITS MINUTE, CURRENT + 720 UNITS MINUTE, null, null, 43200000, 132456, CURRENT, 132456, CURRENT);
INSERT INTO project_phase (project_phase_id, project_id, phase_type_id, phase_status_id, fixed_start_time, scheduled_start_time, scheduled_end_time, actual_start_time, actual_end_time, duration, create_user, create_date, modify_user, modify_date) VALUES (100213, 100018, 7, 1, null, CURRENT + 720 UNITS MINUTE, CURRENT + 1440 UNITS MINUTE, null, null, 43200000, 132456, CURRENT, 132456, CURRENT);
INSERT INTO project_phase (project_phase_id, project_id, phase_type_id, phase_status_id, fixed_start_time, scheduled_start_time, scheduled_end_time, actual_start_time, actual_end_time, duration, create_user, create_date, modify_user, modify_date) VALUES (100214, 100018, 9, 1, null, CURRENT + 1440 UNITS MINUTE, CURRENT + 2880 UNITS MINUTE, null, null, 86400000, 132456, CURRENT, 132456, CURRENT);
INSERT INTO project_phase (project_phase_id, project_id, phase_type_id, phase_status_id, fixed_start_time, scheduled_start_time, scheduled_end_time, actual_start_time, actual_end_time, duration, create_user, create_date, modify_user, modify_date) VALUES (100215, 100018, 10, 1, null, CURRENT + 2880 UNITS MINUTE, CURRENT + 3600 UNITS MINUTE, null, null, 43200000, 132456, CURRENT, 132456, CURRENT);
INSERT INTO project_phase (project_phase_id, project_id, phase_type_id, phase_status_id, fixed_start_time, scheduled_start_time, scheduled_end_time, actual_start_time, actual_end_time, duration, create_user, create_date, modify_user, modify_date) VALUES (100216, 100018, 11, 1, null, CURRENT + 3600 UNITS MINUTE, CURRENT + 10800 UNITS MINUTE, null, null, 432000000, 132456, CURRENT, 132456, CURRENT);
INSERT INTO phase_dependency (dependency_phase_id, dependent_phase_id, dependency_start, dependent_start, lag_time, create_user, create_date, modify_user, modify_date) VALUES (100205, 100206, 0, 1, 0, 132456, CURRENT, 132456, CURRENT);
INSERT INTO phase_dependency (dependency_phase_id, dependent_phase_id, dependency_start, dependent_start, lag_time, create_user, create_date, modify_user, modify_date) VALUES (100206, 100207, 0, 1, 0, 132456, CURRENT, 132456, CURRENT);
INSERT INTO phase_dependency (dependency_phase_id, dependent_phase_id, dependency_start, dependent_start, lag_time, create_user, create_date, modify_user, modify_date) VALUES (100207, 100208, 1, 1, 0, 132456, CURRENT, 132456, CURRENT);
INSERT INTO phase_dependency (dependency_phase_id, dependent_phase_id, dependency_start, dependent_start, lag_time, create_user, create_date, modify_user, modify_date) VALUES (100208, 100209, 0, 1, 0, 132456, CURRENT, 132456, CURRENT);
INSERT INTO phase_dependency (dependency_phase_id, dependent_phase_id, dependency_start, dependent_start, lag_time, create_user, create_date, modify_user, modify_date) VALUES (100209, 100210, 0, 1, 0, 132456, CURRENT, 132456, CURRENT);
INSERT INTO phase_dependency (dependency_phase_id, dependent_phase_id, dependency_start, dependent_start, lag_time, create_user, create_date, modify_user, modify_date) VALUES (100210, 100211, 0, 1, 0, 132456, CURRENT, 132456, CURRENT);
INSERT INTO phase_dependency (dependency_phase_id, dependent_phase_id, dependency_start, dependent_start, lag_time, create_user, create_date, modify_user, modify_date) VALUES (100211, 100212, 0, 1, 0, 132456, CURRENT, 132456, CURRENT);
INSERT INTO phase_dependency (dependency_phase_id, dependent_phase_id, dependency_start, dependent_start, lag_time, create_user, create_date, modify_user, modify_date) VALUES (100212, 100213, 0, 1, 0, 132456, CURRENT, 132456, CURRENT);
INSERT INTO phase_dependency (dependency_phase_id, dependent_phase_id, dependency_start, dependent_start, lag_time, create_user, create_date, modify_user, modify_date) VALUES (100213, 100214, 0, 1, 0, 132456, CURRENT, 132456, CURRENT);
INSERT INTO phase_dependency (dependency_phase_id, dependent_phase_id, dependency_start, dependent_start, lag_time, create_user, create_date, modify_user, modify_date) VALUES (100214, 100215, 0, 1, 0, 132456, CURRENT, 132456, CURRENT);
INSERT INTO phase_dependency (dependency_phase_id, dependent_phase_id, dependency_start, dependent_start, lag_time, create_user, create_date, modify_user, modify_date) VALUES (100215, 100216, 0, 1, 0, 132456, CURRENT, 132456, CURRENT);
INSERT INTO phase_criteria (project_phase_id, phase_criteria_type_id, parameter, create_user, create_date, modify_user, modify_date) VALUES (100206, 6, '1', 132456, CURRENT, 132456, CURRENT);
INSERT INTO phase_criteria (project_phase_id, phase_criteria_type_id, parameter, create_user, create_date, modify_user, modify_date) VALUES (100206, 1, '30000722', 132456, CURRENT, 132456, CURRENT);
INSERT INTO phase_criteria (project_phase_id, phase_criteria_type_id, parameter, create_user, create_date, modify_user, modify_date) VALUES (100207, 2, '0', 132456, CURRENT, 132456, CURRENT);
INSERT INTO phase_criteria (project_phase_id, phase_criteria_type_id, parameter, create_user, create_date, modify_user, modify_date) VALUES (100207, 5, 'No', 132456, CURRENT, 132456, CURRENT);
INSERT INTO phase_criteria (project_phase_id, phase_criteria_type_id, parameter, create_user, create_date, modify_user, modify_date) VALUES (100208, 3, '0', 132456, CURRENT, 132456, CURRENT);
INSERT INTO phase_criteria (project_phase_id, phase_criteria_type_id, parameter, create_user, create_date, modify_user, modify_date) VALUES (100208, 5, 'Yes', 132456, CURRENT, 132456, CURRENT);
INSERT INTO phase_criteria (project_phase_id, phase_criteria_type_id, parameter, create_user, create_date, modify_user, modify_date) VALUES (100209, 1, '30000412', 132456, CURRENT, 132456, CURRENT);
INSERT INTO phase_criteria (project_phase_id, phase_criteria_type_id, parameter, create_user, create_date, modify_user, modify_date) VALUES (100209, 5, 'No', 132456, CURRENT, 132456, CURRENT);
INSERT INTO phase_criteria (project_phase_id, phase_criteria_type_id, parameter, create_user, create_date, modify_user, modify_date) VALUES (100210, 6, '3', 132456, CURRENT, 132456, CURRENT);
INSERT INTO phase_criteria (project_phase_id, phase_criteria_type_id, parameter, create_user, create_date, modify_user, modify_date) VALUES (100210, 1, '30000413', 132456, CURRENT, 132456, CURRENT);
INSERT INTO phase_criteria (project_phase_id, phase_criteria_type_id, parameter, create_user, create_date, modify_user, modify_date) VALUES (100210, 5, 'No', 132456, CURRENT, 132456, CURRENT);
INSERT INTO phase_criteria (project_phase_id, phase_criteria_type_id, parameter, create_user, create_date, modify_user, modify_date) VALUES (100211, 4, 'No', 132456, CURRENT, 132456, CURRENT);
INSERT INTO phase_criteria (project_phase_id, phase_criteria_type_id, parameter, create_user, create_date, modify_user, modify_date) VALUES (100211, 5, 'No', 132456, CURRENT, 132456, CURRENT);
INSERT INTO phase_criteria (project_phase_id, phase_criteria_type_id, parameter, create_user, create_date, modify_user, modify_date) VALUES (100212, 5, 'No', 132456, CURRENT, 132456, CURRENT);
INSERT INTO phase_criteria (project_phase_id, phase_criteria_type_id, parameter, create_user, create_date, modify_user, modify_date) VALUES (100213, 5, 'No', 132456, CURRENT, 132456, CURRENT);
INSERT INTO phase_criteria (project_phase_id, phase_criteria_type_id, parameter, create_user, create_date, modify_user, modify_date) VALUES (100214, 5, 'No', 132456, CURRENT, 132456, CURRENT);
INSERT INTO phase_criteria (project_phase_id, phase_criteria_type_id, parameter, create_user, create_date, modify_user, modify_date) VALUES (100215, 5, 'No', 132456, CURRENT, 132456, CURRENT);
INSERT INTO phase_criteria (project_phase_id, phase_criteria_type_id, parameter, create_user, create_date, modify_user, modify_date) VALUES (100216, 6, '1', 132456, CURRENT, 132456, CURRENT);
INSERT INTO phase_criteria (project_phase_id, phase_criteria_type_id, parameter, create_user, create_date, modify_user, modify_date) VALUES (100216, 1, '30000720', 132456, CURRENT, 132456, CURRENT);
INSERT INTO review_auction (review_auction_id, project_id, review_auction_type_id) VALUES (110018, 100018, 3);
INSERT INTO review_auction (review_auction_id, project_id, review_auction_type_id) VALUES (100018, 100018, 2);
INSERT INTO project (project_id, project_status_id, project_category_id, create_user, create_date, modify_user, modify_date, tc_direct_project_id, project_studio_spec_id) VALUES (100019, 1, 1, 132456, CURRENT, 132456, CURRENT, 100001, NULL);
INSERT INTO project_phase (project_phase_id, project_id, phase_type_id, phase_status_id, fixed_start_time, scheduled_start_time, scheduled_end_time, actual_start_time, actual_end_time, duration, create_user, create_date, modify_user, modify_date) VALUES (100217, 100019, 13, 3, CURRENT + -2940 UNITS MINUTE, CURRENT + -2940 UNITS MINUTE, CURRENT + -60 UNITS MINUTE, CURRENT + -2940 UNITS MINUTE, CURRENT + -60 UNITS MINUTE, 172800000, 132456, CURRENT, 132456, CURRENT);
INSERT INTO project_phase (project_phase_id, project_id, phase_type_id, phase_status_id, fixed_start_time, scheduled_start_time, scheduled_end_time, actual_start_time, actual_end_time, duration, create_user, create_date, modify_user, modify_date) VALUES (100218, 100019, 14, 2, null, CURRENT + -60 UNITS MINUTE, CURRENT + 60 UNITS MINUTE, CURRENT + -60 UNITS MINUTE, null, 7200000, 132456, CURRENT, 132456, CURRENT);
INSERT INTO project_phase (project_phase_id, project_id, phase_type_id, phase_status_id, fixed_start_time, scheduled_start_time, scheduled_end_time, actual_start_time, actual_end_time, duration, create_user, create_date, modify_user, modify_date) VALUES (100219, 100019, 1, 1, CURRENT + 60 UNITS MINUTE, CURRENT + 60 UNITS MINUTE, CURRENT + 2940 UNITS MINUTE, null, null, 172800000, 132456, CURRENT, 132456, CURRENT);
INSERT INTO project_phase (project_phase_id, project_id, phase_type_id, phase_status_id, fixed_start_time, scheduled_start_time, scheduled_end_time, actual_start_time, actual_end_time, duration, create_user, create_date, modify_user, modify_date) VALUES (100220, 100019, 2, 1, null, CURRENT + 60 UNITS MINUTE, CURRENT + 5820 UNITS MINUTE, null, null, 345600000, 132456, CURRENT, 132456, CURRENT);
INSERT INTO project_phase (project_phase_id, project_id, phase_type_id, phase_status_id, fixed_start_time, scheduled_start_time, scheduled_end_time, actual_start_time, actual_end_time, duration, create_user, create_date, modify_user, modify_date) VALUES (100221, 100019, 3, 1, null, CURRENT + 5820 UNITS MINUTE, CURRENT + 6540 UNITS MINUTE, null, null, 43200000, 132456, CURRENT, 132456, CURRENT);
INSERT INTO project_phase (project_phase_id, project_id, phase_type_id, phase_status_id, fixed_start_time, scheduled_start_time, scheduled_end_time, actual_start_time, actual_end_time, duration, create_user, create_date, modify_user, modify_date) VALUES (100222, 100019, 4, 1, null, CURRENT + 6540 UNITS MINUTE, CURRENT + 9420 UNITS MINUTE, null, null, 172800000, 132456, CURRENT, 132456, CURRENT);
INSERT INTO project_phase (project_phase_id, project_id, phase_type_id, phase_status_id, fixed_start_time, scheduled_start_time, scheduled_end_time, actual_start_time, actual_end_time, duration, create_user, create_date, modify_user, modify_date) VALUES (100223, 100019, 5, 1, null, CURRENT + 9420 UNITS MINUTE, CURRENT + 10860 UNITS MINUTE, null, null, 86400000, 132456, CURRENT, 132456, CURRENT);
INSERT INTO project_phase (project_phase_id, project_id, phase_type_id, phase_status_id, fixed_start_time, scheduled_start_time, scheduled_end_time, actual_start_time, actual_end_time, duration, create_user, create_date, modify_user, modify_date) VALUES (100224, 100019, 6, 1, null, CURRENT + 10860 UNITS MINUTE, CURRENT + 11580 UNITS MINUTE, null, null, 43200000, 132456, CURRENT, 132456, CURRENT);
INSERT INTO project_phase (project_phase_id, project_id, phase_type_id, phase_status_id, fixed_start_time, scheduled_start_time, scheduled_end_time, actual_start_time, actual_end_time, duration, create_user, create_date, modify_user, modify_date) VALUES (100225, 100019, 7, 1, null, CURRENT + 11580 UNITS MINUTE, CURRENT + 12300 UNITS MINUTE, null, null, 43200000, 132456, CURRENT, 132456, CURRENT);
INSERT INTO project_phase (project_phase_id, project_id, phase_type_id, phase_status_id, fixed_start_time, scheduled_start_time, scheduled_end_time, actual_start_time, actual_end_time, duration, create_user, create_date, modify_user, modify_date) VALUES (100226, 100019, 9, 1, null, CURRENT + 12300 UNITS MINUTE, CURRENT + 13740 UNITS MINUTE, null, null, 86400000, 132456, CURRENT, 132456, CURRENT);
INSERT INTO project_phase (project_phase_id, project_id, phase_type_id, phase_status_id, fixed_start_time, scheduled_start_time, scheduled_end_time, actual_start_time, actual_end_time, duration, create_user, create_date, modify_user, modify_date) VALUES (100227, 100019, 10, 1, null, CURRENT + 13740 UNITS MINUTE, CURRENT + 14460 UNITS MINUTE, null, null, 43200000, 132456, CURRENT, 132456, CURRENT);
INSERT INTO project_phase (project_phase_id, project_id, phase_type_id, phase_status_id, fixed_start_time, scheduled_start_time, scheduled_end_time, actual_start_time, actual_end_time, duration, create_user, create_date, modify_user, modify_date) VALUES (100228, 100019, 11, 1, null, CURRENT + 14460 UNITS MINUTE, CURRENT + 21660 UNITS MINUTE, null, null, 432000000, 132456, CURRENT, 132456, CURRENT);
INSERT INTO phase_dependency (dependency_phase_id, dependent_phase_id, dependency_start, dependent_start, lag_time, create_user, create_date, modify_user, modify_date) VALUES (100217, 100218, 0, 1, 0, 132456, CURRENT, 132456, CURRENT);
INSERT INTO phase_dependency (dependency_phase_id, dependent_phase_id, dependency_start, dependent_start, lag_time, create_user, create_date, modify_user, modify_date) VALUES (100218, 100219, 0, 1, 0, 132456, CURRENT, 132456, CURRENT);
INSERT INTO phase_dependency (dependency_phase_id, dependent_phase_id, dependency_start, dependent_start, lag_time, create_user, create_date, modify_user, modify_date) VALUES (100219, 100220, 1, 1, 0, 132456, CURRENT, 132456, CURRENT);
INSERT INTO phase_dependency (dependency_phase_id, dependent_phase_id, dependency_start, dependent_start, lag_time, create_user, create_date, modify_user, modify_date) VALUES (100220, 100221, 0, 1, 0, 132456, CURRENT, 132456, CURRENT);
INSERT INTO phase_dependency (dependency_phase_id, dependent_phase_id, dependency_start, dependent_start, lag_time, create_user, create_date, modify_user, modify_date) VALUES (100221, 100222, 0, 1, 0, 132456, CURRENT, 132456, CURRENT);
INSERT INTO phase_dependency (dependency_phase_id, dependent_phase_id, dependency_start, dependent_start, lag_time, create_user, create_date, modify_user, modify_date) VALUES (100222, 100223, 0, 1, 0, 132456, CURRENT, 132456, CURRENT);
INSERT INTO phase_dependency (dependency_phase_id, dependent_phase_id, dependency_start, dependent_start, lag_time, create_user, create_date, modify_user, modify_date) VALUES (100223, 100224, 0, 1, 0, 132456, CURRENT, 132456, CURRENT);
INSERT INTO phase_dependency (dependency_phase_id, dependent_phase_id, dependency_start, dependent_start, lag_time, create_user, create_date, modify_user, modify_date) VALUES (100224, 100225, 0, 1, 0, 132456, CURRENT, 132456, CURRENT);
INSERT INTO phase_dependency (dependency_phase_id, dependent_phase_id, dependency_start, dependent_start, lag_time, create_user, create_date, modify_user, modify_date) VALUES (100225, 100226, 0, 1, 0, 132456, CURRENT, 132456, CURRENT);
INSERT INTO phase_dependency (dependency_phase_id, dependent_phase_id, dependency_start, dependent_start, lag_time, create_user, create_date, modify_user, modify_date) VALUES (100226, 100227, 0, 1, 0, 132456, CURRENT, 132456, CURRENT);
INSERT INTO phase_dependency (dependency_phase_id, dependent_phase_id, dependency_start, dependent_start, lag_time, create_user, create_date, modify_user, modify_date) VALUES (100227, 100228, 0, 1, 0, 132456, CURRENT, 132456, CURRENT);
INSERT INTO phase_criteria (project_phase_id, phase_criteria_type_id, parameter, create_user, create_date, modify_user, modify_date) VALUES (100218, 6, '1', 132456, CURRENT, 132456, CURRENT);
INSERT INTO phase_criteria (project_phase_id, phase_criteria_type_id, parameter, create_user, create_date, modify_user, modify_date) VALUES (100218, 1, '30000722', 132456, CURRENT, 132456, CURRENT);
INSERT INTO phase_criteria (project_phase_id, phase_criteria_type_id, parameter, create_user, create_date, modify_user, modify_date) VALUES (100219, 2, '0', 132456, CURRENT, 132456, CURRENT);
INSERT INTO phase_criteria (project_phase_id, phase_criteria_type_id, parameter, create_user, create_date, modify_user, modify_date) VALUES (100219, 5, 'No', 132456, CURRENT, 132456, CURRENT);
INSERT INTO phase_criteria (project_phase_id, phase_criteria_type_id, parameter, create_user, create_date, modify_user, modify_date) VALUES (100220, 3, '0', 132456, CURRENT, 132456, CURRENT);
INSERT INTO phase_criteria (project_phase_id, phase_criteria_type_id, parameter, create_user, create_date, modify_user, modify_date) VALUES (100220, 5, 'Yes', 132456, CURRENT, 132456, CURRENT);
INSERT INTO phase_criteria (project_phase_id, phase_criteria_type_id, parameter, create_user, create_date, modify_user, modify_date) VALUES (100221, 1, '30000410', 132456, CURRENT, 132456, CURRENT);
INSERT INTO phase_criteria (project_phase_id, phase_criteria_type_id, parameter, create_user, create_date, modify_user, modify_date) VALUES (100221, 5, 'No', 132456, CURRENT, 132456, CURRENT);
INSERT INTO phase_criteria (project_phase_id, phase_criteria_type_id, parameter, create_user, create_date, modify_user, modify_date) VALUES (100222, 6, '3', 132456, CURRENT, 132456, CURRENT);
INSERT INTO phase_criteria (project_phase_id, phase_criteria_type_id, parameter, create_user, create_date, modify_user, modify_date) VALUES (100222, 1, '30000411', 132456, CURRENT, 132456, CURRENT);
INSERT INTO phase_criteria (project_phase_id, phase_criteria_type_id, parameter, create_user, create_date, modify_user, modify_date) VALUES (100222, 5, 'No', 132456, CURRENT, 132456, CURRENT);
INSERT INTO phase_criteria (project_phase_id, phase_criteria_type_id, parameter, create_user, create_date, modify_user, modify_date) VALUES (100223, 4, 'No', 132456, CURRENT, 132456, CURRENT);
INSERT INTO phase_criteria (project_phase_id, phase_criteria_type_id, parameter, create_user, create_date, modify_user, modify_date) VALUES (100223, 5, 'No', 132456, CURRENT, 132456, CURRENT);
INSERT INTO phase_criteria (project_phase_id, phase_criteria_type_id, parameter, create_user, create_date, modify_user, modify_date) VALUES (100224, 5, 'No', 132456, CURRENT, 132456, CURRENT);
INSERT INTO phase_criteria (project_phase_id, phase_criteria_type_id, parameter, create_user, create_date, modify_user, modify_date) VALUES (100225, 5, 'No', 132456, CURRENT, 132456, CURRENT);
INSERT INTO phase_criteria (project_phase_id, phase_criteria_type_id, parameter, create_user, create_date, modify_user, modify_date) VALUES (100226, 5, 'No', 132456, CURRENT, 132456, CURRENT);
INSERT INTO phase_criteria (project_phase_id, phase_criteria_type_id, parameter, create_user, create_date, modify_user, modify_date) VALUES (100227, 5, 'No', 132456, CURRENT, 132456, CURRENT);
INSERT INTO phase_criteria (project_phase_id, phase_criteria_type_id, parameter, create_user, create_date, modify_user, modify_date) VALUES (100228, 6, '1', 132456, CURRENT, 132456, CURRENT);
INSERT INTO phase_criteria (project_phase_id, phase_criteria_type_id, parameter, create_user, create_date, modify_user, modify_date) VALUES (100228, 1, '30000720', 132456, CURRENT, 132456, CURRENT);
INSERT INTO review_auction (review_auction_id, project_id, review_auction_type_id) VALUES (110019, 100019, 3);
INSERT INTO review_auction (review_auction_id, project_id, review_auction_type_id) VALUES (100019, 100019, 1);
INSERT INTO project (project_id, project_status_id, project_category_id, create_user, create_date, modify_user, modify_date, tc_direct_project_id, project_studio_spec_id) VALUES (100020, 1, 14, 132456, CURRENT, 132456, CURRENT, 100001, NULL);
INSERT INTO project_phase (project_phase_id, project_id, phase_type_id, phase_status_id, fixed_start_time, scheduled_start_time, scheduled_end_time, actual_start_time, actual_end_time, duration, create_user, create_date, modify_user, modify_date) VALUES (100229, 100020, 13, 3, CURRENT + -15240 UNITS MINUTE, CURRENT + -15240 UNITS MINUTE, CURRENT + -12360 UNITS MINUTE, CURRENT + -15240 UNITS MINUTE, CURRENT + -12360 UNITS MINUTE, 172800000, 132456, CURRENT, 132456, CURRENT);
INSERT INTO project_phase (project_phase_id, project_id, phase_type_id, phase_status_id, fixed_start_time, scheduled_start_time, scheduled_end_time, actual_start_time, actual_end_time, duration, create_user, create_date, modify_user, modify_date) VALUES (100230, 100020, 14, 3, null, CURRENT + -12360 UNITS MINUTE, CURRENT + -12240 UNITS MINUTE, CURRENT + -12360 UNITS MINUTE, CURRENT + -12240 UNITS MINUTE, 7200000, 132456, CURRENT, 132456, CURRENT);
INSERT INTO project_phase (project_phase_id, project_id, phase_type_id, phase_status_id, fixed_start_time, scheduled_start_time, scheduled_end_time, actual_start_time, actual_end_time, duration, create_user, create_date, modify_user, modify_date) VALUES (100231, 100020, 1, 3, CURRENT + -12240 UNITS MINUTE, CURRENT + -12240 UNITS MINUTE, CURRENT + -9360 UNITS MINUTE, CURRENT + -12240 UNITS MINUTE, CURRENT + -9360 UNITS MINUTE, 172800000, 132456, CURRENT, 132456, CURRENT);
INSERT INTO project_phase (project_phase_id, project_id, phase_type_id, phase_status_id, fixed_start_time, scheduled_start_time, scheduled_end_time, actual_start_time, actual_end_time, duration, create_user, create_date, modify_user, modify_date) VALUES (100232, 100020, 2, 3, null, CURRENT + -12240 UNITS MINUTE, CURRENT + -5040 UNITS MINUTE, CURRENT + -12240 UNITS MINUTE, CURRENT + -5040 UNITS MINUTE, 432000000, 132456, CURRENT, 132456, CURRENT);
INSERT INTO project_phase (project_phase_id, project_id, phase_type_id, phase_status_id, fixed_start_time, scheduled_start_time, scheduled_end_time, actual_start_time, actual_end_time, duration, create_user, create_date, modify_user, modify_date) VALUES (100233, 100020, 3, 3, null, CURRENT + -5040 UNITS MINUTE, CURRENT + -4320 UNITS MINUTE, CURRENT + -5040 UNITS MINUTE, CURRENT + -4320 UNITS MINUTE, 43200000, 132456, CURRENT, 132456, CURRENT);
INSERT INTO project_phase (project_phase_id, project_id, phase_type_id, phase_status_id, fixed_start_time, scheduled_start_time, scheduled_end_time, actual_start_time, actual_end_time, duration, create_user, create_date, modify_user, modify_date) VALUES (100234, 100020, 4, 2, null, CURRENT + -4320 UNITS MINUTE, CURRENT + -1440 UNITS MINUTE, CURRENT + -4320 UNITS MINUTE, null, 172800000, 132456, CURRENT, 132456, CURRENT);
INSERT INTO project_phase (project_phase_id, project_id, phase_type_id, phase_status_id, fixed_start_time, scheduled_start_time, scheduled_end_time, actual_start_time, actual_end_time, duration, create_user, create_date, modify_user, modify_date) VALUES (100235, 100020, 5, 1, null, CURRENT + -1440 UNITS MINUTE, CURRENT + 0 UNITS MINUTE, null, null, 86400000, 132456, CURRENT, 132456, CURRENT);
INSERT INTO project_phase (project_phase_id, project_id, phase_type_id, phase_status_id, fixed_start_time, scheduled_start_time, scheduled_end_time, actual_start_time, actual_end_time, duration, create_user, create_date, modify_user, modify_date) VALUES (100236, 100020, 6, 1, null, CURRENT + 0 UNITS MINUTE, CURRENT + 720 UNITS MINUTE, null, null, 43200000, 132456, CURRENT, 132456, CURRENT);
INSERT INTO project_phase (project_phase_id, project_id, phase_type_id, phase_status_id, fixed_start_time, scheduled_start_time, scheduled_end_time, actual_start_time, actual_end_time, duration, create_user, create_date, modify_user, modify_date) VALUES (100237, 100020, 7, 1, null, CURRENT + 720 UNITS MINUTE, CURRENT + 1440 UNITS MINUTE, null, null, 43200000, 132456, CURRENT, 132456, CURRENT);
INSERT INTO project_phase (project_phase_id, project_id, phase_type_id, phase_status_id, fixed_start_time, scheduled_start_time, scheduled_end_time, actual_start_time, actual_end_time, duration, create_user, create_date, modify_user, modify_date) VALUES (100238, 100020, 9, 1, null, CURRENT + 1440 UNITS MINUTE, CURRENT + 2880 UNITS MINUTE, null, null, 86400000, 132456, CURRENT, 132456, CURRENT);
INSERT INTO project_phase (project_phase_id, project_id, phase_type_id, phase_status_id, fixed_start_time, scheduled_start_time, scheduled_end_time, actual_start_time, actual_end_time, duration, create_user, create_date, modify_user, modify_date) VALUES (100239, 100020, 10, 1, null, CURRENT + 2880 UNITS MINUTE, CURRENT + 3600 UNITS MINUTE, null, null, 43200000, 132456, CURRENT, 132456, CURRENT);
INSERT INTO project_phase (project_phase_id, project_id, phase_type_id, phase_status_id, fixed_start_time, scheduled_start_time, scheduled_end_time, actual_start_time, actual_end_time, duration, create_user, create_date, modify_user, modify_date) VALUES (100240, 100020, 11, 1, null, CURRENT + 3600 UNITS MINUTE, CURRENT + 10800 UNITS MINUTE, null, null, 432000000, 132456, CURRENT, 132456, CURRENT);
INSERT INTO phase_dependency (dependency_phase_id, dependent_phase_id, dependency_start, dependent_start, lag_time, create_user, create_date, modify_user, modify_date) VALUES (100229, 100230, 0, 1, 0, 132456, CURRENT, 132456, CURRENT);
INSERT INTO phase_dependency (dependency_phase_id, dependent_phase_id, dependency_start, dependent_start, lag_time, create_user, create_date, modify_user, modify_date) VALUES (100230, 100231, 0, 1, 0, 132456, CURRENT, 132456, CURRENT);
INSERT INTO phase_dependency (dependency_phase_id, dependent_phase_id, dependency_start, dependent_start, lag_time, create_user, create_date, modify_user, modify_date) VALUES (100231, 100232, 1, 1, 0, 132456, CURRENT, 132456, CURRENT);
INSERT INTO phase_dependency (dependency_phase_id, dependent_phase_id, dependency_start, dependent_start, lag_time, create_user, create_date, modify_user, modify_date) VALUES (100232, 100233, 0, 1, 0, 132456, CURRENT, 132456, CURRENT);
INSERT INTO phase_dependency (dependency_phase_id, dependent_phase_id, dependency_start, dependent_start, lag_time, create_user, create_date, modify_user, modify_date) VALUES (100233, 100234, 0, 1, 0, 132456, CURRENT, 132456, CURRENT);
INSERT INTO phase_dependency (dependency_phase_id, dependent_phase_id, dependency_start, dependent_start, lag_time, create_user, create_date, modify_user, modify_date) VALUES (100234, 100235, 0, 1, 0, 132456, CURRENT, 132456, CURRENT);
INSERT INTO phase_dependency (dependency_phase_id, dependent_phase_id, dependency_start, dependent_start, lag_time, create_user, create_date, modify_user, modify_date) VALUES (100235, 100236, 0, 1, 0, 132456, CURRENT, 132456, CURRENT);
INSERT INTO phase_dependency (dependency_phase_id, dependent_phase_id, dependency_start, dependent_start, lag_time, create_user, create_date, modify_user, modify_date) VALUES (100236, 100237, 0, 1, 0, 132456, CURRENT, 132456, CURRENT);
INSERT INTO phase_dependency (dependency_phase_id, dependent_phase_id, dependency_start, dependent_start, lag_time, create_user, create_date, modify_user, modify_date) VALUES (100237, 100238, 0, 1, 0, 132456, CURRENT, 132456, CURRENT);
INSERT INTO phase_dependency (dependency_phase_id, dependent_phase_id, dependency_start, dependent_start, lag_time, create_user, create_date, modify_user, modify_date) VALUES (100238, 100239, 0, 1, 0, 132456, CURRENT, 132456, CURRENT);
INSERT INTO phase_dependency (dependency_phase_id, dependent_phase_id, dependency_start, dependent_start, lag_time, create_user, create_date, modify_user, modify_date) VALUES (100239, 100240, 0, 1, 0, 132456, CURRENT, 132456, CURRENT);
INSERT INTO phase_criteria (project_phase_id, phase_criteria_type_id, parameter, create_user, create_date, modify_user, modify_date) VALUES (100230, 6, '1', 132456, CURRENT, 132456, CURRENT);
INSERT INTO phase_criteria (project_phase_id, phase_criteria_type_id, parameter, create_user, create_date, modify_user, modify_date) VALUES (100230, 1, '30000722', 132456, CURRENT, 132456, CURRENT);
INSERT INTO phase_criteria (project_phase_id, phase_criteria_type_id, parameter, create_user, create_date, modify_user, modify_date) VALUES (100231, 2, '0', 132456, CURRENT, 132456, CURRENT);
INSERT INTO phase_criteria (project_phase_id, phase_criteria_type_id, parameter, create_user, create_date, modify_user, modify_date) VALUES (100231, 5, 'No', 132456, CURRENT, 132456, CURRENT);
INSERT INTO phase_criteria (project_phase_id, phase_criteria_type_id, parameter, create_user, create_date, modify_user, modify_date) VALUES (100232, 3, '0', 132456, CURRENT, 132456, CURRENT);
INSERT INTO phase_criteria (project_phase_id, phase_criteria_type_id, parameter, create_user, create_date, modify_user, modify_date) VALUES (100232, 5, 'Yes', 132456, CURRENT, 132456, CURRENT);
INSERT INTO phase_criteria (project_phase_id, phase_criteria_type_id, parameter, create_user, create_date, modify_user, modify_date) VALUES (100233, 1, '30000410', 132456, CURRENT, 132456, CURRENT);
INSERT INTO phase_criteria (project_phase_id, phase_criteria_type_id, parameter, create_user, create_date, modify_user, modify_date) VALUES (100233, 5, 'No', 132456, CURRENT, 132456, CURRENT);
INSERT INTO phase_criteria (project_phase_id, phase_criteria_type_id, parameter, create_user, create_date, modify_user, modify_date) VALUES (100234, 6, '3', 132456, CURRENT, 132456, CURRENT);
INSERT INTO phase_criteria (project_phase_id, phase_criteria_type_id, parameter, create_user, create_date, modify_user, modify_date) VALUES (100234, 1, '30000411', 132456, CURRENT, 132456, CURRENT);
INSERT INTO phase_criteria (project_phase_id, phase_criteria_type_id, parameter, create_user, create_date, modify_user, modify_date) VALUES (100234, 5, 'No', 132456, CURRENT, 132456, CURRENT);
INSERT INTO phase_criteria (project_phase_id, phase_criteria_type_id, parameter, create_user, create_date, modify_user, modify_date) VALUES (100235, 4, 'No', 132456, CURRENT, 132456, CURRENT);
INSERT INTO phase_criteria (project_phase_id, phase_criteria_type_id, parameter, create_user, create_date, modify_user, modify_date) VALUES (100235, 5, 'No', 132456, CURRENT, 132456, CURRENT);
INSERT INTO phase_criteria (project_phase_id, phase_criteria_type_id, parameter, create_user, create_date, modify_user, modify_date) VALUES (100236, 5, 'No', 132456, CURRENT, 132456, CURRENT);
INSERT INTO phase_criteria (project_phase_id, phase_criteria_type_id, parameter, create_user, create_date, modify_user, modify_date) VALUES (100237, 5, 'No', 132456, CURRENT, 132456, CURRENT);
INSERT INTO phase_criteria (project_phase_id, phase_criteria_type_id, parameter, create_user, create_date, modify_user, modify_date) VALUES (100238, 5, 'No', 132456, CURRENT, 132456, CURRENT);
INSERT INTO phase_criteria (project_phase_id, phase_criteria_type_id, parameter, create_user, create_date, modify_user, modify_date) VALUES (100239, 5, 'No', 132456, CURRENT, 132456, CURRENT);
INSERT INTO phase_criteria (project_phase_id, phase_criteria_type_id, parameter, create_user, create_date, modify_user, modify_date) VALUES (100240, 6, '1', 132456, CURRENT, 132456, CURRENT);
INSERT INTO phase_criteria (project_phase_id, phase_criteria_type_id, parameter, create_user, create_date, modify_user, modify_date) VALUES (100240, 1, '30000720', 132456, CURRENT, 132456, CURRENT);
INSERT INTO review_auction (review_auction_id, project_id, review_auction_type_id) VALUES (110020, 100020, 3);
INSERT INTO review_auction (review_auction_id, project_id, review_auction_type_id) VALUES (100020, 100020, 1);
INSERT INTO project (project_id, project_status_id, project_category_id, create_user, create_date, modify_user, modify_date, tc_direct_project_id, project_studio_spec_id) VALUES (100021, 1, 1, 132456, CURRENT, 132456, CURRENT, 100001, NULL);
INSERT INTO project_phase (project_phase_id, project_id, phase_type_id, phase_status_id, fixed_start_time, scheduled_start_time, scheduled_end_time, actual_start_time, actual_end_time, duration, create_user, create_date, modify_user, modify_date) VALUES (100241, 100021, 13, 3, CURRENT + -8760 UNITS MINUTE, CURRENT + -8760 UNITS MINUTE, CURRENT + -5880 UNITS MINUTE, CURRENT + -8760 UNITS MINUTE, CURRENT + -5880 UNITS MINUTE, 172800000, 132456, CURRENT, 132456, CURRENT);
INSERT INTO project_phase (project_phase_id, project_id, phase_type_id, phase_status_id, fixed_start_time, scheduled_start_time, scheduled_end_time, actual_start_time, actual_end_time, duration, create_user, create_date, modify_user, modify_date) VALUES (100242, 100021, 14, 3, null, CURRENT + -5880 UNITS MINUTE, CURRENT + -5760 UNITS MINUTE, CURRENT + -5880 UNITS MINUTE, CURRENT + -5760 UNITS MINUTE, 7200000, 132456, CURRENT, 132456, CURRENT);
INSERT INTO project_phase (project_phase_id, project_id, phase_type_id, phase_status_id, fixed_start_time, scheduled_start_time, scheduled_end_time, actual_start_time, actual_end_time, duration, create_user, create_date, modify_user, modify_date) VALUES (100243, 100021, 1, 3, CURRENT + -5760 UNITS MINUTE, CURRENT + -5760 UNITS MINUTE, CURRENT + -2880 UNITS MINUTE, CURRENT + -5760 UNITS MINUTE, CURRENT + -2880 UNITS MINUTE, 172800000, 132456, CURRENT, 132456, CURRENT);
INSERT INTO project_phase (project_phase_id, project_id, phase_type_id, phase_status_id, fixed_start_time, scheduled_start_time, scheduled_end_time, actual_start_time, actual_end_time, duration, create_user, create_date, modify_user, modify_date) VALUES (100244, 100021, 2, 2, null, CURRENT + -5760 UNITS MINUTE, CURRENT + 0 UNITS MINUTE, CURRENT + -5760 UNITS MINUTE, null, 345600000, 132456, CURRENT, 132456, CURRENT);
INSERT INTO project_phase (project_phase_id, project_id, phase_type_id, phase_status_id, fixed_start_time, scheduled_start_time, scheduled_end_time, actual_start_time, actual_end_time, duration, create_user, create_date, modify_user, modify_date) VALUES (100245, 100021, 3, 1, null, CURRENT + 0 UNITS MINUTE, CURRENT + 720 UNITS MINUTE, null, null, 43200000, 132456, CURRENT, 132456, CURRENT);
INSERT INTO project_phase (project_phase_id, project_id, phase_type_id, phase_status_id, fixed_start_time, scheduled_start_time, scheduled_end_time, actual_start_time, actual_end_time, duration, create_user, create_date, modify_user, modify_date) VALUES (100246, 100021, 4, 1, null, CURRENT + 720 UNITS MINUTE, CURRENT + 3600 UNITS MINUTE, null, null, 172800000, 132456, CURRENT, 132456, CURRENT);
INSERT INTO project_phase (project_phase_id, project_id, phase_type_id, phase_status_id, fixed_start_time, scheduled_start_time, scheduled_end_time, actual_start_time, actual_end_time, duration, create_user, create_date, modify_user, modify_date) VALUES (100247, 100021, 5, 1, null, CURRENT + 3600 UNITS MINUTE, CURRENT + 5040 UNITS MINUTE, null, null, 86400000, 132456, CURRENT, 132456, CURRENT);
INSERT INTO project_phase (project_phase_id, project_id, phase_type_id, phase_status_id, fixed_start_time, scheduled_start_time, scheduled_end_time, actual_start_time, actual_end_time, duration, create_user, create_date, modify_user, modify_date) VALUES (100248, 100021, 6, 1, null, CURRENT + 5040 UNITS MINUTE, CURRENT + 5760 UNITS MINUTE, null, null, 43200000, 132456, CURRENT, 132456, CURRENT);
INSERT INTO project_phase (project_phase_id, project_id, phase_type_id, phase_status_id, fixed_start_time, scheduled_start_time, scheduled_end_time, actual_start_time, actual_end_time, duration, create_user, create_date, modify_user, modify_date) VALUES (100249, 100021, 7, 1, null, CURRENT + 5760 UNITS MINUTE, CURRENT + 6480 UNITS MINUTE, null, null, 43200000, 132456, CURRENT, 132456, CURRENT);
INSERT INTO project_phase (project_phase_id, project_id, phase_type_id, phase_status_id, fixed_start_time, scheduled_start_time, scheduled_end_time, actual_start_time, actual_end_time, duration, create_user, create_date, modify_user, modify_date) VALUES (100250, 100021, 9, 1, null, CURRENT + 6480 UNITS MINUTE, CURRENT + 7920 UNITS MINUTE, null, null, 86400000, 132456, CURRENT, 132456, CURRENT);
INSERT INTO project_phase (project_phase_id, project_id, phase_type_id, phase_status_id, fixed_start_time, scheduled_start_time, scheduled_end_time, actual_start_time, actual_end_time, duration, create_user, create_date, modify_user, modify_date) VALUES (100251, 100021, 10, 1, null, CURRENT + 7920 UNITS MINUTE, CURRENT + 8640 UNITS MINUTE, null, null, 43200000, 132456, CURRENT, 132456, CURRENT);
INSERT INTO project_phase (project_phase_id, project_id, phase_type_id, phase_status_id, fixed_start_time, scheduled_start_time, scheduled_end_time, actual_start_time, actual_end_time, duration, create_user, create_date, modify_user, modify_date) VALUES (100252, 100021, 11, 1, null, CURRENT + 8640 UNITS MINUTE, CURRENT + 15840 UNITS MINUTE, null, null, 432000000, 132456, CURRENT, 132456, CURRENT);
INSERT INTO phase_dependency (dependency_phase_id, dependent_phase_id, dependency_start, dependent_start, lag_time, create_user, create_date, modify_user, modify_date) VALUES (100241, 100242, 0, 1, 0, 132456, CURRENT, 132456, CURRENT);
INSERT INTO phase_dependency (dependency_phase_id, dependent_phase_id, dependency_start, dependent_start, lag_time, create_user, create_date, modify_user, modify_date) VALUES (100242, 100243, 0, 1, 0, 132456, CURRENT, 132456, CURRENT);
INSERT INTO phase_dependency (dependency_phase_id, dependent_phase_id, dependency_start, dependent_start, lag_time, create_user, create_date, modify_user, modify_date) VALUES (100243, 100244, 1, 1, 0, 132456, CURRENT, 132456, CURRENT);
INSERT INTO phase_dependency (dependency_phase_id, dependent_phase_id, dependency_start, dependent_start, lag_time, create_user, create_date, modify_user, modify_date) VALUES (100244, 100245, 0, 1, 0, 132456, CURRENT, 132456, CURRENT);
INSERT INTO phase_dependency (dependency_phase_id, dependent_phase_id, dependency_start, dependent_start, lag_time, create_user, create_date, modify_user, modify_date) VALUES (100245, 100246, 0, 1, 0, 132456, CURRENT, 132456, CURRENT);
INSERT INTO phase_dependency (dependency_phase_id, dependent_phase_id, dependency_start, dependent_start, lag_time, create_user, create_date, modify_user, modify_date) VALUES (100246, 100247, 0, 1, 0, 132456, CURRENT, 132456, CURRENT);
INSERT INTO phase_dependency (dependency_phase_id, dependent_phase_id, dependency_start, dependent_start, lag_time, create_user, create_date, modify_user, modify_date) VALUES (100247, 100248, 0, 1, 0, 132456, CURRENT, 132456, CURRENT);
INSERT INTO phase_dependency (dependency_phase_id, dependent_phase_id, dependency_start, dependent_start, lag_time, create_user, create_date, modify_user, modify_date) VALUES (100248, 100249, 0, 1, 0, 132456, CURRENT, 132456, CURRENT);
INSERT INTO phase_dependency (dependency_phase_id, dependent_phase_id, dependency_start, dependent_start, lag_time, create_user, create_date, modify_user, modify_date) VALUES (100249, 100250, 0, 1, 0, 132456, CURRENT, 132456, CURRENT);
INSERT INTO phase_dependency (dependency_phase_id, dependent_phase_id, dependency_start, dependent_start, lag_time, create_user, create_date, modify_user, modify_date) VALUES (100250, 100251, 0, 1, 0, 132456, CURRENT, 132456, CURRENT);
INSERT INTO phase_dependency (dependency_phase_id, dependent_phase_id, dependency_start, dependent_start, lag_time, create_user, create_date, modify_user, modify_date) VALUES (100251, 100252, 0, 1, 0, 132456, CURRENT, 132456, CURRENT);
INSERT INTO phase_criteria (project_phase_id, phase_criteria_type_id, parameter, create_user, create_date, modify_user, modify_date) VALUES (100242, 6, '1', 132456, CURRENT, 132456, CURRENT);
INSERT INTO phase_criteria (project_phase_id, phase_criteria_type_id, parameter, create_user, create_date, modify_user, modify_date) VALUES (100242, 1, '30000722', 132456, CURRENT, 132456, CURRENT);
INSERT INTO phase_criteria (project_phase_id, phase_criteria_type_id, parameter, create_user, create_date, modify_user, modify_date) VALUES (100243, 2, '0', 132456, CURRENT, 132456, CURRENT);
INSERT INTO phase_criteria (project_phase_id, phase_criteria_type_id, parameter, create_user, create_date, modify_user, modify_date) VALUES (100243, 5, 'No', 132456, CURRENT, 132456, CURRENT);
INSERT INTO phase_criteria (project_phase_id, phase_criteria_type_id, parameter, create_user, create_date, modify_user, modify_date) VALUES (100244, 3, '0', 132456, CURRENT, 132456, CURRENT);
INSERT INTO phase_criteria (project_phase_id, phase_criteria_type_id, parameter, create_user, create_date, modify_user, modify_date) VALUES (100244, 5, 'Yes', 132456, CURRENT, 132456, CURRENT);
INSERT INTO phase_criteria (project_phase_id, phase_criteria_type_id, parameter, create_user, create_date, modify_user, modify_date) VALUES (100245, 1, '30000410', 132456, CURRENT, 132456, CURRENT);
INSERT INTO phase_criteria (project_phase_id, phase_criteria_type_id, parameter, create_user, create_date, modify_user, modify_date) VALUES (100245, 5, 'No', 132456, CURRENT, 132456, CURRENT);
INSERT INTO phase_criteria (project_phase_id, phase_criteria_type_id, parameter, create_user, create_date, modify_user, modify_date) VALUES (100246, 6, '3', 132456, CURRENT, 132456, CURRENT);
INSERT INTO phase_criteria (project_phase_id, phase_criteria_type_id, parameter, create_user, create_date, modify_user, modify_date) VALUES (100246, 1, '30000411', 132456, CURRENT, 132456, CURRENT);
INSERT INTO phase_criteria (project_phase_id, phase_criteria_type_id, parameter, create_user, create_date, modify_user, modify_date) VALUES (100246, 5, 'No', 132456, CURRENT, 132456, CURRENT);
INSERT INTO phase_criteria (project_phase_id, phase_criteria_type_id, parameter, create_user, create_date, modify_user, modify_date) VALUES (100247, 4, 'No', 132456, CURRENT, 132456, CURRENT);
INSERT INTO phase_criteria (project_phase_id, phase_criteria_type_id, parameter, create_user, create_date, modify_user, modify_date) VALUES (100247, 5, 'No', 132456, CURRENT, 132456, CURRENT);
INSERT INTO phase_criteria (project_phase_id, phase_criteria_type_id, parameter, create_user, create_date, modify_user, modify_date) VALUES (100248, 5, 'No', 132456, CURRENT, 132456, CURRENT);
INSERT INTO phase_criteria (project_phase_id, phase_criteria_type_id, parameter, create_user, create_date, modify_user, modify_date) VALUES (100249, 5, 'No', 132456, CURRENT, 132456, CURRENT);
INSERT INTO phase_criteria (project_phase_id, phase_criteria_type_id, parameter, create_user, create_date, modify_user, modify_date) VALUES (100250, 5, 'No', 132456, CURRENT, 132456, CURRENT);
INSERT INTO phase_criteria (project_phase_id, phase_criteria_type_id, parameter, create_user, create_date, modify_user, modify_date) VALUES (100251, 5, 'No', 132456, CURRENT, 132456, CURRENT);
INSERT INTO phase_criteria (project_phase_id, phase_criteria_type_id, parameter, create_user, create_date, modify_user, modify_date) VALUES (100252, 6, '1', 132456, CURRENT, 132456, CURRENT);
INSERT INTO phase_criteria (project_phase_id, phase_criteria_type_id, parameter, create_user, create_date, modify_user, modify_date) VALUES (100252, 1, '30000720', 132456, CURRENT, 132456, CURRENT);
INSERT INTO review_auction (review_auction_id, project_id, review_auction_type_id) VALUES (110021, 100021, 3);
INSERT INTO review_auction (review_auction_id, project_id, review_auction_type_id) VALUES (100021, 100021, 1);
INSERT INTO project (project_id, project_status_id, project_category_id, create_user, create_date, modify_user, modify_date, tc_direct_project_id, project_studio_spec_id) VALUES (100022, 1, 1, 132456, CURRENT, 132456, CURRENT, 100001, NULL);
INSERT INTO project_phase (project_phase_id, project_id, phase_type_id, phase_status_id, fixed_start_time, scheduled_start_time, scheduled_end_time, actual_start_time, actual_end_time, duration, create_user, create_date, modify_user, modify_date) VALUES (100253, 100022, 13, 3, CURRENT + -2940 UNITS MINUTE, CURRENT + -2940 UNITS MINUTE, CURRENT + -60 UNITS MINUTE, CURRENT + -2940 UNITS MINUTE, CURRENT + -60 UNITS MINUTE, 172800000, 132456, CURRENT, 132456, CURRENT);
INSERT INTO project_phase (project_phase_id, project_id, phase_type_id, phase_status_id, fixed_start_time, scheduled_start_time, scheduled_end_time, actual_start_time, actual_end_time, duration, create_user, create_date, modify_user, modify_date) VALUES (100254, 100022, 14, 2, null, CURRENT + -60 UNITS MINUTE, CURRENT + 60 UNITS MINUTE, CURRENT + -60 UNITS MINUTE, null, 7200000, 132456, CURRENT, 132456, CURRENT);
INSERT INTO project_phase (project_phase_id, project_id, phase_type_id, phase_status_id, fixed_start_time, scheduled_start_time, scheduled_end_time, actual_start_time, actual_end_time, duration, create_user, create_date, modify_user, modify_date) VALUES (100255, 100022, 1, 1, CURRENT + 60 UNITS MINUTE, CURRENT + 60 UNITS MINUTE, CURRENT + 2940 UNITS MINUTE, null, null, 172800000, 132456, CURRENT, 132456, CURRENT);
INSERT INTO project_phase (project_phase_id, project_id, phase_type_id, phase_status_id, fixed_start_time, scheduled_start_time, scheduled_end_time, actual_start_time, actual_end_time, duration, create_user, create_date, modify_user, modify_date) VALUES (100256, 100022, 2, 1, null, CURRENT + 60 UNITS MINUTE, CURRENT + 5820 UNITS MINUTE, null, null, 345600000, 132456, CURRENT, 132456, CURRENT);
INSERT INTO project_phase (project_phase_id, project_id, phase_type_id, phase_status_id, fixed_start_time, scheduled_start_time, scheduled_end_time, actual_start_time, actual_end_time, duration, create_user, create_date, modify_user, modify_date) VALUES (100257, 100022, 3, 1, null, CURRENT + 5820 UNITS MINUTE, CURRENT + 6540 UNITS MINUTE, null, null, 43200000, 132456, CURRENT, 132456, CURRENT);
INSERT INTO project_phase (project_phase_id, project_id, phase_type_id, phase_status_id, fixed_start_time, scheduled_start_time, scheduled_end_time, actual_start_time, actual_end_time, duration, create_user, create_date, modify_user, modify_date) VALUES (100258, 100022, 4, 1, null, CURRENT + 6540 UNITS MINUTE, CURRENT + 9420 UNITS MINUTE, null, null, 172800000, 132456, CURRENT, 132456, CURRENT);
INSERT INTO project_phase (project_phase_id, project_id, phase_type_id, phase_status_id, fixed_start_time, scheduled_start_time, scheduled_end_time, actual_start_time, actual_end_time, duration, create_user, create_date, modify_user, modify_date) VALUES (100259, 100022, 5, 1, null, CURRENT + 9420 UNITS MINUTE, CURRENT + 10860 UNITS MINUTE, null, null, 86400000, 132456, CURRENT, 132456, CURRENT);
INSERT INTO project_phase (project_phase_id, project_id, phase_type_id, phase_status_id, fixed_start_time, scheduled_start_time, scheduled_end_time, actual_start_time, actual_end_time, duration, create_user, create_date, modify_user, modify_date) VALUES (100260, 100022, 6, 1, null, CURRENT + 10860 UNITS MINUTE, CURRENT + 11580 UNITS MINUTE, null, null, 43200000, 132456, CURRENT, 132456, CURRENT);
INSERT INTO project_phase (project_phase_id, project_id, phase_type_id, phase_status_id, fixed_start_time, scheduled_start_time, scheduled_end_time, actual_start_time, actual_end_time, duration, create_user, create_date, modify_user, modify_date) VALUES (100261, 100022, 7, 1, null, CURRENT + 11580 UNITS MINUTE, CURRENT + 12300 UNITS MINUTE, null, null, 43200000, 132456, CURRENT, 132456, CURRENT);
INSERT INTO project_phase (project_phase_id, project_id, phase_type_id, phase_status_id, fixed_start_time, scheduled_start_time, scheduled_end_time, actual_start_time, actual_end_time, duration, create_user, create_date, modify_user, modify_date) VALUES (100262, 100022, 9, 1, null, CURRENT + 12300 UNITS MINUTE, CURRENT + 13740 UNITS MINUTE, null, null, 86400000, 132456, CURRENT, 132456, CURRENT);
INSERT INTO project_phase (project_phase_id, project_id, phase_type_id, phase_status_id, fixed_start_time, scheduled_start_time, scheduled_end_time, actual_start_time, actual_end_time, duration, create_user, create_date, modify_user, modify_date) VALUES (100263, 100022, 10, 1, null, CURRENT + 13740 UNITS MINUTE, CURRENT + 14460 UNITS MINUTE, null, null, 43200000, 132456, CURRENT, 132456, CURRENT);
INSERT INTO project_phase (project_phase_id, project_id, phase_type_id, phase_status_id, fixed_start_time, scheduled_start_time, scheduled_end_time, actual_start_time, actual_end_time, duration, create_user, create_date, modify_user, modify_date) VALUES (100264, 100022, 11, 1, null, CURRENT + 14460 UNITS MINUTE, CURRENT + 21660 UNITS MINUTE, null, null, 432000000, 132456, CURRENT, 132456, CURRENT);
INSERT INTO phase_dependency (dependency_phase_id, dependent_phase_id, dependency_start, dependent_start, lag_time, create_user, create_date, modify_user, modify_date) VALUES (100253, 100254, 0, 1, 0, 132456, CURRENT, 132456, CURRENT);
INSERT INTO phase_dependency (dependency_phase_id, dependent_phase_id, dependency_start, dependent_start, lag_time, create_user, create_date, modify_user, modify_date) VALUES (100254, 100255, 0, 1, 0, 132456, CURRENT, 132456, CURRENT);
INSERT INTO phase_dependency (dependency_phase_id, dependent_phase_id, dependency_start, dependent_start, lag_time, create_user, create_date, modify_user, modify_date) VALUES (100255, 100256, 1, 1, 0, 132456, CURRENT, 132456, CURRENT);
INSERT INTO phase_dependency (dependency_phase_id, dependent_phase_id, dependency_start, dependent_start, lag_time, create_user, create_date, modify_user, modify_date) VALUES (100256, 100257, 0, 1, 0, 132456, CURRENT, 132456, CURRENT);
INSERT INTO phase_dependency (dependency_phase_id, dependent_phase_id, dependency_start, dependent_start, lag_time, create_user, create_date, modify_user, modify_date) VALUES (100257, 100258, 0, 1, 0, 132456, CURRENT, 132456, CURRENT);
INSERT INTO phase_dependency (dependency_phase_id, dependent_phase_id, dependency_start, dependent_start, lag_time, create_user, create_date, modify_user, modify_date) VALUES (100258, 100259, 0, 1, 0, 132456, CURRENT, 132456, CURRENT);
INSERT INTO phase_dependency (dependency_phase_id, dependent_phase_id, dependency_start, dependent_start, lag_time, create_user, create_date, modify_user, modify_date) VALUES (100259, 100260, 0, 1, 0, 132456, CURRENT, 132456, CURRENT);
INSERT INTO phase_dependency (dependency_phase_id, dependent_phase_id, dependency_start, dependent_start, lag_time, create_user, create_date, modify_user, modify_date) VALUES (100260, 100261, 0, 1, 0, 132456, CURRENT, 132456, CURRENT);
INSERT INTO phase_dependency (dependency_phase_id, dependent_phase_id, dependency_start, dependent_start, lag_time, create_user, create_date, modify_user, modify_date) VALUES (100261, 100262, 0, 1, 0, 132456, CURRENT, 132456, CURRENT);
INSERT INTO phase_dependency (dependency_phase_id, dependent_phase_id, dependency_start, dependent_start, lag_time, create_user, create_date, modify_user, modify_date) VALUES (100262, 100263, 0, 1, 0, 132456, CURRENT, 132456, CURRENT);
INSERT INTO phase_dependency (dependency_phase_id, dependent_phase_id, dependency_start, dependent_start, lag_time, create_user, create_date, modify_user, modify_date) VALUES (100263, 100264, 0, 1, 0, 132456, CURRENT, 132456, CURRENT);
INSERT INTO phase_criteria (project_phase_id, phase_criteria_type_id, parameter, create_user, create_date, modify_user, modify_date) VALUES (100254, 6, '1', 132456, CURRENT, 132456, CURRENT);
INSERT INTO phase_criteria (project_phase_id, phase_criteria_type_id, parameter, create_user, create_date, modify_user, modify_date) VALUES (100254, 1, '30000722', 132456, CURRENT, 132456, CURRENT);
INSERT INTO phase_criteria (project_phase_id, phase_criteria_type_id, parameter, create_user, create_date, modify_user, modify_date) VALUES (100255, 2, '0', 132456, CURRENT, 132456, CURRENT);
INSERT INTO phase_criteria (project_phase_id, phase_criteria_type_id, parameter, create_user, create_date, modify_user, modify_date) VALUES (100255, 5, 'No', 132456, CURRENT, 132456, CURRENT);
INSERT INTO phase_criteria (project_phase_id, phase_criteria_type_id, parameter, create_user, create_date, modify_user, modify_date) VALUES (100256, 3, '0', 132456, CURRENT, 132456, CURRENT);
INSERT INTO phase_criteria (project_phase_id, phase_criteria_type_id, parameter, create_user, create_date, modify_user, modify_date) VALUES (100256, 5, 'Yes', 132456, CURRENT, 132456, CURRENT);
INSERT INTO phase_criteria (project_phase_id, phase_criteria_type_id, parameter, create_user, create_date, modify_user, modify_date) VALUES (100257, 1, '30000410', 132456, CURRENT, 132456, CURRENT);
INSERT INTO phase_criteria (project_phase_id, phase_criteria_type_id, parameter, create_user, create_date, modify_user, modify_date) VALUES (100257, 5, 'No', 132456, CURRENT, 132456, CURRENT);
INSERT INTO phase_criteria (project_phase_id, phase_criteria_type_id, parameter, create_user, create_date, modify_user, modify_date) VALUES (100258, 6, '3', 132456, CURRENT, 132456, CURRENT);
INSERT INTO phase_criteria (project_phase_id, phase_criteria_type_id, parameter, create_user, create_date, modify_user, modify_date) VALUES (100258, 1, '30000411', 132456, CURRENT, 132456, CURRENT);
INSERT INTO phase_criteria (project_phase_id, phase_criteria_type_id, parameter, create_user, create_date, modify_user, modify_date) VALUES (100258, 5, 'No', 132456, CURRENT, 132456, CURRENT);
INSERT INTO phase_criteria (project_phase_id, phase_criteria_type_id, parameter, create_user, create_date, modify_user, modify_date) VALUES (100259, 4, 'No', 132456, CURRENT, 132456, CURRENT);
INSERT INTO phase_criteria (project_phase_id, phase_criteria_type_id, parameter, create_user, create_date, modify_user, modify_date) VALUES (100259, 5, 'No', 132456, CURRENT, 132456, CURRENT);
INSERT INTO phase_criteria (project_phase_id, phase_criteria_type_id, parameter, create_user, create_date, modify_user, modify_date) VALUES (100260, 5, 'No', 132456, CURRENT, 132456, CURRENT);
INSERT INTO phase_criteria (project_phase_id, phase_criteria_type_id, parameter, create_user, create_date, modify_user, modify_date) VALUES (100261, 5, 'No', 132456, CURRENT, 132456, CURRENT);
INSERT INTO phase_criteria (project_phase_id, phase_criteria_type_id, parameter, create_user, create_date, modify_user, modify_date) VALUES (100262, 5, 'No', 132456, CURRENT, 132456, CURRENT);
INSERT INTO phase_criteria (project_phase_id, phase_criteria_type_id, parameter, create_user, create_date, modify_user, modify_date) VALUES (100263, 5, 'No', 132456, CURRENT, 132456, CURRENT);
INSERT INTO phase_criteria (project_phase_id, phase_criteria_type_id, parameter, create_user, create_date, modify_user, modify_date) VALUES (100264, 6, '1', 132456, CURRENT, 132456, CURRENT);
INSERT INTO phase_criteria (project_phase_id, phase_criteria_type_id, parameter, create_user, create_date, modify_user, modify_date) VALUES (100264, 1, '30000720', 132456, CURRENT, 132456, CURRENT);
INSERT INTO review_auction (review_auction_id, project_id, review_auction_type_id) VALUES (110022, 100022, 3);
INSERT INTO review_auction (review_auction_id, project_id, review_auction_type_id) VALUES (100022, 100022, 1);
INSERT INTO project (project_id, project_status_id, project_category_id, create_user, create_date, modify_user, modify_date, tc_direct_project_id, project_studio_spec_id) VALUES (100023, 1, 1, 132456, CURRENT, 132456, CURRENT, 100001, NULL);
INSERT INTO project_phase (project_phase_id, project_id, phase_type_id, phase_status_id, fixed_start_time, scheduled_start_time, scheduled_end_time, actual_start_time, actual_end_time, duration, create_user, create_date, modify_user, modify_date) VALUES (100265, 100023, 13, 3, CURRENT + -13800 UNITS MINUTE, CURRENT + -13800 UNITS MINUTE, CURRENT + -10920 UNITS MINUTE, CURRENT + -13800 UNITS MINUTE, CURRENT + -10920 UNITS MINUTE, 172800000, 132456, CURRENT, 132456, CURRENT);
INSERT INTO project_phase (project_phase_id, project_id, phase_type_id, phase_status_id, fixed_start_time, scheduled_start_time, scheduled_end_time, actual_start_time, actual_end_time, duration, create_user, create_date, modify_user, modify_date) VALUES (100266, 100023, 14, 3, null, CURRENT + -10920 UNITS MINUTE, CURRENT + -10800 UNITS MINUTE, CURRENT + -10920 UNITS MINUTE, CURRENT + -10800 UNITS MINUTE, 7200000, 132456, CURRENT, 132456, CURRENT);
INSERT INTO project_phase (project_phase_id, project_id, phase_type_id, phase_status_id, fixed_start_time, scheduled_start_time, scheduled_end_time, actual_start_time, actual_end_time, duration, create_user, create_date, modify_user, modify_date) VALUES (100267, 100023, 1, 3, CURRENT + -10800 UNITS MINUTE, CURRENT + -10800 UNITS MINUTE, CURRENT + -7920 UNITS MINUTE, CURRENT + -10800 UNITS MINUTE, CURRENT + -7920 UNITS MINUTE, 172800000, 132456, CURRENT, 132456, CURRENT);
INSERT INTO project_phase (project_phase_id, project_id, phase_type_id, phase_status_id, fixed_start_time, scheduled_start_time, scheduled_end_time, actual_start_time, actual_end_time, duration, create_user, create_date, modify_user, modify_date) VALUES (100268, 100023, 2, 3, null, CURRENT + -10800 UNITS MINUTE, CURRENT + -5040 UNITS MINUTE, CURRENT + -10800 UNITS MINUTE, CURRENT + -5040 UNITS MINUTE, 345600000, 132456, CURRENT, 132456, CURRENT);
INSERT INTO project_phase (project_phase_id, project_id, phase_type_id, phase_status_id, fixed_start_time, scheduled_start_time, scheduled_end_time, actual_start_time, actual_end_time, duration, create_user, create_date, modify_user, modify_date) VALUES (100269, 100023, 3, 3, null, CURRENT + -5040 UNITS MINUTE, CURRENT + -4320 UNITS MINUTE, CURRENT + -5040 UNITS MINUTE, CURRENT + -4320 UNITS MINUTE, 43200000, 132456, CURRENT, 132456, CURRENT);
INSERT INTO project_phase (project_phase_id, project_id, phase_type_id, phase_status_id, fixed_start_time, scheduled_start_time, scheduled_end_time, actual_start_time, actual_end_time, duration, create_user, create_date, modify_user, modify_date) VALUES (100270, 100023, 4, 2, null, CURRENT + -4320 UNITS MINUTE, CURRENT + -1440 UNITS MINUTE, CURRENT + -4320 UNITS MINUTE, null, 172800000, 132456, CURRENT, 132456, CURRENT);
INSERT INTO project_phase (project_phase_id, project_id, phase_type_id, phase_status_id, fixed_start_time, scheduled_start_time, scheduled_end_time, actual_start_time, actual_end_time, duration, create_user, create_date, modify_user, modify_date) VALUES (100271, 100023, 5, 1, null, CURRENT + -1440 UNITS MINUTE, CURRENT + 0 UNITS MINUTE, null, null, 86400000, 132456, CURRENT, 132456, CURRENT);
INSERT INTO project_phase (project_phase_id, project_id, phase_type_id, phase_status_id, fixed_start_time, scheduled_start_time, scheduled_end_time, actual_start_time, actual_end_time, duration, create_user, create_date, modify_user, modify_date) VALUES (100272, 100023, 6, 1, null, CURRENT + 0 UNITS MINUTE, CURRENT + 720 UNITS MINUTE, null, null, 43200000, 132456, CURRENT, 132456, CURRENT);
INSERT INTO project_phase (project_phase_id, project_id, phase_type_id, phase_status_id, fixed_start_time, scheduled_start_time, scheduled_end_time, actual_start_time, actual_end_time, duration, create_user, create_date, modify_user, modify_date) VALUES (100273, 100023, 7, 1, null, CURRENT + 720 UNITS MINUTE, CURRENT + 1440 UNITS MINUTE, null, null, 43200000, 132456, CURRENT, 132456, CURRENT);
INSERT INTO project_phase (project_phase_id, project_id, phase_type_id, phase_status_id, fixed_start_time, scheduled_start_time, scheduled_end_time, actual_start_time, actual_end_time, duration, create_user, create_date, modify_user, modify_date) VALUES (100274, 100023, 9, 1, null, CURRENT + 1440 UNITS MINUTE, CURRENT + 2880 UNITS MINUTE, null, null, 86400000, 132456, CURRENT, 132456, CURRENT);
INSERT INTO project_phase (project_phase_id, project_id, phase_type_id, phase_status_id, fixed_start_time, scheduled_start_time, scheduled_end_time, actual_start_time, actual_end_time, duration, create_user, create_date, modify_user, modify_date) VALUES (100275, 100023, 10, 1, null, CURRENT + 2880 UNITS MINUTE, CURRENT + 3600 UNITS MINUTE, null, null, 43200000, 132456, CURRENT, 132456, CURRENT);
INSERT INTO project_phase (project_phase_id, project_id, phase_type_id, phase_status_id, fixed_start_time, scheduled_start_time, scheduled_end_time, actual_start_time, actual_end_time, duration, create_user, create_date, modify_user, modify_date) VALUES (100276, 100023, 11, 1, null, CURRENT + 3600 UNITS MINUTE, CURRENT + 10800 UNITS MINUTE, null, null, 432000000, 132456, CURRENT, 132456, CURRENT);
INSERT INTO phase_dependency (dependency_phase_id, dependent_phase_id, dependency_start, dependent_start, lag_time, create_user, create_date, modify_user, modify_date) VALUES (100265, 100266, 0, 1, 0, 132456, CURRENT, 132456, CURRENT);
INSERT INTO phase_dependency (dependency_phase_id, dependent_phase_id, dependency_start, dependent_start, lag_time, create_user, create_date, modify_user, modify_date) VALUES (100266, 100267, 0, 1, 0, 132456, CURRENT, 132456, CURRENT);
INSERT INTO phase_dependency (dependency_phase_id, dependent_phase_id, dependency_start, dependent_start, lag_time, create_user, create_date, modify_user, modify_date) VALUES (100267, 100268, 1, 1, 0, 132456, CURRENT, 132456, CURRENT);
INSERT INTO phase_dependency (dependency_phase_id, dependent_phase_id, dependency_start, dependent_start, lag_time, create_user, create_date, modify_user, modify_date) VALUES (100268, 100269, 0, 1, 0, 132456, CURRENT, 132456, CURRENT);
INSERT INTO phase_dependency (dependency_phase_id, dependent_phase_id, dependency_start, dependent_start, lag_time, create_user, create_date, modify_user, modify_date) VALUES (100269, 100270, 0, 1, 0, 132456, CURRENT, 132456, CURRENT);
INSERT INTO phase_dependency (dependency_phase_id, dependent_phase_id, dependency_start, dependent_start, lag_time, create_user, create_date, modify_user, modify_date) VALUES (100270, 100271, 0, 1, 0, 132456, CURRENT, 132456, CURRENT);
INSERT INTO phase_dependency (dependency_phase_id, dependent_phase_id, dependency_start, dependent_start, lag_time, create_user, create_date, modify_user, modify_date) VALUES (100271, 100272, 0, 1, 0, 132456, CURRENT, 132456, CURRENT);
INSERT INTO phase_dependency (dependency_phase_id, dependent_phase_id, dependency_start, dependent_start, lag_time, create_user, create_date, modify_user, modify_date) VALUES (100272, 100273, 0, 1, 0, 132456, CURRENT, 132456, CURRENT);
INSERT INTO phase_dependency (dependency_phase_id, dependent_phase_id, dependency_start, dependent_start, lag_time, create_user, create_date, modify_user, modify_date) VALUES (100273, 100274, 0, 1, 0, 132456, CURRENT, 132456, CURRENT);
INSERT INTO phase_dependency (dependency_phase_id, dependent_phase_id, dependency_start, dependent_start, lag_time, create_user, create_date, modify_user, modify_date) VALUES (100274, 100275, 0, 1, 0, 132456, CURRENT, 132456, CURRENT);
INSERT INTO phase_dependency (dependency_phase_id, dependent_phase_id, dependency_start, dependent_start, lag_time, create_user, create_date, modify_user, modify_date) VALUES (100275, 100276, 0, 1, 0, 132456, CURRENT, 132456, CURRENT);
INSERT INTO phase_criteria (project_phase_id, phase_criteria_type_id, parameter, create_user, create_date, modify_user, modify_date) VALUES (100266, 6, '1', 132456, CURRENT, 132456, CURRENT);
INSERT INTO phase_criteria (project_phase_id, phase_criteria_type_id, parameter, create_user, create_date, modify_user, modify_date) VALUES (100266, 1, '30000722', 132456, CURRENT, 132456, CURRENT);
INSERT INTO phase_criteria (project_phase_id, phase_criteria_type_id, parameter, create_user, create_date, modify_user, modify_date) VALUES (100267, 2, '0', 132456, CURRENT, 132456, CURRENT);
INSERT INTO phase_criteria (project_phase_id, phase_criteria_type_id, parameter, create_user, create_date, modify_user, modify_date) VALUES (100267, 5, 'No', 132456, CURRENT, 132456, CURRENT);
INSERT INTO phase_criteria (project_phase_id, phase_criteria_type_id, parameter, create_user, create_date, modify_user, modify_date) VALUES (100268, 3, '0', 132456, CURRENT, 132456, CURRENT);
INSERT INTO phase_criteria (project_phase_id, phase_criteria_type_id, parameter, create_user, create_date, modify_user, modify_date) VALUES (100268, 5, 'Yes', 132456, CURRENT, 132456, CURRENT);
INSERT INTO phase_criteria (project_phase_id, phase_criteria_type_id, parameter, create_user, create_date, modify_user, modify_date) VALUES (100269, 1, '30000410', 132456, CURRENT, 132456, CURRENT);
INSERT INTO phase_criteria (project_phase_id, phase_criteria_type_id, parameter, create_user, create_date, modify_user, modify_date) VALUES (100269, 5, 'No', 132456, CURRENT, 132456, CURRENT);
INSERT INTO phase_criteria (project_phase_id, phase_criteria_type_id, parameter, create_user, create_date, modify_user, modify_date) VALUES (100270, 6, '3', 132456, CURRENT, 132456, CURRENT);
INSERT INTO phase_criteria (project_phase_id, phase_criteria_type_id, parameter, create_user, create_date, modify_user, modify_date) VALUES (100270, 1, '30000411', 132456, CURRENT, 132456, CURRENT);
INSERT INTO phase_criteria (project_phase_id, phase_criteria_type_id, parameter, create_user, create_date, modify_user, modify_date) VALUES (100270, 5, 'No', 132456, CURRENT, 132456, CURRENT);
INSERT INTO phase_criteria (project_phase_id, phase_criteria_type_id, parameter, create_user, create_date, modify_user, modify_date) VALUES (100271, 4, 'No', 132456, CURRENT, 132456, CURRENT);
INSERT INTO phase_criteria (project_phase_id, phase_criteria_type_id, parameter, create_user, create_date, modify_user, modify_date) VALUES (100271, 5, 'No', 132456, CURRENT, 132456, CURRENT);
INSERT INTO phase_criteria (project_phase_id, phase_criteria_type_id, parameter, create_user, create_date, modify_user, modify_date) VALUES (100272, 5, 'No', 132456, CURRENT, 132456, CURRENT);
INSERT INTO phase_criteria (project_phase_id, phase_criteria_type_id, parameter, create_user, create_date, modify_user, modify_date) VALUES (100273, 5, 'No', 132456, CURRENT, 132456, CURRENT);
INSERT INTO phase_criteria (project_phase_id, phase_criteria_type_id, parameter, create_user, create_date, modify_user, modify_date) VALUES (100274, 5, 'No', 132456, CURRENT, 132456, CURRENT);
INSERT INTO phase_criteria (project_phase_id, phase_criteria_type_id, parameter, create_user, create_date, modify_user, modify_date) VALUES (100275, 5, 'No', 132456, CURRENT, 132456, CURRENT);
INSERT INTO phase_criteria (project_phase_id, phase_criteria_type_id, parameter, create_user, create_date, modify_user, modify_date) VALUES (100276, 6, '1', 132456, CURRENT, 132456, CURRENT);
INSERT INTO phase_criteria (project_phase_id, phase_criteria_type_id, parameter, create_user, create_date, modify_user, modify_date) VALUES (100276, 1, '30000720', 132456, CURRENT, 132456, CURRENT);
INSERT INTO review_auction (review_auction_id, project_id, review_auction_type_id) VALUES (110023, 100023, 3);
INSERT INTO review_auction (review_auction_id, project_id, review_auction_type_id) VALUES (100023, 100023, 1);
INSERT INTO project (project_id, project_status_id, project_category_id, create_user, create_date, modify_user, modify_date, tc_direct_project_id, project_studio_spec_id) VALUES (100024, 1, 14, 132456, CURRENT, 132456, CURRENT, 100001, NULL);
INSERT INTO project_phase (project_phase_id, project_id, phase_type_id, phase_status_id, fixed_start_time, scheduled_start_time, scheduled_end_time, actual_start_time, actual_end_time, duration, create_user, create_date, modify_user, modify_date) VALUES (100277, 100024, 13, 3, CURRENT + -9480 UNITS MINUTE, CURRENT + -9480 UNITS MINUTE, CURRENT + -6600 UNITS MINUTE, CURRENT + -9480 UNITS MINUTE, CURRENT + -6600 UNITS MINUTE, 172800000, 132456, CURRENT, 132456, CURRENT);
INSERT INTO project_phase (project_phase_id, project_id, phase_type_id, phase_status_id, fixed_start_time, scheduled_start_time, scheduled_end_time, actual_start_time, actual_end_time, duration, create_user, create_date, modify_user, modify_date) VALUES (100278, 100024, 14, 3, null, CURRENT + -6600 UNITS MINUTE, CURRENT + -6480 UNITS MINUTE, CURRENT + -6600 UNITS MINUTE, CURRENT + -6480 UNITS MINUTE, 7200000, 132456, CURRENT, 132456, CURRENT);
INSERT INTO project_phase (project_phase_id, project_id, phase_type_id, phase_status_id, fixed_start_time, scheduled_start_time, scheduled_end_time, actual_start_time, actual_end_time, duration, create_user, create_date, modify_user, modify_date) VALUES (100279, 100024, 1, 3, CURRENT + -6480 UNITS MINUTE, CURRENT + -6480 UNITS MINUTE, CURRENT + -3600 UNITS MINUTE, CURRENT + -6480 UNITS MINUTE, CURRENT + -3600 UNITS MINUTE, 172800000, 132456, CURRENT, 132456, CURRENT);
INSERT INTO project_phase (project_phase_id, project_id, phase_type_id, phase_status_id, fixed_start_time, scheduled_start_time, scheduled_end_time, actual_start_time, actual_end_time, duration, create_user, create_date, modify_user, modify_date) VALUES (100280, 100024, 2, 2, null, CURRENT + -6480 UNITS MINUTE, CURRENT + 720 UNITS MINUTE, CURRENT + -6480 UNITS MINUTE, null, 432000000, 132456, CURRENT, 132456, CURRENT);
INSERT INTO project_phase (project_phase_id, project_id, phase_type_id, phase_status_id, fixed_start_time, scheduled_start_time, scheduled_end_time, actual_start_time, actual_end_time, duration, create_user, create_date, modify_user, modify_date) VALUES (100281, 100024, 3, 1, null, CURRENT + 720 UNITS MINUTE, CURRENT + 1440 UNITS MINUTE, null, null, 43200000, 132456, CURRENT, 132456, CURRENT);
INSERT INTO project_phase (project_phase_id, project_id, phase_type_id, phase_status_id, fixed_start_time, scheduled_start_time, scheduled_end_time, actual_start_time, actual_end_time, duration, create_user, create_date, modify_user, modify_date) VALUES (100282, 100024, 4, 1, null, CURRENT + 1440 UNITS MINUTE, CURRENT + 4320 UNITS MINUTE, null, null, 172800000, 132456, CURRENT, 132456, CURRENT);
INSERT INTO project_phase (project_phase_id, project_id, phase_type_id, phase_status_id, fixed_start_time, scheduled_start_time, scheduled_end_time, actual_start_time, actual_end_time, duration, create_user, create_date, modify_user, modify_date) VALUES (100283, 100024, 5, 1, null, CURRENT + 4320 UNITS MINUTE, CURRENT + 5760 UNITS MINUTE, null, null, 86400000, 132456, CURRENT, 132456, CURRENT);
INSERT INTO project_phase (project_phase_id, project_id, phase_type_id, phase_status_id, fixed_start_time, scheduled_start_time, scheduled_end_time, actual_start_time, actual_end_time, duration, create_user, create_date, modify_user, modify_date) VALUES (100284, 100024, 6, 1, null, CURRENT + 5760 UNITS MINUTE, CURRENT + 6480 UNITS MINUTE, null, null, 43200000, 132456, CURRENT, 132456, CURRENT);
INSERT INTO project_phase (project_phase_id, project_id, phase_type_id, phase_status_id, fixed_start_time, scheduled_start_time, scheduled_end_time, actual_start_time, actual_end_time, duration, create_user, create_date, modify_user, modify_date) VALUES (100285, 100024, 7, 1, null, CURRENT + 6480 UNITS MINUTE, CURRENT + 7200 UNITS MINUTE, null, null, 43200000, 132456, CURRENT, 132456, CURRENT);
INSERT INTO project_phase (project_phase_id, project_id, phase_type_id, phase_status_id, fixed_start_time, scheduled_start_time, scheduled_end_time, actual_start_time, actual_end_time, duration, create_user, create_date, modify_user, modify_date) VALUES (100286, 100024, 9, 1, null, CURRENT + 7200 UNITS MINUTE, CURRENT + 8640 UNITS MINUTE, null, null, 86400000, 132456, CURRENT, 132456, CURRENT);
INSERT INTO project_phase (project_phase_id, project_id, phase_type_id, phase_status_id, fixed_start_time, scheduled_start_time, scheduled_end_time, actual_start_time, actual_end_time, duration, create_user, create_date, modify_user, modify_date) VALUES (100287, 100024, 10, 1, null, CURRENT + 8640 UNITS MINUTE, CURRENT + 9360 UNITS MINUTE, null, null, 43200000, 132456, CURRENT, 132456, CURRENT);
INSERT INTO project_phase (project_phase_id, project_id, phase_type_id, phase_status_id, fixed_start_time, scheduled_start_time, scheduled_end_time, actual_start_time, actual_end_time, duration, create_user, create_date, modify_user, modify_date) VALUES (100288, 100024, 11, 1, null, CURRENT + 9360 UNITS MINUTE, CURRENT + 16560 UNITS MINUTE, null, null, 432000000, 132456, CURRENT, 132456, CURRENT);
INSERT INTO phase_dependency (dependency_phase_id, dependent_phase_id, dependency_start, dependent_start, lag_time, create_user, create_date, modify_user, modify_date) VALUES (100277, 100278, 0, 1, 0, 132456, CURRENT, 132456, CURRENT);
INSERT INTO phase_dependency (dependency_phase_id, dependent_phase_id, dependency_start, dependent_start, lag_time, create_user, create_date, modify_user, modify_date) VALUES (100278, 100279, 0, 1, 0, 132456, CURRENT, 132456, CURRENT);
INSERT INTO phase_dependency (dependency_phase_id, dependent_phase_id, dependency_start, dependent_start, lag_time, create_user, create_date, modify_user, modify_date) VALUES (100279, 100280, 1, 1, 0, 132456, CURRENT, 132456, CURRENT);
INSERT INTO phase_dependency (dependency_phase_id, dependent_phase_id, dependency_start, dependent_start, lag_time, create_user, create_date, modify_user, modify_date) VALUES (100280, 100281, 0, 1, 0, 132456, CURRENT, 132456, CURRENT);
INSERT INTO phase_dependency (dependency_phase_id, dependent_phase_id, dependency_start, dependent_start, lag_time, create_user, create_date, modify_user, modify_date) VALUES (100281, 100282, 0, 1, 0, 132456, CURRENT, 132456, CURRENT);
INSERT INTO phase_dependency (dependency_phase_id, dependent_phase_id, dependency_start, dependent_start, lag_time, create_user, create_date, modify_user, modify_date) VALUES (100282, 100283, 0, 1, 0, 132456, CURRENT, 132456, CURRENT);
INSERT INTO phase_dependency (dependency_phase_id, dependent_phase_id, dependency_start, dependent_start, lag_time, create_user, create_date, modify_user, modify_date) VALUES (100283, 100284, 0, 1, 0, 132456, CURRENT, 132456, CURRENT);
INSERT INTO phase_dependency (dependency_phase_id, dependent_phase_id, dependency_start, dependent_start, lag_time, create_user, create_date, modify_user, modify_date) VALUES (100284, 100285, 0, 1, 0, 132456, CURRENT, 132456, CURRENT);
INSERT INTO phase_dependency (dependency_phase_id, dependent_phase_id, dependency_start, dependent_start, lag_time, create_user, create_date, modify_user, modify_date) VALUES (100285, 100286, 0, 1, 0, 132456, CURRENT, 132456, CURRENT);
INSERT INTO phase_dependency (dependency_phase_id, dependent_phase_id, dependency_start, dependent_start, lag_time, create_user, create_date, modify_user, modify_date) VALUES (100286, 100287, 0, 1, 0, 132456, CURRENT, 132456, CURRENT);
INSERT INTO phase_dependency (dependency_phase_id, dependent_phase_id, dependency_start, dependent_start, lag_time, create_user, create_date, modify_user, modify_date) VALUES (100287, 100288, 0, 1, 0, 132456, CURRENT, 132456, CURRENT);
INSERT INTO phase_criteria (project_phase_id, phase_criteria_type_id, parameter, create_user, create_date, modify_user, modify_date) VALUES (100278, 6, '1', 132456, CURRENT, 132456, CURRENT);
INSERT INTO phase_criteria (project_phase_id, phase_criteria_type_id, parameter, create_user, create_date, modify_user, modify_date) VALUES (100278, 1, '30000722', 132456, CURRENT, 132456, CURRENT);
INSERT INTO phase_criteria (project_phase_id, phase_criteria_type_id, parameter, create_user, create_date, modify_user, modify_date) VALUES (100279, 2, '0', 132456, CURRENT, 132456, CURRENT);
INSERT INTO phase_criteria (project_phase_id, phase_criteria_type_id, parameter, create_user, create_date, modify_user, modify_date) VALUES (100279, 5, 'No', 132456, CURRENT, 132456, CURRENT);
INSERT INTO phase_criteria (project_phase_id, phase_criteria_type_id, parameter, create_user, create_date, modify_user, modify_date) VALUES (100280, 3, '0', 132456, CURRENT, 132456, CURRENT);
INSERT INTO phase_criteria (project_phase_id, phase_criteria_type_id, parameter, create_user, create_date, modify_user, modify_date) VALUES (100280, 5, 'Yes', 132456, CURRENT, 132456, CURRENT);
INSERT INTO phase_criteria (project_phase_id, phase_criteria_type_id, parameter, create_user, create_date, modify_user, modify_date) VALUES (100281, 1, '30000410', 132456, CURRENT, 132456, CURRENT);
INSERT INTO phase_criteria (project_phase_id, phase_criteria_type_id, parameter, create_user, create_date, modify_user, modify_date) VALUES (100281, 5, 'No', 132456, CURRENT, 132456, CURRENT);
INSERT INTO phase_criteria (project_phase_id, phase_criteria_type_id, parameter, create_user, create_date, modify_user, modify_date) VALUES (100282, 6, '3', 132456, CURRENT, 132456, CURRENT);
INSERT INTO phase_criteria (project_phase_id, phase_criteria_type_id, parameter, create_user, create_date, modify_user, modify_date) VALUES (100282, 1, '30000411', 132456, CURRENT, 132456, CURRENT);
INSERT INTO phase_criteria (project_phase_id, phase_criteria_type_id, parameter, create_user, create_date, modify_user, modify_date) VALUES (100282, 5, 'No', 132456, CURRENT, 132456, CURRENT);
INSERT INTO phase_criteria (project_phase_id, phase_criteria_type_id, parameter, create_user, create_date, modify_user, modify_date) VALUES (100283, 4, 'No', 132456, CURRENT, 132456, CURRENT);
INSERT INTO phase_criteria (project_phase_id, phase_criteria_type_id, parameter, create_user, create_date, modify_user, modify_date) VALUES (100283, 5, 'No', 132456, CURRENT, 132456, CURRENT);
INSERT INTO phase_criteria (project_phase_id, phase_criteria_type_id, parameter, create_user, create_date, modify_user, modify_date) VALUES (100284, 5, 'No', 132456, CURRENT, 132456, CURRENT);
INSERT INTO phase_criteria (project_phase_id, phase_criteria_type_id, parameter, create_user, create_date, modify_user, modify_date) VALUES (100285, 5, 'No', 132456, CURRENT, 132456, CURRENT);
INSERT INTO phase_criteria (project_phase_id, phase_criteria_type_id, parameter, create_user, create_date, modify_user, modify_date) VALUES (100286, 5, 'No', 132456, CURRENT, 132456, CURRENT);
INSERT INTO phase_criteria (project_phase_id, phase_criteria_type_id, parameter, create_user, create_date, modify_user, modify_date) VALUES (100287, 5, 'No', 132456, CURRENT, 132456, CURRENT);
INSERT INTO phase_criteria (project_phase_id, phase_criteria_type_id, parameter, create_user, create_date, modify_user, modify_date) VALUES (100288, 6, '1', 132456, CURRENT, 132456, CURRENT);
INSERT INTO phase_criteria (project_phase_id, phase_criteria_type_id, parameter, create_user, create_date, modify_user, modify_date) VALUES (100288, 1, '30000720', 132456, CURRENT, 132456, CURRENT);
INSERT INTO review_auction (review_auction_id, project_id, review_auction_type_id) VALUES (110024, 100024, 3);
INSERT INTO review_auction (review_auction_id, project_id, review_auction_type_id) VALUES (100024, 100024, 1);
INSERT INTO project (project_id, project_status_id, project_category_id, create_user, create_date, modify_user, modify_date, tc_direct_project_id, project_studio_spec_id) VALUES (100025, 1, 14, 132456, CURRENT, 132456, CURRENT, 100001, NULL);
INSERT INTO project_phase (project_phase_id, project_id, phase_type_id, phase_status_id, fixed_start_time, scheduled_start_time, scheduled_end_time, actual_start_time, actual_end_time, duration, create_user, create_date, modify_user, modify_date) VALUES (100289, 100025, 13, 3, CURRENT + -15240 UNITS MINUTE, CURRENT + -15240 UNITS MINUTE, CURRENT + -12360 UNITS MINUTE, CURRENT + -15240 UNITS MINUTE, CURRENT + -12360 UNITS MINUTE, 172800000, 132456, CURRENT, 132456, CURRENT);
INSERT INTO project_phase (project_phase_id, project_id, phase_type_id, phase_status_id, fixed_start_time, scheduled_start_time, scheduled_end_time, actual_start_time, actual_end_time, duration, create_user, create_date, modify_user, modify_date) VALUES (100290, 100025, 14, 3, null, CURRENT + -12360 UNITS MINUTE, CURRENT + -12240 UNITS MINUTE, CURRENT + -12360 UNITS MINUTE, CURRENT + -12240 UNITS MINUTE, 7200000, 132456, CURRENT, 132456, CURRENT);
INSERT INTO project_phase (project_phase_id, project_id, phase_type_id, phase_status_id, fixed_start_time, scheduled_start_time, scheduled_end_time, actual_start_time, actual_end_time, duration, create_user, create_date, modify_user, modify_date) VALUES (100291, 100025, 1, 3, CURRENT + -12240 UNITS MINUTE, CURRENT + -12240 UNITS MINUTE, CURRENT + -9360 UNITS MINUTE, CURRENT + -12240 UNITS MINUTE, CURRENT + -9360 UNITS MINUTE, 172800000, 132456, CURRENT, 132456, CURRENT);
INSERT INTO project_phase (project_phase_id, project_id, phase_type_id, phase_status_id, fixed_start_time, scheduled_start_time, scheduled_end_time, actual_start_time, actual_end_time, duration, create_user, create_date, modify_user, modify_date) VALUES (100292, 100025, 2, 3, null, CURRENT + -12240 UNITS MINUTE, CURRENT + -5040 UNITS MINUTE, CURRENT + -12240 UNITS MINUTE, CURRENT + -5040 UNITS MINUTE, 432000000, 132456, CURRENT, 132456, CURRENT);
INSERT INTO project_phase (project_phase_id, project_id, phase_type_id, phase_status_id, fixed_start_time, scheduled_start_time, scheduled_end_time, actual_start_time, actual_end_time, duration, create_user, create_date, modify_user, modify_date) VALUES (100293, 100025, 3, 3, null, CURRENT + -5040 UNITS MINUTE, CURRENT + -4320 UNITS MINUTE, CURRENT + -5040 UNITS MINUTE, CURRENT + -4320 UNITS MINUTE, 43200000, 132456, CURRENT, 132456, CURRENT);
INSERT INTO project_phase (project_phase_id, project_id, phase_type_id, phase_status_id, fixed_start_time, scheduled_start_time, scheduled_end_time, actual_start_time, actual_end_time, duration, create_user, create_date, modify_user, modify_date) VALUES (100294, 100025, 4, 2, null, CURRENT + -4320 UNITS MINUTE, CURRENT + -1440 UNITS MINUTE, CURRENT + -4320 UNITS MINUTE, null, 172800000, 132456, CURRENT, 132456, CURRENT);
INSERT INTO project_phase (project_phase_id, project_id, phase_type_id, phase_status_id, fixed_start_time, scheduled_start_time, scheduled_end_time, actual_start_time, actual_end_time, duration, create_user, create_date, modify_user, modify_date) VALUES (100295, 100025, 5, 1, null, CURRENT + -1440 UNITS MINUTE, CURRENT + 0 UNITS MINUTE, null, null, 86400000, 132456, CURRENT, 132456, CURRENT);
INSERT INTO project_phase (project_phase_id, project_id, phase_type_id, phase_status_id, fixed_start_time, scheduled_start_time, scheduled_end_time, actual_start_time, actual_end_time, duration, create_user, create_date, modify_user, modify_date) VALUES (100296, 100025, 6, 1, null, CURRENT + 0 UNITS MINUTE, CURRENT + 720 UNITS MINUTE, null, null, 43200000, 132456, CURRENT, 132456, CURRENT);
INSERT INTO project_phase (project_phase_id, project_id, phase_type_id, phase_status_id, fixed_start_time, scheduled_start_time, scheduled_end_time, actual_start_time, actual_end_time, duration, create_user, create_date, modify_user, modify_date) VALUES (100297, 100025, 7, 1, null, CURRENT + 720 UNITS MINUTE, CURRENT + 1440 UNITS MINUTE, null, null, 43200000, 132456, CURRENT, 132456, CURRENT);
INSERT INTO project_phase (project_phase_id, project_id, phase_type_id, phase_status_id, fixed_start_time, scheduled_start_time, scheduled_end_time, actual_start_time, actual_end_time, duration, create_user, create_date, modify_user, modify_date) VALUES (100298, 100025, 9, 1, null, CURRENT + 1440 UNITS MINUTE, CURRENT + 2880 UNITS MINUTE, null, null, 86400000, 132456, CURRENT, 132456, CURRENT);
INSERT INTO project_phase (project_phase_id, project_id, phase_type_id, phase_status_id, fixed_start_time, scheduled_start_time, scheduled_end_time, actual_start_time, actual_end_time, duration, create_user, create_date, modify_user, modify_date) VALUES (100299, 100025, 10, 1, null, CURRENT + 2880 UNITS MINUTE, CURRENT + 3600 UNITS MINUTE, null, null, 43200000, 132456, CURRENT, 132456, CURRENT);
INSERT INTO project_phase (project_phase_id, project_id, phase_type_id, phase_status_id, fixed_start_time, scheduled_start_time, scheduled_end_time, actual_start_time, actual_end_time, duration, create_user, create_date, modify_user, modify_date) VALUES (100300, 100025, 11, 1, null, CURRENT + 3600 UNITS MINUTE, CURRENT + 10800 UNITS MINUTE, null, null, 432000000, 132456, CURRENT, 132456, CURRENT);
INSERT INTO phase_dependency (dependency_phase_id, dependent_phase_id, dependency_start, dependent_start, lag_time, create_user, create_date, modify_user, modify_date) VALUES (100289, 100290, 0, 1, 0, 132456, CURRENT, 132456, CURRENT);
INSERT INTO phase_dependency (dependency_phase_id, dependent_phase_id, dependency_start, dependent_start, lag_time, create_user, create_date, modify_user, modify_date) VALUES (100290, 100291, 0, 1, 0, 132456, CURRENT, 132456, CURRENT);
INSERT INTO phase_dependency (dependency_phase_id, dependent_phase_id, dependency_start, dependent_start, lag_time, create_user, create_date, modify_user, modify_date) VALUES (100291, 100292, 1, 1, 0, 132456, CURRENT, 132456, CURRENT);
INSERT INTO phase_dependency (dependency_phase_id, dependent_phase_id, dependency_start, dependent_start, lag_time, create_user, create_date, modify_user, modify_date) VALUES (100292, 100293, 0, 1, 0, 132456, CURRENT, 132456, CURRENT);
INSERT INTO phase_dependency (dependency_phase_id, dependent_phase_id, dependency_start, dependent_start, lag_time, create_user, create_date, modify_user, modify_date) VALUES (100293, 100294, 0, 1, 0, 132456, CURRENT, 132456, CURRENT);
INSERT INTO phase_dependency (dependency_phase_id, dependent_phase_id, dependency_start, dependent_start, lag_time, create_user, create_date, modify_user, modify_date) VALUES (100294, 100295, 0, 1, 0, 132456, CURRENT, 132456, CURRENT);
INSERT INTO phase_dependency (dependency_phase_id, dependent_phase_id, dependency_start, dependent_start, lag_time, create_user, create_date, modify_user, modify_date) VALUES (100295, 100296, 0, 1, 0, 132456, CURRENT, 132456, CURRENT);
INSERT INTO phase_dependency (dependency_phase_id, dependent_phase_id, dependency_start, dependent_start, lag_time, create_user, create_date, modify_user, modify_date) VALUES (100296, 100297, 0, 1, 0, 132456, CURRENT, 132456, CURRENT);
INSERT INTO phase_dependency (dependency_phase_id, dependent_phase_id, dependency_start, dependent_start, lag_time, create_user, create_date, modify_user, modify_date) VALUES (100297, 100298, 0, 1, 0, 132456, CURRENT, 132456, CURRENT);
INSERT INTO phase_dependency (dependency_phase_id, dependent_phase_id, dependency_start, dependent_start, lag_time, create_user, create_date, modify_user, modify_date) VALUES (100298, 100299, 0, 1, 0, 132456, CURRENT, 132456, CURRENT);
INSERT INTO phase_dependency (dependency_phase_id, dependent_phase_id, dependency_start, dependent_start, lag_time, create_user, create_date, modify_user, modify_date) VALUES (100299, 100300, 0, 1, 0, 132456, CURRENT, 132456, CURRENT);
INSERT INTO phase_criteria (project_phase_id, phase_criteria_type_id, parameter, create_user, create_date, modify_user, modify_date) VALUES (100290, 6, '1', 132456, CURRENT, 132456, CURRENT);
INSERT INTO phase_criteria (project_phase_id, phase_criteria_type_id, parameter, create_user, create_date, modify_user, modify_date) VALUES (100290, 1, '30000722', 132456, CURRENT, 132456, CURRENT);
INSERT INTO phase_criteria (project_phase_id, phase_criteria_type_id, parameter, create_user, create_date, modify_user, modify_date) VALUES (100291, 2, '0', 132456, CURRENT, 132456, CURRENT);
INSERT INTO phase_criteria (project_phase_id, phase_criteria_type_id, parameter, create_user, create_date, modify_user, modify_date) VALUES (100291, 5, 'No', 132456, CURRENT, 132456, CURRENT);
INSERT INTO phase_criteria (project_phase_id, phase_criteria_type_id, parameter, create_user, create_date, modify_user, modify_date) VALUES (100292, 3, '0', 132456, CURRENT, 132456, CURRENT);
INSERT INTO phase_criteria (project_phase_id, phase_criteria_type_id, parameter, create_user, create_date, modify_user, modify_date) VALUES (100292, 5, 'Yes', 132456, CURRENT, 132456, CURRENT);
INSERT INTO phase_criteria (project_phase_id, phase_criteria_type_id, parameter, create_user, create_date, modify_user, modify_date) VALUES (100293, 1, '30000410', 132456, CURRENT, 132456, CURRENT);
INSERT INTO phase_criteria (project_phase_id, phase_criteria_type_id, parameter, create_user, create_date, modify_user, modify_date) VALUES (100293, 5, 'No', 132456, CURRENT, 132456, CURRENT);
INSERT INTO phase_criteria (project_phase_id, phase_criteria_type_id, parameter, create_user, create_date, modify_user, modify_date) VALUES (100294, 6, '3', 132456, CURRENT, 132456, CURRENT);
INSERT INTO phase_criteria (project_phase_id, phase_criteria_type_id, parameter, create_user, create_date, modify_user, modify_date) VALUES (100294, 1, '30000411', 132456, CURRENT, 132456, CURRENT);
INSERT INTO phase_criteria (project_phase_id, phase_criteria_type_id, parameter, create_user, create_date, modify_user, modify_date) VALUES (100294, 5, 'No', 132456, CURRENT, 132456, CURRENT);
INSERT INTO phase_criteria (project_phase_id, phase_criteria_type_id, parameter, create_user, create_date, modify_user, modify_date) VALUES (100295, 4, 'No', 132456, CURRENT, 132456, CURRENT);
INSERT INTO phase_criteria (project_phase_id, phase_criteria_type_id, parameter, create_user, create_date, modify_user, modify_date) VALUES (100295, 5, 'No', 132456, CURRENT, 132456, CURRENT);
INSERT INTO phase_criteria (project_phase_id, phase_criteria_type_id, parameter, create_user, create_date, modify_user, modify_date) VALUES (100296, 5, 'No', 132456, CURRENT, 132456, CURRENT);
INSERT INTO phase_criteria (project_phase_id, phase_criteria_type_id, parameter, create_user, create_date, modify_user, modify_date) VALUES (100297, 5, 'No', 132456, CURRENT, 132456, CURRENT);
INSERT INTO phase_criteria (project_phase_id, phase_criteria_type_id, parameter, create_user, create_date, modify_user, modify_date) VALUES (100298, 5, 'No', 132456, CURRENT, 132456, CURRENT);
INSERT INTO phase_criteria (project_phase_id, phase_criteria_type_id, parameter, create_user, create_date, modify_user, modify_date) VALUES (100299, 5, 'No', 132456, CURRENT, 132456, CURRENT);
INSERT INTO phase_criteria (project_phase_id, phase_criteria_type_id, parameter, create_user, create_date, modify_user, modify_date) VALUES (100300, 6, '1', 132456, CURRENT, 132456, CURRENT);
INSERT INTO phase_criteria (project_phase_id, phase_criteria_type_id, parameter, create_user, create_date, modify_user, modify_date) VALUES (100300, 1, '30000720', 132456, CURRENT, 132456, CURRENT);
INSERT INTO review_auction (review_auction_id, project_id, review_auction_type_id) VALUES (110025, 100025, 3);
INSERT INTO review_auction (review_auction_id, project_id, review_auction_type_id) VALUES (100025, 100025, 1);
INSERT INTO project (project_id, project_status_id, project_category_id, create_user, create_date, modify_user, modify_date, tc_direct_project_id, project_studio_spec_id) VALUES (100026, 1, 2, 132456, CURRENT, 132456, CURRENT, 100001, NULL);
INSERT INTO project_phase (project_phase_id, project_id, phase_type_id, phase_status_id, fixed_start_time, scheduled_start_time, scheduled_end_time, actual_start_time, actual_end_time, duration, create_user, create_date, modify_user, modify_date) VALUES (100301, 100026, 13, 3, CURRENT + -8760 UNITS MINUTE, CURRENT + -8760 UNITS MINUTE, CURRENT + -5880 UNITS MINUTE, CURRENT + -8760 UNITS MINUTE, CURRENT + -5880 UNITS MINUTE, 172800000, 132456, CURRENT, 132456, CURRENT);
INSERT INTO project_phase (project_phase_id, project_id, phase_type_id, phase_status_id, fixed_start_time, scheduled_start_time, scheduled_end_time, actual_start_time, actual_end_time, duration, create_user, create_date, modify_user, modify_date) VALUES (100302, 100026, 14, 3, null, CURRENT + -5880 UNITS MINUTE, CURRENT + -5760 UNITS MINUTE, CURRENT + -5880 UNITS MINUTE, CURRENT + -5760 UNITS MINUTE, 7200000, 132456, CURRENT, 132456, CURRENT);
INSERT INTO project_phase (project_phase_id, project_id, phase_type_id, phase_status_id, fixed_start_time, scheduled_start_time, scheduled_end_time, actual_start_time, actual_end_time, duration, create_user, create_date, modify_user, modify_date) VALUES (100303, 100026, 1, 3, CURRENT + -5760 UNITS MINUTE, CURRENT + -5760 UNITS MINUTE, CURRENT + -2880 UNITS MINUTE, CURRENT + -5760 UNITS MINUTE, CURRENT + -2880 UNITS MINUTE, 172800000, 132456, CURRENT, 132456, CURRENT);
INSERT INTO project_phase (project_phase_id, project_id, phase_type_id, phase_status_id, fixed_start_time, scheduled_start_time, scheduled_end_time, actual_start_time, actual_end_time, duration, create_user, create_date, modify_user, modify_date) VALUES (100304, 100026, 2, 2, null, CURRENT + -5760 UNITS MINUTE, CURRENT + 0 UNITS MINUTE, CURRENT + -5760 UNITS MINUTE, null, 345600000, 132456, CURRENT, 132456, CURRENT);
INSERT INTO project_phase (project_phase_id, project_id, phase_type_id, phase_status_id, fixed_start_time, scheduled_start_time, scheduled_end_time, actual_start_time, actual_end_time, duration, create_user, create_date, modify_user, modify_date) VALUES (100305, 100026, 3, 1, null, CURRENT + 0 UNITS MINUTE, CURRENT + 720 UNITS MINUTE, null, null, 43200000, 132456, CURRENT, 132456, CURRENT);
INSERT INTO project_phase (project_phase_id, project_id, phase_type_id, phase_status_id, fixed_start_time, scheduled_start_time, scheduled_end_time, actual_start_time, actual_end_time, duration, create_user, create_date, modify_user, modify_date) VALUES (100306, 100026, 4, 1, null, CURRENT + 720 UNITS MINUTE, CURRENT + 3600 UNITS MINUTE, null, null, 172800000, 132456, CURRENT, 132456, CURRENT);
INSERT INTO project_phase (project_phase_id, project_id, phase_type_id, phase_status_id, fixed_start_time, scheduled_start_time, scheduled_end_time, actual_start_time, actual_end_time, duration, create_user, create_date, modify_user, modify_date) VALUES (100307, 100026, 5, 1, null, CURRENT + 3600 UNITS MINUTE, CURRENT + 5040 UNITS MINUTE, null, null, 86400000, 132456, CURRENT, 132456, CURRENT);
INSERT INTO project_phase (project_phase_id, project_id, phase_type_id, phase_status_id, fixed_start_time, scheduled_start_time, scheduled_end_time, actual_start_time, actual_end_time, duration, create_user, create_date, modify_user, modify_date) VALUES (100308, 100026, 6, 1, null, CURRENT + 5040 UNITS MINUTE, CURRENT + 5760 UNITS MINUTE, null, null, 43200000, 132456, CURRENT, 132456, CURRENT);
INSERT INTO project_phase (project_phase_id, project_id, phase_type_id, phase_status_id, fixed_start_time, scheduled_start_time, scheduled_end_time, actual_start_time, actual_end_time, duration, create_user, create_date, modify_user, modify_date) VALUES (100309, 100026, 7, 1, null, CURRENT + 5760 UNITS MINUTE, CURRENT + 6480 UNITS MINUTE, null, null, 43200000, 132456, CURRENT, 132456, CURRENT);
INSERT INTO project_phase (project_phase_id, project_id, phase_type_id, phase_status_id, fixed_start_time, scheduled_start_time, scheduled_end_time, actual_start_time, actual_end_time, duration, create_user, create_date, modify_user, modify_date) VALUES (100310, 100026, 9, 1, null, CURRENT + 6480 UNITS MINUTE, CURRENT + 7920 UNITS MINUTE, null, null, 86400000, 132456, CURRENT, 132456, CURRENT);
INSERT INTO project_phase (project_phase_id, project_id, phase_type_id, phase_status_id, fixed_start_time, scheduled_start_time, scheduled_end_time, actual_start_time, actual_end_time, duration, create_user, create_date, modify_user, modify_date) VALUES (100311, 100026, 10, 1, null, CURRENT + 7920 UNITS MINUTE, CURRENT + 8640 UNITS MINUTE, null, null, 43200000, 132456, CURRENT, 132456, CURRENT);
INSERT INTO project_phase (project_phase_id, project_id, phase_type_id, phase_status_id, fixed_start_time, scheduled_start_time, scheduled_end_time, actual_start_time, actual_end_time, duration, create_user, create_date, modify_user, modify_date) VALUES (100312, 100026, 11, 1, null, CURRENT + 8640 UNITS MINUTE, CURRENT + 15840 UNITS MINUTE, null, null, 432000000, 132456, CURRENT, 132456, CURRENT);
INSERT INTO phase_dependency (dependency_phase_id, dependent_phase_id, dependency_start, dependent_start, lag_time, create_user, create_date, modify_user, modify_date) VALUES (100301, 100302, 0, 1, 0, 132456, CURRENT, 132456, CURRENT);
INSERT INTO phase_dependency (dependency_phase_id, dependent_phase_id, dependency_start, dependent_start, lag_time, create_user, create_date, modify_user, modify_date) VALUES (100302, 100303, 0, 1, 0, 132456, CURRENT, 132456, CURRENT);
INSERT INTO phase_dependency (dependency_phase_id, dependent_phase_id, dependency_start, dependent_start, lag_time, create_user, create_date, modify_user, modify_date) VALUES (100303, 100304, 1, 1, 0, 132456, CURRENT, 132456, CURRENT);
INSERT INTO phase_dependency (dependency_phase_id, dependent_phase_id, dependency_start, dependent_start, lag_time, create_user, create_date, modify_user, modify_date) VALUES (100304, 100305, 0, 1, 0, 132456, CURRENT, 132456, CURRENT);
INSERT INTO phase_dependency (dependency_phase_id, dependent_phase_id, dependency_start, dependent_start, lag_time, create_user, create_date, modify_user, modify_date) VALUES (100305, 100306, 0, 1, 0, 132456, CURRENT, 132456, CURRENT);
INSERT INTO phase_dependency (dependency_phase_id, dependent_phase_id, dependency_start, dependent_start, lag_time, create_user, create_date, modify_user, modify_date) VALUES (100306, 100307, 0, 1, 0, 132456, CURRENT, 132456, CURRENT);
INSERT INTO phase_dependency (dependency_phase_id, dependent_phase_id, dependency_start, dependent_start, lag_time, create_user, create_date, modify_user, modify_date) VALUES (100307, 100308, 0, 1, 0, 132456, CURRENT, 132456, CURRENT);
INSERT INTO phase_dependency (dependency_phase_id, dependent_phase_id, dependency_start, dependent_start, lag_time, create_user, create_date, modify_user, modify_date) VALUES (100308, 100309, 0, 1, 0, 132456, CURRENT, 132456, CURRENT);
INSERT INTO phase_dependency (dependency_phase_id, dependent_phase_id, dependency_start, dependent_start, lag_time, create_user, create_date, modify_user, modify_date) VALUES (100309, 100310, 0, 1, 0, 132456, CURRENT, 132456, CURRENT);
INSERT INTO phase_dependency (dependency_phase_id, dependent_phase_id, dependency_start, dependent_start, lag_time, create_user, create_date, modify_user, modify_date) VALUES (100310, 100311, 0, 1, 0, 132456, CURRENT, 132456, CURRENT);
INSERT INTO phase_dependency (dependency_phase_id, dependent_phase_id, dependency_start, dependent_start, lag_time, create_user, create_date, modify_user, modify_date) VALUES (100311, 100312, 0, 1, 0, 132456, CURRENT, 132456, CURRENT);
INSERT INTO phase_criteria (project_phase_id, phase_criteria_type_id, parameter, create_user, create_date, modify_user, modify_date) VALUES (100302, 6, '1', 132456, CURRENT, 132456, CURRENT);
INSERT INTO phase_criteria (project_phase_id, phase_criteria_type_id, parameter, create_user, create_date, modify_user, modify_date) VALUES (100302, 1, '30000722', 132456, CURRENT, 132456, CURRENT);
INSERT INTO phase_criteria (project_phase_id, phase_criteria_type_id, parameter, create_user, create_date, modify_user, modify_date) VALUES (100303, 2, '0', 132456, CURRENT, 132456, CURRENT);
INSERT INTO phase_criteria (project_phase_id, phase_criteria_type_id, parameter, create_user, create_date, modify_user, modify_date) VALUES (100303, 5, 'No', 132456, CURRENT, 132456, CURRENT);
INSERT INTO phase_criteria (project_phase_id, phase_criteria_type_id, parameter, create_user, create_date, modify_user, modify_date) VALUES (100304, 3, '0', 132456, CURRENT, 132456, CURRENT);
INSERT INTO phase_criteria (project_phase_id, phase_criteria_type_id, parameter, create_user, create_date, modify_user, modify_date) VALUES (100304, 5, 'Yes', 132456, CURRENT, 132456, CURRENT);
INSERT INTO phase_criteria (project_phase_id, phase_criteria_type_id, parameter, create_user, create_date, modify_user, modify_date) VALUES (100305, 1, '30000412', 132456, CURRENT, 132456, CURRENT);
INSERT INTO phase_criteria (project_phase_id, phase_criteria_type_id, parameter, create_user, create_date, modify_user, modify_date) VALUES (100305, 5, 'No', 132456, CURRENT, 132456, CURRENT);
INSERT INTO phase_criteria (project_phase_id, phase_criteria_type_id, parameter, create_user, create_date, modify_user, modify_date) VALUES (100306, 6, '3', 132456, CURRENT, 132456, CURRENT);
INSERT INTO phase_criteria (project_phase_id, phase_criteria_type_id, parameter, create_user, create_date, modify_user, modify_date) VALUES (100306, 1, '30000413', 132456, CURRENT, 132456, CURRENT);
INSERT INTO phase_criteria (project_phase_id, phase_criteria_type_id, parameter, create_user, create_date, modify_user, modify_date) VALUES (100306, 5, 'No', 132456, CURRENT, 132456, CURRENT);
INSERT INTO phase_criteria (project_phase_id, phase_criteria_type_id, parameter, create_user, create_date, modify_user, modify_date) VALUES (100307, 4, 'No', 132456, CURRENT, 132456, CURRENT);
INSERT INTO phase_criteria (project_phase_id, phase_criteria_type_id, parameter, create_user, create_date, modify_user, modify_date) VALUES (100307, 5, 'No', 132456, CURRENT, 132456, CURRENT);
INSERT INTO phase_criteria (project_phase_id, phase_criteria_type_id, parameter, create_user, create_date, modify_user, modify_date) VALUES (100308, 5, 'No', 132456, CURRENT, 132456, CURRENT);
INSERT INTO phase_criteria (project_phase_id, phase_criteria_type_id, parameter, create_user, create_date, modify_user, modify_date) VALUES (100309, 5, 'No', 132456, CURRENT, 132456, CURRENT);
INSERT INTO phase_criteria (project_phase_id, phase_criteria_type_id, parameter, create_user, create_date, modify_user, modify_date) VALUES (100310, 5, 'No', 132456, CURRENT, 132456, CURRENT);
INSERT INTO phase_criteria (project_phase_id, phase_criteria_type_id, parameter, create_user, create_date, modify_user, modify_date) VALUES (100311, 5, 'No', 132456, CURRENT, 132456, CURRENT);
INSERT INTO phase_criteria (project_phase_id, phase_criteria_type_id, parameter, create_user, create_date, modify_user, modify_date) VALUES (100312, 6, '1', 132456, CURRENT, 132456, CURRENT);
INSERT INTO phase_criteria (project_phase_id, phase_criteria_type_id, parameter, create_user, create_date, modify_user, modify_date) VALUES (100312, 1, '30000720', 132456, CURRENT, 132456, CURRENT);
INSERT INTO review_auction (review_auction_id, project_id, review_auction_type_id) VALUES (110026, 100026, 3);
INSERT INTO review_auction (review_auction_id, project_id, review_auction_type_id) VALUES (100026, 100026, 2);
INSERT INTO project (project_id, project_status_id, project_category_id, create_user, create_date, modify_user, modify_date, tc_direct_project_id, project_studio_spec_id) VALUES (100027, 1, 14, 132456, CURRENT, 132456, CURRENT, 100001, NULL);
INSERT INTO project_phase (project_phase_id, project_id, phase_type_id, phase_status_id, fixed_start_time, scheduled_start_time, scheduled_end_time, actual_start_time, actual_end_time, duration, create_user, create_date, modify_user, modify_date) VALUES (100313, 100027, 13, 3, CURRENT + -15240 UNITS MINUTE, CURRENT + -15240 UNITS MINUTE, CURRENT + -12360 UNITS MINUTE, CURRENT + -15240 UNITS MINUTE, CURRENT + -12360 UNITS MINUTE, 172800000, 132456, CURRENT, 132456, CURRENT);
INSERT INTO project_phase (project_phase_id, project_id, phase_type_id, phase_status_id, fixed_start_time, scheduled_start_time, scheduled_end_time, actual_start_time, actual_end_time, duration, create_user, create_date, modify_user, modify_date) VALUES (100314, 100027, 14, 3, null, CURRENT + -12360 UNITS MINUTE, CURRENT + -12240 UNITS MINUTE, CURRENT + -12360 UNITS MINUTE, CURRENT + -12240 UNITS MINUTE, 7200000, 132456, CURRENT, 132456, CURRENT);
INSERT INTO project_phase (project_phase_id, project_id, phase_type_id, phase_status_id, fixed_start_time, scheduled_start_time, scheduled_end_time, actual_start_time, actual_end_time, duration, create_user, create_date, modify_user, modify_date) VALUES (100315, 100027, 1, 3, CURRENT + -12240 UNITS MINUTE, CURRENT + -12240 UNITS MINUTE, CURRENT + -9360 UNITS MINUTE, CURRENT + -12240 UNITS MINUTE, CURRENT + -9360 UNITS MINUTE, 172800000, 132456, CURRENT, 132456, CURRENT);
INSERT INTO project_phase (project_phase_id, project_id, phase_type_id, phase_status_id, fixed_start_time, scheduled_start_time, scheduled_end_time, actual_start_time, actual_end_time, duration, create_user, create_date, modify_user, modify_date) VALUES (100316, 100027, 2, 3, null, CURRENT + -12240 UNITS MINUTE, CURRENT + -5040 UNITS MINUTE, CURRENT + -12240 UNITS MINUTE, CURRENT + -5040 UNITS MINUTE, 432000000, 132456, CURRENT, 132456, CURRENT);
INSERT INTO project_phase (project_phase_id, project_id, phase_type_id, phase_status_id, fixed_start_time, scheduled_start_time, scheduled_end_time, actual_start_time, actual_end_time, duration, create_user, create_date, modify_user, modify_date) VALUES (100317, 100027, 3, 3, null, CURRENT + -5040 UNITS MINUTE, CURRENT + -4320 UNITS MINUTE, CURRENT + -5040 UNITS MINUTE, CURRENT + -4320 UNITS MINUTE, 43200000, 132456, CURRENT, 132456, CURRENT);
INSERT INTO project_phase (project_phase_id, project_id, phase_type_id, phase_status_id, fixed_start_time, scheduled_start_time, scheduled_end_time, actual_start_time, actual_end_time, duration, create_user, create_date, modify_user, modify_date) VALUES (100318, 100027, 4, 2, null, CURRENT + -4320 UNITS MINUTE, CURRENT + -1440 UNITS MINUTE, CURRENT + -4320 UNITS MINUTE, null, 172800000, 132456, CURRENT, 132456, CURRENT);
INSERT INTO project_phase (project_phase_id, project_id, phase_type_id, phase_status_id, fixed_start_time, scheduled_start_time, scheduled_end_time, actual_start_time, actual_end_time, duration, create_user, create_date, modify_user, modify_date) VALUES (100319, 100027, 5, 1, null, CURRENT + -1440 UNITS MINUTE, CURRENT + 0 UNITS MINUTE, null, null, 86400000, 132456, CURRENT, 132456, CURRENT);
INSERT INTO project_phase (project_phase_id, project_id, phase_type_id, phase_status_id, fixed_start_time, scheduled_start_time, scheduled_end_time, actual_start_time, actual_end_time, duration, create_user, create_date, modify_user, modify_date) VALUES (100320, 100027, 6, 1, null, CURRENT + 0 UNITS MINUTE, CURRENT + 720 UNITS MINUTE, null, null, 43200000, 132456, CURRENT, 132456, CURRENT);
INSERT INTO project_phase (project_phase_id, project_id, phase_type_id, phase_status_id, fixed_start_time, scheduled_start_time, scheduled_end_time, actual_start_time, actual_end_time, duration, create_user, create_date, modify_user, modify_date) VALUES (100321, 100027, 7, 1, null, CURRENT + 720 UNITS MINUTE, CURRENT + 1440 UNITS MINUTE, null, null, 43200000, 132456, CURRENT, 132456, CURRENT);
INSERT INTO project_phase (project_phase_id, project_id, phase_type_id, phase_status_id, fixed_start_time, scheduled_start_time, scheduled_end_time, actual_start_time, actual_end_time, duration, create_user, create_date, modify_user, modify_date) VALUES (100322, 100027, 9, 1, null, CURRENT + 1440 UNITS MINUTE, CURRENT + 2880 UNITS MINUTE, null, null, 86400000, 132456, CURRENT, 132456, CURRENT);
INSERT INTO project_phase (project_phase_id, project_id, phase_type_id, phase_status_id, fixed_start_time, scheduled_start_time, scheduled_end_time, actual_start_time, actual_end_time, duration, create_user, create_date, modify_user, modify_date) VALUES (100323, 100027, 10, 1, null, CURRENT + 2880 UNITS MINUTE, CURRENT + 3600 UNITS MINUTE, null, null, 43200000, 132456, CURRENT, 132456, CURRENT);
INSERT INTO project_phase (project_phase_id, project_id, phase_type_id, phase_status_id, fixed_start_time, scheduled_start_time, scheduled_end_time, actual_start_time, actual_end_time, duration, create_user, create_date, modify_user, modify_date) VALUES (100324, 100027, 11, 1, null, CURRENT + 3600 UNITS MINUTE, CURRENT + 10800 UNITS MINUTE, null, null, 432000000, 132456, CURRENT, 132456, CURRENT);
INSERT INTO phase_dependency (dependency_phase_id, dependent_phase_id, dependency_start, dependent_start, lag_time, create_user, create_date, modify_user, modify_date) VALUES (100313, 100314, 0, 1, 0, 132456, CURRENT, 132456, CURRENT);
INSERT INTO phase_dependency (dependency_phase_id, dependent_phase_id, dependency_start, dependent_start, lag_time, create_user, create_date, modify_user, modify_date) VALUES (100314, 100315, 0, 1, 0, 132456, CURRENT, 132456, CURRENT);
INSERT INTO phase_dependency (dependency_phase_id, dependent_phase_id, dependency_start, dependent_start, lag_time, create_user, create_date, modify_user, modify_date) VALUES (100315, 100316, 1, 1, 0, 132456, CURRENT, 132456, CURRENT);
INSERT INTO phase_dependency (dependency_phase_id, dependent_phase_id, dependency_start, dependent_start, lag_time, create_user, create_date, modify_user, modify_date) VALUES (100316, 100317, 0, 1, 0, 132456, CURRENT, 132456, CURRENT);
INSERT INTO phase_dependency (dependency_phase_id, dependent_phase_id, dependency_start, dependent_start, lag_time, create_user, create_date, modify_user, modify_date) VALUES (100317, 100318, 0, 1, 0, 132456, CURRENT, 132456, CURRENT);
INSERT INTO phase_dependency (dependency_phase_id, dependent_phase_id, dependency_start, dependent_start, lag_time, create_user, create_date, modify_user, modify_date) VALUES (100318, 100319, 0, 1, 0, 132456, CURRENT, 132456, CURRENT);
INSERT INTO phase_dependency (dependency_phase_id, dependent_phase_id, dependency_start, dependent_start, lag_time, create_user, create_date, modify_user, modify_date) VALUES (100319, 100320, 0, 1, 0, 132456, CURRENT, 132456, CURRENT);
INSERT INTO phase_dependency (dependency_phase_id, dependent_phase_id, dependency_start, dependent_start, lag_time, create_user, create_date, modify_user, modify_date) VALUES (100320, 100321, 0, 1, 0, 132456, CURRENT, 132456, CURRENT);
INSERT INTO phase_dependency (dependency_phase_id, dependent_phase_id, dependency_start, dependent_start, lag_time, create_user, create_date, modify_user, modify_date) VALUES (100321, 100322, 0, 1, 0, 132456, CURRENT, 132456, CURRENT);
INSERT INTO phase_dependency (dependency_phase_id, dependent_phase_id, dependency_start, dependent_start, lag_time, create_user, create_date, modify_user, modify_date) VALUES (100322, 100323, 0, 1, 0, 132456, CURRENT, 132456, CURRENT);
INSERT INTO phase_dependency (dependency_phase_id, dependent_phase_id, dependency_start, dependent_start, lag_time, create_user, create_date, modify_user, modify_date) VALUES (100323, 100324, 0, 1, 0, 132456, CURRENT, 132456, CURRENT);
INSERT INTO phase_criteria (project_phase_id, phase_criteria_type_id, parameter, create_user, create_date, modify_user, modify_date) VALUES (100314, 6, '1', 132456, CURRENT, 132456, CURRENT);
INSERT INTO phase_criteria (project_phase_id, phase_criteria_type_id, parameter, create_user, create_date, modify_user, modify_date) VALUES (100314, 1, '30000722', 132456, CURRENT, 132456, CURRENT);
INSERT INTO phase_criteria (project_phase_id, phase_criteria_type_id, parameter, create_user, create_date, modify_user, modify_date) VALUES (100315, 2, '0', 132456, CURRENT, 132456, CURRENT);
INSERT INTO phase_criteria (project_phase_id, phase_criteria_type_id, parameter, create_user, create_date, modify_user, modify_date) VALUES (100315, 5, 'No', 132456, CURRENT, 132456, CURRENT);
INSERT INTO phase_criteria (project_phase_id, phase_criteria_type_id, parameter, create_user, create_date, modify_user, modify_date) VALUES (100316, 3, '0', 132456, CURRENT, 132456, CURRENT);
INSERT INTO phase_criteria (project_phase_id, phase_criteria_type_id, parameter, create_user, create_date, modify_user, modify_date) VALUES (100316, 5, 'Yes', 132456, CURRENT, 132456, CURRENT);
INSERT INTO phase_criteria (project_phase_id, phase_criteria_type_id, parameter, create_user, create_date, modify_user, modify_date) VALUES (100317, 1, '30000410', 132456, CURRENT, 132456, CURRENT);
INSERT INTO phase_criteria (project_phase_id, phase_criteria_type_id, parameter, create_user, create_date, modify_user, modify_date) VALUES (100317, 5, 'No', 132456, CURRENT, 132456, CURRENT);
INSERT INTO phase_criteria (project_phase_id, phase_criteria_type_id, parameter, create_user, create_date, modify_user, modify_date) VALUES (100318, 6, '3', 132456, CURRENT, 132456, CURRENT);
INSERT INTO phase_criteria (project_phase_id, phase_criteria_type_id, parameter, create_user, create_date, modify_user, modify_date) VALUES (100318, 1, '30000411', 132456, CURRENT, 132456, CURRENT);
INSERT INTO phase_criteria (project_phase_id, phase_criteria_type_id, parameter, create_user, create_date, modify_user, modify_date) VALUES (100318, 5, 'No', 132456, CURRENT, 132456, CURRENT);
INSERT INTO phase_criteria (project_phase_id, phase_criteria_type_id, parameter, create_user, create_date, modify_user, modify_date) VALUES (100319, 4, 'No', 132456, CURRENT, 132456, CURRENT);
INSERT INTO phase_criteria (project_phase_id, phase_criteria_type_id, parameter, create_user, create_date, modify_user, modify_date) VALUES (100319, 5, 'No', 132456, CURRENT, 132456, CURRENT);
INSERT INTO phase_criteria (project_phase_id, phase_criteria_type_id, parameter, create_user, create_date, modify_user, modify_date) VALUES (100320, 5, 'No', 132456, CURRENT, 132456, CURRENT);
INSERT INTO phase_criteria (project_phase_id, phase_criteria_type_id, parameter, create_user, create_date, modify_user, modify_date) VALUES (100321, 5, 'No', 132456, CURRENT, 132456, CURRENT);
INSERT INTO phase_criteria (project_phase_id, phase_criteria_type_id, parameter, create_user, create_date, modify_user, modify_date) VALUES (100322, 5, 'No', 132456, CURRENT, 132456, CURRENT);
INSERT INTO phase_criteria (project_phase_id, phase_criteria_type_id, parameter, create_user, create_date, modify_user, modify_date) VALUES (100323, 5, 'No', 132456, CURRENT, 132456, CURRENT);
INSERT INTO phase_criteria (project_phase_id, phase_criteria_type_id, parameter, create_user, create_date, modify_user, modify_date) VALUES (100324, 6, '1', 132456, CURRENT, 132456, CURRENT);
INSERT INTO phase_criteria (project_phase_id, phase_criteria_type_id, parameter, create_user, create_date, modify_user, modify_date) VALUES (100324, 1, '30000720', 132456, CURRENT, 132456, CURRENT);
INSERT INTO review_auction (review_auction_id, project_id, review_auction_type_id) VALUES (110027, 100027, 3);
INSERT INTO review_auction (review_auction_id, project_id, review_auction_type_id) VALUES (100027, 100027, 1);
INSERT INTO project (project_id, project_status_id, project_category_id, create_user, create_date, modify_user, modify_date, tc_direct_project_id, project_studio_spec_id) VALUES (100028, 1, 14, 132456, CURRENT, 132456, CURRENT, 100001, NULL);
INSERT INTO project_phase (project_phase_id, project_id, phase_type_id, phase_status_id, fixed_start_time, scheduled_start_time, scheduled_end_time, actual_start_time, actual_end_time, duration, create_user, create_date, modify_user, modify_date) VALUES (100325, 100028, 13, 3, CURRENT + -9480 UNITS MINUTE, CURRENT + -9480 UNITS MINUTE, CURRENT + -6600 UNITS MINUTE, CURRENT + -9480 UNITS MINUTE, CURRENT + -6600 UNITS MINUTE, 172800000, 132456, CURRENT, 132456, CURRENT);
INSERT INTO project_phase (project_phase_id, project_id, phase_type_id, phase_status_id, fixed_start_time, scheduled_start_time, scheduled_end_time, actual_start_time, actual_end_time, duration, create_user, create_date, modify_user, modify_date) VALUES (100326, 100028, 14, 3, null, CURRENT + -6600 UNITS MINUTE, CURRENT + -6480 UNITS MINUTE, CURRENT + -6600 UNITS MINUTE, CURRENT + -6480 UNITS MINUTE, 7200000, 132456, CURRENT, 132456, CURRENT);
INSERT INTO project_phase (project_phase_id, project_id, phase_type_id, phase_status_id, fixed_start_time, scheduled_start_time, scheduled_end_time, actual_start_time, actual_end_time, duration, create_user, create_date, modify_user, modify_date) VALUES (100327, 100028, 1, 3, CURRENT + -6480 UNITS MINUTE, CURRENT + -6480 UNITS MINUTE, CURRENT + -3600 UNITS MINUTE, CURRENT + -6480 UNITS MINUTE, CURRENT + -3600 UNITS MINUTE, 172800000, 132456, CURRENT, 132456, CURRENT);
INSERT INTO project_phase (project_phase_id, project_id, phase_type_id, phase_status_id, fixed_start_time, scheduled_start_time, scheduled_end_time, actual_start_time, actual_end_time, duration, create_user, create_date, modify_user, modify_date) VALUES (100328, 100028, 2, 2, null, CURRENT + -6480 UNITS MINUTE, CURRENT + 720 UNITS MINUTE, CURRENT + -6480 UNITS MINUTE, null, 432000000, 132456, CURRENT, 132456, CURRENT);
INSERT INTO project_phase (project_phase_id, project_id, phase_type_id, phase_status_id, fixed_start_time, scheduled_start_time, scheduled_end_time, actual_start_time, actual_end_time, duration, create_user, create_date, modify_user, modify_date) VALUES (100329, 100028, 3, 1, null, CURRENT + 720 UNITS MINUTE, CURRENT + 1440 UNITS MINUTE, null, null, 43200000, 132456, CURRENT, 132456, CURRENT);
INSERT INTO project_phase (project_phase_id, project_id, phase_type_id, phase_status_id, fixed_start_time, scheduled_start_time, scheduled_end_time, actual_start_time, actual_end_time, duration, create_user, create_date, modify_user, modify_date) VALUES (100330, 100028, 4, 1, null, CURRENT + 1440 UNITS MINUTE, CURRENT + 4320 UNITS MINUTE, null, null, 172800000, 132456, CURRENT, 132456, CURRENT);
INSERT INTO project_phase (project_phase_id, project_id, phase_type_id, phase_status_id, fixed_start_time, scheduled_start_time, scheduled_end_time, actual_start_time, actual_end_time, duration, create_user, create_date, modify_user, modify_date) VALUES (100331, 100028, 5, 1, null, CURRENT + 4320 UNITS MINUTE, CURRENT + 5760 UNITS MINUTE, null, null, 86400000, 132456, CURRENT, 132456, CURRENT);
INSERT INTO project_phase (project_phase_id, project_id, phase_type_id, phase_status_id, fixed_start_time, scheduled_start_time, scheduled_end_time, actual_start_time, actual_end_time, duration, create_user, create_date, modify_user, modify_date) VALUES (100332, 100028, 6, 1, null, CURRENT + 5760 UNITS MINUTE, CURRENT + 6480 UNITS MINUTE, null, null, 43200000, 132456, CURRENT, 132456, CURRENT);
INSERT INTO project_phase (project_phase_id, project_id, phase_type_id, phase_status_id, fixed_start_time, scheduled_start_time, scheduled_end_time, actual_start_time, actual_end_time, duration, create_user, create_date, modify_user, modify_date) VALUES (100333, 100028, 7, 1, null, CURRENT + 6480 UNITS MINUTE, CURRENT + 7200 UNITS MINUTE, null, null, 43200000, 132456, CURRENT, 132456, CURRENT);
INSERT INTO project_phase (project_phase_id, project_id, phase_type_id, phase_status_id, fixed_start_time, scheduled_start_time, scheduled_end_time, actual_start_time, actual_end_time, duration, create_user, create_date, modify_user, modify_date) VALUES (100334, 100028, 9, 1, null, CURRENT + 7200 UNITS MINUTE, CURRENT + 8640 UNITS MINUTE, null, null, 86400000, 132456, CURRENT, 132456, CURRENT);
INSERT INTO project_phase (project_phase_id, project_id, phase_type_id, phase_status_id, fixed_start_time, scheduled_start_time, scheduled_end_time, actual_start_time, actual_end_time, duration, create_user, create_date, modify_user, modify_date) VALUES (100335, 100028, 10, 1, null, CURRENT + 8640 UNITS MINUTE, CURRENT + 9360 UNITS MINUTE, null, null, 43200000, 132456, CURRENT, 132456, CURRENT);
INSERT INTO project_phase (project_phase_id, project_id, phase_type_id, phase_status_id, fixed_start_time, scheduled_start_time, scheduled_end_time, actual_start_time, actual_end_time, duration, create_user, create_date, modify_user, modify_date) VALUES (100336, 100028, 11, 1, null, CURRENT + 9360 UNITS MINUTE, CURRENT + 16560 UNITS MINUTE, null, null, 432000000, 132456, CURRENT, 132456, CURRENT);
INSERT INTO phase_dependency (dependency_phase_id, dependent_phase_id, dependency_start, dependent_start, lag_time, create_user, create_date, modify_user, modify_date) VALUES (100325, 100326, 0, 1, 0, 132456, CURRENT, 132456, CURRENT);
INSERT INTO phase_dependency (dependency_phase_id, dependent_phase_id, dependency_start, dependent_start, lag_time, create_user, create_date, modify_user, modify_date) VALUES (100326, 100327, 0, 1, 0, 132456, CURRENT, 132456, CURRENT);
INSERT INTO phase_dependency (dependency_phase_id, dependent_phase_id, dependency_start, dependent_start, lag_time, create_user, create_date, modify_user, modify_date) VALUES (100327, 100328, 1, 1, 0, 132456, CURRENT, 132456, CURRENT);
INSERT INTO phase_dependency (dependency_phase_id, dependent_phase_id, dependency_start, dependent_start, lag_time, create_user, create_date, modify_user, modify_date) VALUES (100328, 100329, 0, 1, 0, 132456, CURRENT, 132456, CURRENT);
INSERT INTO phase_dependency (dependency_phase_id, dependent_phase_id, dependency_start, dependent_start, lag_time, create_user, create_date, modify_user, modify_date) VALUES (100329, 100330, 0, 1, 0, 132456, CURRENT, 132456, CURRENT);
INSERT INTO phase_dependency (dependency_phase_id, dependent_phase_id, dependency_start, dependent_start, lag_time, create_user, create_date, modify_user, modify_date) VALUES (100330, 100331, 0, 1, 0, 132456, CURRENT, 132456, CURRENT);
INSERT INTO phase_dependency (dependency_phase_id, dependent_phase_id, dependency_start, dependent_start, lag_time, create_user, create_date, modify_user, modify_date) VALUES (100331, 100332, 0, 1, 0, 132456, CURRENT, 132456, CURRENT);
INSERT INTO phase_dependency (dependency_phase_id, dependent_phase_id, dependency_start, dependent_start, lag_time, create_user, create_date, modify_user, modify_date) VALUES (100332, 100333, 0, 1, 0, 132456, CURRENT, 132456, CURRENT);
INSERT INTO phase_dependency (dependency_phase_id, dependent_phase_id, dependency_start, dependent_start, lag_time, create_user, create_date, modify_user, modify_date) VALUES (100333, 100334, 0, 1, 0, 132456, CURRENT, 132456, CURRENT);
INSERT INTO phase_dependency (dependency_phase_id, dependent_phase_id, dependency_start, dependent_start, lag_time, create_user, create_date, modify_user, modify_date) VALUES (100334, 100335, 0, 1, 0, 132456, CURRENT, 132456, CURRENT);
INSERT INTO phase_dependency (dependency_phase_id, dependent_phase_id, dependency_start, dependent_start, lag_time, create_user, create_date, modify_user, modify_date) VALUES (100335, 100336, 0, 1, 0, 132456, CURRENT, 132456, CURRENT);
INSERT INTO phase_criteria (project_phase_id, phase_criteria_type_id, parameter, create_user, create_date, modify_user, modify_date) VALUES (100326, 6, '1', 132456, CURRENT, 132456, CURRENT);
INSERT INTO phase_criteria (project_phase_id, phase_criteria_type_id, parameter, create_user, create_date, modify_user, modify_date) VALUES (100326, 1, '30000722', 132456, CURRENT, 132456, CURRENT);
INSERT INTO phase_criteria (project_phase_id, phase_criteria_type_id, parameter, create_user, create_date, modify_user, modify_date) VALUES (100327, 2, '0', 132456, CURRENT, 132456, CURRENT);
INSERT INTO phase_criteria (project_phase_id, phase_criteria_type_id, parameter, create_user, create_date, modify_user, modify_date) VALUES (100327, 5, 'No', 132456, CURRENT, 132456, CURRENT);
INSERT INTO phase_criteria (project_phase_id, phase_criteria_type_id, parameter, create_user, create_date, modify_user, modify_date) VALUES (100328, 3, '0', 132456, CURRENT, 132456, CURRENT);
INSERT INTO phase_criteria (project_phase_id, phase_criteria_type_id, parameter, create_user, create_date, modify_user, modify_date) VALUES (100328, 5, 'Yes', 132456, CURRENT, 132456, CURRENT);
INSERT INTO phase_criteria (project_phase_id, phase_criteria_type_id, parameter, create_user, create_date, modify_user, modify_date) VALUES (100329, 1, '30000410', 132456, CURRENT, 132456, CURRENT);
INSERT INTO phase_criteria (project_phase_id, phase_criteria_type_id, parameter, create_user, create_date, modify_user, modify_date) VALUES (100329, 5, 'No', 132456, CURRENT, 132456, CURRENT);
INSERT INTO phase_criteria (project_phase_id, phase_criteria_type_id, parameter, create_user, create_date, modify_user, modify_date) VALUES (100330, 6, '3', 132456, CURRENT, 132456, CURRENT);
INSERT INTO phase_criteria (project_phase_id, phase_criteria_type_id, parameter, create_user, create_date, modify_user, modify_date) VALUES (100330, 1, '30000411', 132456, CURRENT, 132456, CURRENT);
INSERT INTO phase_criteria (project_phase_id, phase_criteria_type_id, parameter, create_user, create_date, modify_user, modify_date) VALUES (100330, 5, 'No', 132456, CURRENT, 132456, CURRENT);
INSERT INTO phase_criteria (project_phase_id, phase_criteria_type_id, parameter, create_user, create_date, modify_user, modify_date) VALUES (100331, 4, 'No', 132456, CURRENT, 132456, CURRENT);
INSERT INTO phase_criteria (project_phase_id, phase_criteria_type_id, parameter, create_user, create_date, modify_user, modify_date) VALUES (100331, 5, 'No', 132456, CURRENT, 132456, CURRENT);
INSERT INTO phase_criteria (project_phase_id, phase_criteria_type_id, parameter, create_user, create_date, modify_user, modify_date) VALUES (100332, 5, 'No', 132456, CURRENT, 132456, CURRENT);
INSERT INTO phase_criteria (project_phase_id, phase_criteria_type_id, parameter, create_user, create_date, modify_user, modify_date) VALUES (100333, 5, 'No', 132456, CURRENT, 132456, CURRENT);
INSERT INTO phase_criteria (project_phase_id, phase_criteria_type_id, parameter, create_user, create_date, modify_user, modify_date) VALUES (100334, 5, 'No', 132456, CURRENT, 132456, CURRENT);
INSERT INTO phase_criteria (project_phase_id, phase_criteria_type_id, parameter, create_user, create_date, modify_user, modify_date) VALUES (100335, 5, 'No', 132456, CURRENT, 132456, CURRENT);
INSERT INTO phase_criteria (project_phase_id, phase_criteria_type_id, parameter, create_user, create_date, modify_user, modify_date) VALUES (100336, 6, '1', 132456, CURRENT, 132456, CURRENT);
INSERT INTO phase_criteria (project_phase_id, phase_criteria_type_id, parameter, create_user, create_date, modify_user, modify_date) VALUES (100336, 1, '30000720', 132456, CURRENT, 132456, CURRENT);
INSERT INTO review_auction (review_auction_id, project_id, review_auction_type_id) VALUES (110028, 100028, 3);
INSERT INTO review_auction (review_auction_id, project_id, review_auction_type_id) VALUES (100028, 100028, 1);
INSERT INTO project (project_id, project_status_id, project_category_id, create_user, create_date, modify_user, modify_date, tc_direct_project_id, project_studio_spec_id) VALUES (100029, 1, 2, 132456, CURRENT, 132456, CURRENT, 100001, NULL);
INSERT INTO project_phase (project_phase_id, project_id, phase_type_id, phase_status_id, fixed_start_time, scheduled_start_time, scheduled_end_time, actual_start_time, actual_end_time, duration, create_user, create_date, modify_user, modify_date) VALUES (100337, 100029, 13, 3, CURRENT + -2940 UNITS MINUTE, CURRENT + -2940 UNITS MINUTE, CURRENT + -60 UNITS MINUTE, CURRENT + -2940 UNITS MINUTE, CURRENT + -60 UNITS MINUTE, 172800000, 132456, CURRENT, 132456, CURRENT);
INSERT INTO project_phase (project_phase_id, project_id, phase_type_id, phase_status_id, fixed_start_time, scheduled_start_time, scheduled_end_time, actual_start_time, actual_end_time, duration, create_user, create_date, modify_user, modify_date) VALUES (100338, 100029, 14, 2, null, CURRENT + -60 UNITS MINUTE, CURRENT + 60 UNITS MINUTE, CURRENT + -60 UNITS MINUTE, null, 7200000, 132456, CURRENT, 132456, CURRENT);
INSERT INTO project_phase (project_phase_id, project_id, phase_type_id, phase_status_id, fixed_start_time, scheduled_start_time, scheduled_end_time, actual_start_time, actual_end_time, duration, create_user, create_date, modify_user, modify_date) VALUES (100339, 100029, 1, 1, CURRENT + 60 UNITS MINUTE, CURRENT + 60 UNITS MINUTE, CURRENT + 2940 UNITS MINUTE, null, null, 172800000, 132456, CURRENT, 132456, CURRENT);
INSERT INTO project_phase (project_phase_id, project_id, phase_type_id, phase_status_id, fixed_start_time, scheduled_start_time, scheduled_end_time, actual_start_time, actual_end_time, duration, create_user, create_date, modify_user, modify_date) VALUES (100340, 100029, 2, 1, null, CURRENT + 60 UNITS MINUTE, CURRENT + 5820 UNITS MINUTE, null, null, 345600000, 132456, CURRENT, 132456, CURRENT);
INSERT INTO project_phase (project_phase_id, project_id, phase_type_id, phase_status_id, fixed_start_time, scheduled_start_time, scheduled_end_time, actual_start_time, actual_end_time, duration, create_user, create_date, modify_user, modify_date) VALUES (100341, 100029, 3, 1, null, CURRENT + 5820 UNITS MINUTE, CURRENT + 6540 UNITS MINUTE, null, null, 43200000, 132456, CURRENT, 132456, CURRENT);
INSERT INTO project_phase (project_phase_id, project_id, phase_type_id, phase_status_id, fixed_start_time, scheduled_start_time, scheduled_end_time, actual_start_time, actual_end_time, duration, create_user, create_date, modify_user, modify_date) VALUES (100342, 100029, 4, 1, null, CURRENT + 6540 UNITS MINUTE, CURRENT + 9420 UNITS MINUTE, null, null, 172800000, 132456, CURRENT, 132456, CURRENT);
INSERT INTO project_phase (project_phase_id, project_id, phase_type_id, phase_status_id, fixed_start_time, scheduled_start_time, scheduled_end_time, actual_start_time, actual_end_time, duration, create_user, create_date, modify_user, modify_date) VALUES (100343, 100029, 5, 1, null, CURRENT + 9420 UNITS MINUTE, CURRENT + 10860 UNITS MINUTE, null, null, 86400000, 132456, CURRENT, 132456, CURRENT);
INSERT INTO project_phase (project_phase_id, project_id, phase_type_id, phase_status_id, fixed_start_time, scheduled_start_time, scheduled_end_time, actual_start_time, actual_end_time, duration, create_user, create_date, modify_user, modify_date) VALUES (100344, 100029, 6, 1, null, CURRENT + 10860 UNITS MINUTE, CURRENT + 11580 UNITS MINUTE, null, null, 43200000, 132456, CURRENT, 132456, CURRENT);
INSERT INTO project_phase (project_phase_id, project_id, phase_type_id, phase_status_id, fixed_start_time, scheduled_start_time, scheduled_end_time, actual_start_time, actual_end_time, duration, create_user, create_date, modify_user, modify_date) VALUES (100345, 100029, 7, 1, null, CURRENT + 11580 UNITS MINUTE, CURRENT + 12300 UNITS MINUTE, null, null, 43200000, 132456, CURRENT, 132456, CURRENT);
INSERT INTO project_phase (project_phase_id, project_id, phase_type_id, phase_status_id, fixed_start_time, scheduled_start_time, scheduled_end_time, actual_start_time, actual_end_time, duration, create_user, create_date, modify_user, modify_date) VALUES (100346, 100029, 9, 1, null, CURRENT + 12300 UNITS MINUTE, CURRENT + 13740 UNITS MINUTE, null, null, 86400000, 132456, CURRENT, 132456, CURRENT);
INSERT INTO project_phase (project_phase_id, project_id, phase_type_id, phase_status_id, fixed_start_time, scheduled_start_time, scheduled_end_time, actual_start_time, actual_end_time, duration, create_user, create_date, modify_user, modify_date) VALUES (100347, 100029, 10, 1, null, CURRENT + 13740 UNITS MINUTE, CURRENT + 14460 UNITS MINUTE, null, null, 43200000, 132456, CURRENT, 132456, CURRENT);
INSERT INTO project_phase (project_phase_id, project_id, phase_type_id, phase_status_id, fixed_start_time, scheduled_start_time, scheduled_end_time, actual_start_time, actual_end_time, duration, create_user, create_date, modify_user, modify_date) VALUES (100348, 100029, 11, 1, null, CURRENT + 14460 UNITS MINUTE, CURRENT + 21660 UNITS MINUTE, null, null, 432000000, 132456, CURRENT, 132456, CURRENT);
INSERT INTO phase_dependency (dependency_phase_id, dependent_phase_id, dependency_start, dependent_start, lag_time, create_user, create_date, modify_user, modify_date) VALUES (100337, 100338, 0, 1, 0, 132456, CURRENT, 132456, CURRENT);
INSERT INTO phase_dependency (dependency_phase_id, dependent_phase_id, dependency_start, dependent_start, lag_time, create_user, create_date, modify_user, modify_date) VALUES (100338, 100339, 0, 1, 0, 132456, CURRENT, 132456, CURRENT);
INSERT INTO phase_dependency (dependency_phase_id, dependent_phase_id, dependency_start, dependent_start, lag_time, create_user, create_date, modify_user, modify_date) VALUES (100339, 100340, 1, 1, 0, 132456, CURRENT, 132456, CURRENT);
INSERT INTO phase_dependency (dependency_phase_id, dependent_phase_id, dependency_start, dependent_start, lag_time, create_user, create_date, modify_user, modify_date) VALUES (100340, 100341, 0, 1, 0, 132456, CURRENT, 132456, CURRENT);
INSERT INTO phase_dependency (dependency_phase_id, dependent_phase_id, dependency_start, dependent_start, lag_time, create_user, create_date, modify_user, modify_date) VALUES (100341, 100342, 0, 1, 0, 132456, CURRENT, 132456, CURRENT);
INSERT INTO phase_dependency (dependency_phase_id, dependent_phase_id, dependency_start, dependent_start, lag_time, create_user, create_date, modify_user, modify_date) VALUES (100342, 100343, 0, 1, 0, 132456, CURRENT, 132456, CURRENT);
INSERT INTO phase_dependency (dependency_phase_id, dependent_phase_id, dependency_start, dependent_start, lag_time, create_user, create_date, modify_user, modify_date) VALUES (100343, 100344, 0, 1, 0, 132456, CURRENT, 132456, CURRENT);
INSERT INTO phase_dependency (dependency_phase_id, dependent_phase_id, dependency_start, dependent_start, lag_time, create_user, create_date, modify_user, modify_date) VALUES (100344, 100345, 0, 1, 0, 132456, CURRENT, 132456, CURRENT);
INSERT INTO phase_dependency (dependency_phase_id, dependent_phase_id, dependency_start, dependent_start, lag_time, create_user, create_date, modify_user, modify_date) VALUES (100345, 100346, 0, 1, 0, 132456, CURRENT, 132456, CURRENT);
INSERT INTO phase_dependency (dependency_phase_id, dependent_phase_id, dependency_start, dependent_start, lag_time, create_user, create_date, modify_user, modify_date) VALUES (100346, 100347, 0, 1, 0, 132456, CURRENT, 132456, CURRENT);
INSERT INTO phase_dependency (dependency_phase_id, dependent_phase_id, dependency_start, dependent_start, lag_time, create_user, create_date, modify_user, modify_date) VALUES (100347, 100348, 0, 1, 0, 132456, CURRENT, 132456, CURRENT);
INSERT INTO phase_criteria (project_phase_id, phase_criteria_type_id, parameter, create_user, create_date, modify_user, modify_date) VALUES (100338, 6, '1', 132456, CURRENT, 132456, CURRENT);
INSERT INTO phase_criteria (project_phase_id, phase_criteria_type_id, parameter, create_user, create_date, modify_user, modify_date) VALUES (100338, 1, '30000722', 132456, CURRENT, 132456, CURRENT);
INSERT INTO phase_criteria (project_phase_id, phase_criteria_type_id, parameter, create_user, create_date, modify_user, modify_date) VALUES (100339, 2, '0', 132456, CURRENT, 132456, CURRENT);
INSERT INTO phase_criteria (project_phase_id, phase_criteria_type_id, parameter, create_user, create_date, modify_user, modify_date) VALUES (100339, 5, 'No', 132456, CURRENT, 132456, CURRENT);
INSERT INTO phase_criteria (project_phase_id, phase_criteria_type_id, parameter, create_user, create_date, modify_user, modify_date) VALUES (100340, 3, '0', 132456, CURRENT, 132456, CURRENT);
INSERT INTO phase_criteria (project_phase_id, phase_criteria_type_id, parameter, create_user, create_date, modify_user, modify_date) VALUES (100340, 5, 'Yes', 132456, CURRENT, 132456, CURRENT);
INSERT INTO phase_criteria (project_phase_id, phase_criteria_type_id, parameter, create_user, create_date, modify_user, modify_date) VALUES (100341, 1, '30000412', 132456, CURRENT, 132456, CURRENT);
INSERT INTO phase_criteria (project_phase_id, phase_criteria_type_id, parameter, create_user, create_date, modify_user, modify_date) VALUES (100341, 5, 'No', 132456, CURRENT, 132456, CURRENT);
INSERT INTO phase_criteria (project_phase_id, phase_criteria_type_id, parameter, create_user, create_date, modify_user, modify_date) VALUES (100342, 6, '3', 132456, CURRENT, 132456, CURRENT);
INSERT INTO phase_criteria (project_phase_id, phase_criteria_type_id, parameter, create_user, create_date, modify_user, modify_date) VALUES (100342, 1, '30000413', 132456, CURRENT, 132456, CURRENT);
INSERT INTO phase_criteria (project_phase_id, phase_criteria_type_id, parameter, create_user, create_date, modify_user, modify_date) VALUES (100342, 5, 'No', 132456, CURRENT, 132456, CURRENT);
INSERT INTO phase_criteria (project_phase_id, phase_criteria_type_id, parameter, create_user, create_date, modify_user, modify_date) VALUES (100343, 4, 'No', 132456, CURRENT, 132456, CURRENT);
INSERT INTO phase_criteria (project_phase_id, phase_criteria_type_id, parameter, create_user, create_date, modify_user, modify_date) VALUES (100343, 5, 'No', 132456, CURRENT, 132456, CURRENT);
INSERT INTO phase_criteria (project_phase_id, phase_criteria_type_id, parameter, create_user, create_date, modify_user, modify_date) VALUES (100344, 5, 'No', 132456, CURRENT, 132456, CURRENT);
INSERT INTO phase_criteria (project_phase_id, phase_criteria_type_id, parameter, create_user, create_date, modify_user, modify_date) VALUES (100345, 5, 'No', 132456, CURRENT, 132456, CURRENT);
INSERT INTO phase_criteria (project_phase_id, phase_criteria_type_id, parameter, create_user, create_date, modify_user, modify_date) VALUES (100346, 5, 'No', 132456, CURRENT, 132456, CURRENT);
INSERT INTO phase_criteria (project_phase_id, phase_criteria_type_id, parameter, create_user, create_date, modify_user, modify_date) VALUES (100347, 5, 'No', 132456, CURRENT, 132456, CURRENT);
INSERT INTO phase_criteria (project_phase_id, phase_criteria_type_id, parameter, create_user, create_date, modify_user, modify_date) VALUES (100348, 6, '1', 132456, CURRENT, 132456, CURRENT);
INSERT INTO phase_criteria (project_phase_id, phase_criteria_type_id, parameter, create_user, create_date, modify_user, modify_date) VALUES (100348, 1, '30000720', 132456, CURRENT, 132456, CURRENT);
INSERT INTO review_auction (review_auction_id, project_id, review_auction_type_id) VALUES (110029, 100029, 3);
INSERT INTO review_auction (review_auction_id, project_id, review_auction_type_id) VALUES (100029, 100029, 2);
INSERT INTO project (project_id, project_status_id, project_category_id, create_user, create_date, modify_user, modify_date, tc_direct_project_id, project_studio_spec_id) VALUES (100030, 1, 2, 132456, CURRENT, 132456, CURRENT, 100001, NULL);
INSERT INTO project_phase (project_phase_id, project_id, phase_type_id, phase_status_id, fixed_start_time, scheduled_start_time, scheduled_end_time, actual_start_time, actual_end_time, duration, create_user, create_date, modify_user, modify_date) VALUES (100349, 100030, 13, 3, CURRENT + -2940 UNITS MINUTE, CURRENT + -2940 UNITS MINUTE, CURRENT + -60 UNITS MINUTE, CURRENT + -2940 UNITS MINUTE, CURRENT + -60 UNITS MINUTE, 172800000, 132456, CURRENT, 132456, CURRENT);
INSERT INTO project_phase (project_phase_id, project_id, phase_type_id, phase_status_id, fixed_start_time, scheduled_start_time, scheduled_end_time, actual_start_time, actual_end_time, duration, create_user, create_date, modify_user, modify_date) VALUES (100350, 100030, 14, 2, null, CURRENT + -60 UNITS MINUTE, CURRENT + 60 UNITS MINUTE, CURRENT + -60 UNITS MINUTE, null, 7200000, 132456, CURRENT, 132456, CURRENT);
INSERT INTO project_phase (project_phase_id, project_id, phase_type_id, phase_status_id, fixed_start_time, scheduled_start_time, scheduled_end_time, actual_start_time, actual_end_time, duration, create_user, create_date, modify_user, modify_date) VALUES (100351, 100030, 1, 1, CURRENT + 60 UNITS MINUTE, CURRENT + 60 UNITS MINUTE, CURRENT + 2940 UNITS MINUTE, null, null, 172800000, 132456, CURRENT, 132456, CURRENT);
INSERT INTO project_phase (project_phase_id, project_id, phase_type_id, phase_status_id, fixed_start_time, scheduled_start_time, scheduled_end_time, actual_start_time, actual_end_time, duration, create_user, create_date, modify_user, modify_date) VALUES (100352, 100030, 2, 1, null, CURRENT + 60 UNITS MINUTE, CURRENT + 5820 UNITS MINUTE, null, null, 345600000, 132456, CURRENT, 132456, CURRENT);
INSERT INTO project_phase (project_phase_id, project_id, phase_type_id, phase_status_id, fixed_start_time, scheduled_start_time, scheduled_end_time, actual_start_time, actual_end_time, duration, create_user, create_date, modify_user, modify_date) VALUES (100353, 100030, 3, 1, null, CURRENT + 5820 UNITS MINUTE, CURRENT + 6540 UNITS MINUTE, null, null, 43200000, 132456, CURRENT, 132456, CURRENT);
INSERT INTO project_phase (project_phase_id, project_id, phase_type_id, phase_status_id, fixed_start_time, scheduled_start_time, scheduled_end_time, actual_start_time, actual_end_time, duration, create_user, create_date, modify_user, modify_date) VALUES (100354, 100030, 4, 1, null, CURRENT + 6540 UNITS MINUTE, CURRENT + 9420 UNITS MINUTE, null, null, 172800000, 132456, CURRENT, 132456, CURRENT);
INSERT INTO project_phase (project_phase_id, project_id, phase_type_id, phase_status_id, fixed_start_time, scheduled_start_time, scheduled_end_time, actual_start_time, actual_end_time, duration, create_user, create_date, modify_user, modify_date) VALUES (100355, 100030, 5, 1, null, CURRENT + 9420 UNITS MINUTE, CURRENT + 10860 UNITS MINUTE, null, null, 86400000, 132456, CURRENT, 132456, CURRENT);
INSERT INTO project_phase (project_phase_id, project_id, phase_type_id, phase_status_id, fixed_start_time, scheduled_start_time, scheduled_end_time, actual_start_time, actual_end_time, duration, create_user, create_date, modify_user, modify_date) VALUES (100356, 100030, 6, 1, null, CURRENT + 10860 UNITS MINUTE, CURRENT + 11580 UNITS MINUTE, null, null, 43200000, 132456, CURRENT, 132456, CURRENT);
INSERT INTO project_phase (project_phase_id, project_id, phase_type_id, phase_status_id, fixed_start_time, scheduled_start_time, scheduled_end_time, actual_start_time, actual_end_time, duration, create_user, create_date, modify_user, modify_date) VALUES (100357, 100030, 7, 1, null, CURRENT + 11580 UNITS MINUTE, CURRENT + 12300 UNITS MINUTE, null, null, 43200000, 132456, CURRENT, 132456, CURRENT);
INSERT INTO project_phase (project_phase_id, project_id, phase_type_id, phase_status_id, fixed_start_time, scheduled_start_time, scheduled_end_time, actual_start_time, actual_end_time, duration, create_user, create_date, modify_user, modify_date) VALUES (100358, 100030, 9, 1, null, CURRENT + 12300 UNITS MINUTE, CURRENT + 13740 UNITS MINUTE, null, null, 86400000, 132456, CURRENT, 132456, CURRENT);
INSERT INTO project_phase (project_phase_id, project_id, phase_type_id, phase_status_id, fixed_start_time, scheduled_start_time, scheduled_end_time, actual_start_time, actual_end_time, duration, create_user, create_date, modify_user, modify_date) VALUES (100359, 100030, 10, 1, null, CURRENT + 13740 UNITS MINUTE, CURRENT + 14460 UNITS MINUTE, null, null, 43200000, 132456, CURRENT, 132456, CURRENT);
INSERT INTO project_phase (project_phase_id, project_id, phase_type_id, phase_status_id, fixed_start_time, scheduled_start_time, scheduled_end_time, actual_start_time, actual_end_time, duration, create_user, create_date, modify_user, modify_date) VALUES (100360, 100030, 11, 1, null, CURRENT + 14460 UNITS MINUTE, CURRENT + 21660 UNITS MINUTE, null, null, 432000000, 132456, CURRENT, 132456, CURRENT);
INSERT INTO phase_dependency (dependency_phase_id, dependent_phase_id, dependency_start, dependent_start, lag_time, create_user, create_date, modify_user, modify_date) VALUES (100349, 100350, 0, 1, 0, 132456, CURRENT, 132456, CURRENT);
INSERT INTO phase_dependency (dependency_phase_id, dependent_phase_id, dependency_start, dependent_start, lag_time, create_user, create_date, modify_user, modify_date) VALUES (100350, 100351, 0, 1, 0, 132456, CURRENT, 132456, CURRENT);
INSERT INTO phase_dependency (dependency_phase_id, dependent_phase_id, dependency_start, dependent_start, lag_time, create_user, create_date, modify_user, modify_date) VALUES (100351, 100352, 1, 1, 0, 132456, CURRENT, 132456, CURRENT);
INSERT INTO phase_dependency (dependency_phase_id, dependent_phase_id, dependency_start, dependent_start, lag_time, create_user, create_date, modify_user, modify_date) VALUES (100352, 100353, 0, 1, 0, 132456, CURRENT, 132456, CURRENT);
INSERT INTO phase_dependency (dependency_phase_id, dependent_phase_id, dependency_start, dependent_start, lag_time, create_user, create_date, modify_user, modify_date) VALUES (100353, 100354, 0, 1, 0, 132456, CURRENT, 132456, CURRENT);
INSERT INTO phase_dependency (dependency_phase_id, dependent_phase_id, dependency_start, dependent_start, lag_time, create_user, create_date, modify_user, modify_date) VALUES (100354, 100355, 0, 1, 0, 132456, CURRENT, 132456, CURRENT);
INSERT INTO phase_dependency (dependency_phase_id, dependent_phase_id, dependency_start, dependent_start, lag_time, create_user, create_date, modify_user, modify_date) VALUES (100355, 100356, 0, 1, 0, 132456, CURRENT, 132456, CURRENT);
INSERT INTO phase_dependency (dependency_phase_id, dependent_phase_id, dependency_start, dependent_start, lag_time, create_user, create_date, modify_user, modify_date) VALUES (100356, 100357, 0, 1, 0, 132456, CURRENT, 132456, CURRENT);
INSERT INTO phase_dependency (dependency_phase_id, dependent_phase_id, dependency_start, dependent_start, lag_time, create_user, create_date, modify_user, modify_date) VALUES (100357, 100358, 0, 1, 0, 132456, CURRENT, 132456, CURRENT);
INSERT INTO phase_dependency (dependency_phase_id, dependent_phase_id, dependency_start, dependent_start, lag_time, create_user, create_date, modify_user, modify_date) VALUES (100358, 100359, 0, 1, 0, 132456, CURRENT, 132456, CURRENT);
INSERT INTO phase_dependency (dependency_phase_id, dependent_phase_id, dependency_start, dependent_start, lag_time, create_user, create_date, modify_user, modify_date) VALUES (100359, 100360, 0, 1, 0, 132456, CURRENT, 132456, CURRENT);
INSERT INTO phase_criteria (project_phase_id, phase_criteria_type_id, parameter, create_user, create_date, modify_user, modify_date) VALUES (100350, 6, '1', 132456, CURRENT, 132456, CURRENT);
INSERT INTO phase_criteria (project_phase_id, phase_criteria_type_id, parameter, create_user, create_date, modify_user, modify_date) VALUES (100350, 1, '30000722', 132456, CURRENT, 132456, CURRENT);
INSERT INTO phase_criteria (project_phase_id, phase_criteria_type_id, parameter, create_user, create_date, modify_user, modify_date) VALUES (100351, 2, '0', 132456, CURRENT, 132456, CURRENT);
INSERT INTO phase_criteria (project_phase_id, phase_criteria_type_id, parameter, create_user, create_date, modify_user, modify_date) VALUES (100351, 5, 'No', 132456, CURRENT, 132456, CURRENT);
INSERT INTO phase_criteria (project_phase_id, phase_criteria_type_id, parameter, create_user, create_date, modify_user, modify_date) VALUES (100352, 3, '0', 132456, CURRENT, 132456, CURRENT);
INSERT INTO phase_criteria (project_phase_id, phase_criteria_type_id, parameter, create_user, create_date, modify_user, modify_date) VALUES (100352, 5, 'Yes', 132456, CURRENT, 132456, CURRENT);
INSERT INTO phase_criteria (project_phase_id, phase_criteria_type_id, parameter, create_user, create_date, modify_user, modify_date) VALUES (100353, 1, '30000412', 132456, CURRENT, 132456, CURRENT);
INSERT INTO phase_criteria (project_phase_id, phase_criteria_type_id, parameter, create_user, create_date, modify_user, modify_date) VALUES (100353, 5, 'No', 132456, CURRENT, 132456, CURRENT);
INSERT INTO phase_criteria (project_phase_id, phase_criteria_type_id, parameter, create_user, create_date, modify_user, modify_date) VALUES (100354, 6, '3', 132456, CURRENT, 132456, CURRENT);
INSERT INTO phase_criteria (project_phase_id, phase_criteria_type_id, parameter, create_user, create_date, modify_user, modify_date) VALUES (100354, 1, '30000413', 132456, CURRENT, 132456, CURRENT);
INSERT INTO phase_criteria (project_phase_id, phase_criteria_type_id, parameter, create_user, create_date, modify_user, modify_date) VALUES (100354, 5, 'No', 132456, CURRENT, 132456, CURRENT);
INSERT INTO phase_criteria (project_phase_id, phase_criteria_type_id, parameter, create_user, create_date, modify_user, modify_date) VALUES (100355, 4, 'No', 132456, CURRENT, 132456, CURRENT);
INSERT INTO phase_criteria (project_phase_id, phase_criteria_type_id, parameter, create_user, create_date, modify_user, modify_date) VALUES (100355, 5, 'No', 132456, CURRENT, 132456, CURRENT);
INSERT INTO phase_criteria (project_phase_id, phase_criteria_type_id, parameter, create_user, create_date, modify_user, modify_date) VALUES (100356, 5, 'No', 132456, CURRENT, 132456, CURRENT);
INSERT INTO phase_criteria (project_phase_id, phase_criteria_type_id, parameter, create_user, create_date, modify_user, modify_date) VALUES (100357, 5, 'No', 132456, CURRENT, 132456, CURRENT);
INSERT INTO phase_criteria (project_phase_id, phase_criteria_type_id, parameter, create_user, create_date, modify_user, modify_date) VALUES (100358, 5, 'No', 132456, CURRENT, 132456, CURRENT);
INSERT INTO phase_criteria (project_phase_id, phase_criteria_type_id, parameter, create_user, create_date, modify_user, modify_date) VALUES (100359, 5, 'No', 132456, CURRENT, 132456, CURRENT);
INSERT INTO phase_criteria (project_phase_id, phase_criteria_type_id, parameter, create_user, create_date, modify_user, modify_date) VALUES (100360, 6, '1', 132456, CURRENT, 132456, CURRENT);
INSERT INTO phase_criteria (project_phase_id, phase_criteria_type_id, parameter, create_user, create_date, modify_user, modify_date) VALUES (100360, 1, '30000720', 132456, CURRENT, 132456, CURRENT);
INSERT INTO review_auction (review_auction_id, project_id, review_auction_type_id) VALUES (110030, 100030, 3);
INSERT INTO review_auction (review_auction_id, project_id, review_auction_type_id) VALUES (100030, 100030, 2);
INSERT INTO project (project_id, project_status_id, project_category_id, create_user, create_date, modify_user, modify_date, tc_direct_project_id, project_studio_spec_id) VALUES (100031, 1, 1, 132456, CURRENT, 132456, CURRENT, 100001, NULL);
INSERT INTO project_phase (project_phase_id, project_id, phase_type_id, phase_status_id, fixed_start_time, scheduled_start_time, scheduled_end_time, actual_start_time, actual_end_time, duration, create_user, create_date, modify_user, modify_date) VALUES (100361, 100031, 13, 3, CURRENT + -2940 UNITS MINUTE, CURRENT + -2940 UNITS MINUTE, CURRENT + -60 UNITS MINUTE, CURRENT + -2940 UNITS MINUTE, CURRENT + -60 UNITS MINUTE, 172800000, 132456, CURRENT, 132456, CURRENT);
INSERT INTO project_phase (project_phase_id, project_id, phase_type_id, phase_status_id, fixed_start_time, scheduled_start_time, scheduled_end_time, actual_start_time, actual_end_time, duration, create_user, create_date, modify_user, modify_date) VALUES (100362, 100031, 14, 2, null, CURRENT + -60 UNITS MINUTE, CURRENT + 60 UNITS MINUTE, CURRENT + -60 UNITS MINUTE, null, 7200000, 132456, CURRENT, 132456, CURRENT);
INSERT INTO project_phase (project_phase_id, project_id, phase_type_id, phase_status_id, fixed_start_time, scheduled_start_time, scheduled_end_time, actual_start_time, actual_end_time, duration, create_user, create_date, modify_user, modify_date) VALUES (100363, 100031, 1, 1, CURRENT + 60 UNITS MINUTE, CURRENT + 60 UNITS MINUTE, CURRENT + 2940 UNITS MINUTE, null, null, 172800000, 132456, CURRENT, 132456, CURRENT);
INSERT INTO project_phase (project_phase_id, project_id, phase_type_id, phase_status_id, fixed_start_time, scheduled_start_time, scheduled_end_time, actual_start_time, actual_end_time, duration, create_user, create_date, modify_user, modify_date) VALUES (100364, 100031, 2, 1, null, CURRENT + 60 UNITS MINUTE, CURRENT + 5820 UNITS MINUTE, null, null, 345600000, 132456, CURRENT, 132456, CURRENT);
INSERT INTO project_phase (project_phase_id, project_id, phase_type_id, phase_status_id, fixed_start_time, scheduled_start_time, scheduled_end_time, actual_start_time, actual_end_time, duration, create_user, create_date, modify_user, modify_date) VALUES (100365, 100031, 3, 1, null, CURRENT + 5820 UNITS MINUTE, CURRENT + 6540 UNITS MINUTE, null, null, 43200000, 132456, CURRENT, 132456, CURRENT);
INSERT INTO project_phase (project_phase_id, project_id, phase_type_id, phase_status_id, fixed_start_time, scheduled_start_time, scheduled_end_time, actual_start_time, actual_end_time, duration, create_user, create_date, modify_user, modify_date) VALUES (100366, 100031, 4, 1, null, CURRENT + 6540 UNITS MINUTE, CURRENT + 9420 UNITS MINUTE, null, null, 172800000, 132456, CURRENT, 132456, CURRENT);
INSERT INTO project_phase (project_phase_id, project_id, phase_type_id, phase_status_id, fixed_start_time, scheduled_start_time, scheduled_end_time, actual_start_time, actual_end_time, duration, create_user, create_date, modify_user, modify_date) VALUES (100367, 100031, 5, 1, null, CURRENT + 9420 UNITS MINUTE, CURRENT + 10860 UNITS MINUTE, null, null, 86400000, 132456, CURRENT, 132456, CURRENT);
INSERT INTO project_phase (project_phase_id, project_id, phase_type_id, phase_status_id, fixed_start_time, scheduled_start_time, scheduled_end_time, actual_start_time, actual_end_time, duration, create_user, create_date, modify_user, modify_date) VALUES (100368, 100031, 6, 1, null, CURRENT + 10860 UNITS MINUTE, CURRENT + 11580 UNITS MINUTE, null, null, 43200000, 132456, CURRENT, 132456, CURRENT);
INSERT INTO project_phase (project_phase_id, project_id, phase_type_id, phase_status_id, fixed_start_time, scheduled_start_time, scheduled_end_time, actual_start_time, actual_end_time, duration, create_user, create_date, modify_user, modify_date) VALUES (100369, 100031, 7, 1, null, CURRENT + 11580 UNITS MINUTE, CURRENT + 12300 UNITS MINUTE, null, null, 43200000, 132456, CURRENT, 132456, CURRENT);
INSERT INTO project_phase (project_phase_id, project_id, phase_type_id, phase_status_id, fixed_start_time, scheduled_start_time, scheduled_end_time, actual_start_time, actual_end_time, duration, create_user, create_date, modify_user, modify_date) VALUES (100370, 100031, 9, 1, null, CURRENT + 12300 UNITS MINUTE, CURRENT + 13740 UNITS MINUTE, null, null, 86400000, 132456, CURRENT, 132456, CURRENT);
INSERT INTO project_phase (project_phase_id, project_id, phase_type_id, phase_status_id, fixed_start_time, scheduled_start_time, scheduled_end_time, actual_start_time, actual_end_time, duration, create_user, create_date, modify_user, modify_date) VALUES (100371, 100031, 10, 1, null, CURRENT + 13740 UNITS MINUTE, CURRENT + 14460 UNITS MINUTE, null, null, 43200000, 132456, CURRENT, 132456, CURRENT);
INSERT INTO project_phase (project_phase_id, project_id, phase_type_id, phase_status_id, fixed_start_time, scheduled_start_time, scheduled_end_time, actual_start_time, actual_end_time, duration, create_user, create_date, modify_user, modify_date) VALUES (100372, 100031, 11, 1, null, CURRENT + 14460 UNITS MINUTE, CURRENT + 21660 UNITS MINUTE, null, null, 432000000, 132456, CURRENT, 132456, CURRENT);
INSERT INTO phase_dependency (dependency_phase_id, dependent_phase_id, dependency_start, dependent_start, lag_time, create_user, create_date, modify_user, modify_date) VALUES (100361, 100362, 0, 1, 0, 132456, CURRENT, 132456, CURRENT);
INSERT INTO phase_dependency (dependency_phase_id, dependent_phase_id, dependency_start, dependent_start, lag_time, create_user, create_date, modify_user, modify_date) VALUES (100362, 100363, 0, 1, 0, 132456, CURRENT, 132456, CURRENT);
INSERT INTO phase_dependency (dependency_phase_id, dependent_phase_id, dependency_start, dependent_start, lag_time, create_user, create_date, modify_user, modify_date) VALUES (100363, 100364, 1, 1, 0, 132456, CURRENT, 132456, CURRENT);
INSERT INTO phase_dependency (dependency_phase_id, dependent_phase_id, dependency_start, dependent_start, lag_time, create_user, create_date, modify_user, modify_date) VALUES (100364, 100365, 0, 1, 0, 132456, CURRENT, 132456, CURRENT);
INSERT INTO phase_dependency (dependency_phase_id, dependent_phase_id, dependency_start, dependent_start, lag_time, create_user, create_date, modify_user, modify_date) VALUES (100365, 100366, 0, 1, 0, 132456, CURRENT, 132456, CURRENT);
INSERT INTO phase_dependency (dependency_phase_id, dependent_phase_id, dependency_start, dependent_start, lag_time, create_user, create_date, modify_user, modify_date) VALUES (100366, 100367, 0, 1, 0, 132456, CURRENT, 132456, CURRENT);
INSERT INTO phase_dependency (dependency_phase_id, dependent_phase_id, dependency_start, dependent_start, lag_time, create_user, create_date, modify_user, modify_date) VALUES (100367, 100368, 0, 1, 0, 132456, CURRENT, 132456, CURRENT);
INSERT INTO phase_dependency (dependency_phase_id, dependent_phase_id, dependency_start, dependent_start, lag_time, create_user, create_date, modify_user, modify_date) VALUES (100368, 100369, 0, 1, 0, 132456, CURRENT, 132456, CURRENT);
INSERT INTO phase_dependency (dependency_phase_id, dependent_phase_id, dependency_start, dependent_start, lag_time, create_user, create_date, modify_user, modify_date) VALUES (100369, 100370, 0, 1, 0, 132456, CURRENT, 132456, CURRENT);
INSERT INTO phase_dependency (dependency_phase_id, dependent_phase_id, dependency_start, dependent_start, lag_time, create_user, create_date, modify_user, modify_date) VALUES (100370, 100371, 0, 1, 0, 132456, CURRENT, 132456, CURRENT);
INSERT INTO phase_dependency (dependency_phase_id, dependent_phase_id, dependency_start, dependent_start, lag_time, create_user, create_date, modify_user, modify_date) VALUES (100371, 100372, 0, 1, 0, 132456, CURRENT, 132456, CURRENT);
INSERT INTO phase_criteria (project_phase_id, phase_criteria_type_id, parameter, create_user, create_date, modify_user, modify_date) VALUES (100362, 6, '1', 132456, CURRENT, 132456, CURRENT);
INSERT INTO phase_criteria (project_phase_id, phase_criteria_type_id, parameter, create_user, create_date, modify_user, modify_date) VALUES (100362, 1, '30000722', 132456, CURRENT, 132456, CURRENT);
INSERT INTO phase_criteria (project_phase_id, phase_criteria_type_id, parameter, create_user, create_date, modify_user, modify_date) VALUES (100363, 2, '0', 132456, CURRENT, 132456, CURRENT);
INSERT INTO phase_criteria (project_phase_id, phase_criteria_type_id, parameter, create_user, create_date, modify_user, modify_date) VALUES (100363, 5, 'No', 132456, CURRENT, 132456, CURRENT);
INSERT INTO phase_criteria (project_phase_id, phase_criteria_type_id, parameter, create_user, create_date, modify_user, modify_date) VALUES (100364, 3, '0', 132456, CURRENT, 132456, CURRENT);
INSERT INTO phase_criteria (project_phase_id, phase_criteria_type_id, parameter, create_user, create_date, modify_user, modify_date) VALUES (100364, 5, 'Yes', 132456, CURRENT, 132456, CURRENT);
INSERT INTO phase_criteria (project_phase_id, phase_criteria_type_id, parameter, create_user, create_date, modify_user, modify_date) VALUES (100365, 1, '30000410', 132456, CURRENT, 132456, CURRENT);
INSERT INTO phase_criteria (project_phase_id, phase_criteria_type_id, parameter, create_user, create_date, modify_user, modify_date) VALUES (100365, 5, 'No', 132456, CURRENT, 132456, CURRENT);
INSERT INTO phase_criteria (project_phase_id, phase_criteria_type_id, parameter, create_user, create_date, modify_user, modify_date) VALUES (100366, 6, '3', 132456, CURRENT, 132456, CURRENT);
INSERT INTO phase_criteria (project_phase_id, phase_criteria_type_id, parameter, create_user, create_date, modify_user, modify_date) VALUES (100366, 1, '30000411', 132456, CURRENT, 132456, CURRENT);
INSERT INTO phase_criteria (project_phase_id, phase_criteria_type_id, parameter, create_user, create_date, modify_user, modify_date) VALUES (100366, 5, 'No', 132456, CURRENT, 132456, CURRENT);
INSERT INTO phase_criteria (project_phase_id, phase_criteria_type_id, parameter, create_user, create_date, modify_user, modify_date) VALUES (100367, 4, 'No', 132456, CURRENT, 132456, CURRENT);
INSERT INTO phase_criteria (project_phase_id, phase_criteria_type_id, parameter, create_user, create_date, modify_user, modify_date) VALUES (100367, 5, 'No', 132456, CURRENT, 132456, CURRENT);
INSERT INTO phase_criteria (project_phase_id, phase_criteria_type_id, parameter, create_user, create_date, modify_user, modify_date) VALUES (100368, 5, 'No', 132456, CURRENT, 132456, CURRENT);
INSERT INTO phase_criteria (project_phase_id, phase_criteria_type_id, parameter, create_user, create_date, modify_user, modify_date) VALUES (100369, 5, 'No', 132456, CURRENT, 132456, CURRENT);
INSERT INTO phase_criteria (project_phase_id, phase_criteria_type_id, parameter, create_user, create_date, modify_user, modify_date) VALUES (100370, 5, 'No', 132456, CURRENT, 132456, CURRENT);
INSERT INTO phase_criteria (project_phase_id, phase_criteria_type_id, parameter, create_user, create_date, modify_user, modify_date) VALUES (100371, 5, 'No', 132456, CURRENT, 132456, CURRENT);
INSERT INTO phase_criteria (project_phase_id, phase_criteria_type_id, parameter, create_user, create_date, modify_user, modify_date) VALUES (100372, 6, '1', 132456, CURRENT, 132456, CURRENT);
INSERT INTO phase_criteria (project_phase_id, phase_criteria_type_id, parameter, create_user, create_date, modify_user, modify_date) VALUES (100372, 1, '30000720', 132456, CURRENT, 132456, CURRENT);
INSERT INTO review_auction (review_auction_id, project_id, review_auction_type_id) VALUES (110031, 100031, 3);
INSERT INTO review_auction (review_auction_id, project_id, review_auction_type_id) VALUES (100031, 100031, 1);
INSERT INTO project (project_id, project_status_id, project_category_id, create_user, create_date, modify_user, modify_date, tc_direct_project_id, project_studio_spec_id) VALUES (100032, 1, 14, 132456, CURRENT, 132456, CURRENT, 100001, NULL);
INSERT INTO project_phase (project_phase_id, project_id, phase_type_id, phase_status_id, fixed_start_time, scheduled_start_time, scheduled_end_time, actual_start_time, actual_end_time, duration, create_user, create_date, modify_user, modify_date) VALUES (100373, 100032, 13, 3, CURRENT + -15240 UNITS MINUTE, CURRENT + -15240 UNITS MINUTE, CURRENT + -12360 UNITS MINUTE, CURRENT + -15240 UNITS MINUTE, CURRENT + -12360 UNITS MINUTE, 172800000, 132456, CURRENT, 132456, CURRENT);
INSERT INTO project_phase (project_phase_id, project_id, phase_type_id, phase_status_id, fixed_start_time, scheduled_start_time, scheduled_end_time, actual_start_time, actual_end_time, duration, create_user, create_date, modify_user, modify_date) VALUES (100374, 100032, 14, 3, null, CURRENT + -12360 UNITS MINUTE, CURRENT + -12240 UNITS MINUTE, CURRENT + -12360 UNITS MINUTE, CURRENT + -12240 UNITS MINUTE, 7200000, 132456, CURRENT, 132456, CURRENT);
INSERT INTO project_phase (project_phase_id, project_id, phase_type_id, phase_status_id, fixed_start_time, scheduled_start_time, scheduled_end_time, actual_start_time, actual_end_time, duration, create_user, create_date, modify_user, modify_date) VALUES (100375, 100032, 1, 3, CURRENT + -12240 UNITS MINUTE, CURRENT + -12240 UNITS MINUTE, CURRENT + -9360 UNITS MINUTE, CURRENT + -12240 UNITS MINUTE, CURRENT + -9360 UNITS MINUTE, 172800000, 132456, CURRENT, 132456, CURRENT);
INSERT INTO project_phase (project_phase_id, project_id, phase_type_id, phase_status_id, fixed_start_time, scheduled_start_time, scheduled_end_time, actual_start_time, actual_end_time, duration, create_user, create_date, modify_user, modify_date) VALUES (100376, 100032, 2, 3, null, CURRENT + -12240 UNITS MINUTE, CURRENT + -5040 UNITS MINUTE, CURRENT + -12240 UNITS MINUTE, CURRENT + -5040 UNITS MINUTE, 432000000, 132456, CURRENT, 132456, CURRENT);
INSERT INTO project_phase (project_phase_id, project_id, phase_type_id, phase_status_id, fixed_start_time, scheduled_start_time, scheduled_end_time, actual_start_time, actual_end_time, duration, create_user, create_date, modify_user, modify_date) VALUES (100377, 100032, 3, 3, null, CURRENT + -5040 UNITS MINUTE, CURRENT + -4320 UNITS MINUTE, CURRENT + -5040 UNITS MINUTE, CURRENT + -4320 UNITS MINUTE, 43200000, 132456, CURRENT, 132456, CURRENT);
INSERT INTO project_phase (project_phase_id, project_id, phase_type_id, phase_status_id, fixed_start_time, scheduled_start_time, scheduled_end_time, actual_start_time, actual_end_time, duration, create_user, create_date, modify_user, modify_date) VALUES (100378, 100032, 4, 2, null, CURRENT + -4320 UNITS MINUTE, CURRENT + -1440 UNITS MINUTE, CURRENT + -4320 UNITS MINUTE, null, 172800000, 132456, CURRENT, 132456, CURRENT);
INSERT INTO project_phase (project_phase_id, project_id, phase_type_id, phase_status_id, fixed_start_time, scheduled_start_time, scheduled_end_time, actual_start_time, actual_end_time, duration, create_user, create_date, modify_user, modify_date) VALUES (100379, 100032, 5, 1, null, CURRENT + -1440 UNITS MINUTE, CURRENT + 0 UNITS MINUTE, null, null, 86400000, 132456, CURRENT, 132456, CURRENT);
INSERT INTO project_phase (project_phase_id, project_id, phase_type_id, phase_status_id, fixed_start_time, scheduled_start_time, scheduled_end_time, actual_start_time, actual_end_time, duration, create_user, create_date, modify_user, modify_date) VALUES (100380, 100032, 6, 1, null, CURRENT + 0 UNITS MINUTE, CURRENT + 720 UNITS MINUTE, null, null, 43200000, 132456, CURRENT, 132456, CURRENT);
INSERT INTO project_phase (project_phase_id, project_id, phase_type_id, phase_status_id, fixed_start_time, scheduled_start_time, scheduled_end_time, actual_start_time, actual_end_time, duration, create_user, create_date, modify_user, modify_date) VALUES (100381, 100032, 7, 1, null, CURRENT + 720 UNITS MINUTE, CURRENT + 1440 UNITS MINUTE, null, null, 43200000, 132456, CURRENT, 132456, CURRENT);
INSERT INTO project_phase (project_phase_id, project_id, phase_type_id, phase_status_id, fixed_start_time, scheduled_start_time, scheduled_end_time, actual_start_time, actual_end_time, duration, create_user, create_date, modify_user, modify_date) VALUES (100382, 100032, 9, 1, null, CURRENT + 1440 UNITS MINUTE, CURRENT + 2880 UNITS MINUTE, null, null, 86400000, 132456, CURRENT, 132456, CURRENT);
INSERT INTO project_phase (project_phase_id, project_id, phase_type_id, phase_status_id, fixed_start_time, scheduled_start_time, scheduled_end_time, actual_start_time, actual_end_time, duration, create_user, create_date, modify_user, modify_date) VALUES (100383, 100032, 10, 1, null, CURRENT + 2880 UNITS MINUTE, CURRENT + 3600 UNITS MINUTE, null, null, 43200000, 132456, CURRENT, 132456, CURRENT);
INSERT INTO project_phase (project_phase_id, project_id, phase_type_id, phase_status_id, fixed_start_time, scheduled_start_time, scheduled_end_time, actual_start_time, actual_end_time, duration, create_user, create_date, modify_user, modify_date) VALUES (100384, 100032, 11, 1, null, CURRENT + 3600 UNITS MINUTE, CURRENT + 10800 UNITS MINUTE, null, null, 432000000, 132456, CURRENT, 132456, CURRENT);
INSERT INTO phase_dependency (dependency_phase_id, dependent_phase_id, dependency_start, dependent_start, lag_time, create_user, create_date, modify_user, modify_date) VALUES (100373, 100374, 0, 1, 0, 132456, CURRENT, 132456, CURRENT);
INSERT INTO phase_dependency (dependency_phase_id, dependent_phase_id, dependency_start, dependent_start, lag_time, create_user, create_date, modify_user, modify_date) VALUES (100374, 100375, 0, 1, 0, 132456, CURRENT, 132456, CURRENT);
INSERT INTO phase_dependency (dependency_phase_id, dependent_phase_id, dependency_start, dependent_start, lag_time, create_user, create_date, modify_user, modify_date) VALUES (100375, 100376, 1, 1, 0, 132456, CURRENT, 132456, CURRENT);
INSERT INTO phase_dependency (dependency_phase_id, dependent_phase_id, dependency_start, dependent_start, lag_time, create_user, create_date, modify_user, modify_date) VALUES (100376, 100377, 0, 1, 0, 132456, CURRENT, 132456, CURRENT);
INSERT INTO phase_dependency (dependency_phase_id, dependent_phase_id, dependency_start, dependent_start, lag_time, create_user, create_date, modify_user, modify_date) VALUES (100377, 100378, 0, 1, 0, 132456, CURRENT, 132456, CURRENT);
INSERT INTO phase_dependency (dependency_phase_id, dependent_phase_id, dependency_start, dependent_start, lag_time, create_user, create_date, modify_user, modify_date) VALUES (100378, 100379, 0, 1, 0, 132456, CURRENT, 132456, CURRENT);
INSERT INTO phase_dependency (dependency_phase_id, dependent_phase_id, dependency_start, dependent_start, lag_time, create_user, create_date, modify_user, modify_date) VALUES (100379, 100380, 0, 1, 0, 132456, CURRENT, 132456, CURRENT);
INSERT INTO phase_dependency (dependency_phase_id, dependent_phase_id, dependency_start, dependent_start, lag_time, create_user, create_date, modify_user, modify_date) VALUES (100380, 100381, 0, 1, 0, 132456, CURRENT, 132456, CURRENT);
INSERT INTO phase_dependency (dependency_phase_id, dependent_phase_id, dependency_start, dependent_start, lag_time, create_user, create_date, modify_user, modify_date) VALUES (100381, 100382, 0, 1, 0, 132456, CURRENT, 132456, CURRENT);
INSERT INTO phase_dependency (dependency_phase_id, dependent_phase_id, dependency_start, dependent_start, lag_time, create_user, create_date, modify_user, modify_date) VALUES (100382, 100383, 0, 1, 0, 132456, CURRENT, 132456, CURRENT);
INSERT INTO phase_dependency (dependency_phase_id, dependent_phase_id, dependency_start, dependent_start, lag_time, create_user, create_date, modify_user, modify_date) VALUES (100383, 100384, 0, 1, 0, 132456, CURRENT, 132456, CURRENT);
INSERT INTO phase_criteria (project_phase_id, phase_criteria_type_id, parameter, create_user, create_date, modify_user, modify_date) VALUES (100374, 6, '1', 132456, CURRENT, 132456, CURRENT);
INSERT INTO phase_criteria (project_phase_id, phase_criteria_type_id, parameter, create_user, create_date, modify_user, modify_date) VALUES (100374, 1, '30000722', 132456, CURRENT, 132456, CURRENT);
INSERT INTO phase_criteria (project_phase_id, phase_criteria_type_id, parameter, create_user, create_date, modify_user, modify_date) VALUES (100375, 2, '0', 132456, CURRENT, 132456, CURRENT);
INSERT INTO phase_criteria (project_phase_id, phase_criteria_type_id, parameter, create_user, create_date, modify_user, modify_date) VALUES (100375, 5, 'No', 132456, CURRENT, 132456, CURRENT);
INSERT INTO phase_criteria (project_phase_id, phase_criteria_type_id, parameter, create_user, create_date, modify_user, modify_date) VALUES (100376, 3, '0', 132456, CURRENT, 132456, CURRENT);
INSERT INTO phase_criteria (project_phase_id, phase_criteria_type_id, parameter, create_user, create_date, modify_user, modify_date) VALUES (100376, 5, 'Yes', 132456, CURRENT, 132456, CURRENT);
INSERT INTO phase_criteria (project_phase_id, phase_criteria_type_id, parameter, create_user, create_date, modify_user, modify_date) VALUES (100377, 1, '30000410', 132456, CURRENT, 132456, CURRENT);
INSERT INTO phase_criteria (project_phase_id, phase_criteria_type_id, parameter, create_user, create_date, modify_user, modify_date) VALUES (100377, 5, 'No', 132456, CURRENT, 132456, CURRENT);
INSERT INTO phase_criteria (project_phase_id, phase_criteria_type_id, parameter, create_user, create_date, modify_user, modify_date) VALUES (100378, 6, '3', 132456, CURRENT, 132456, CURRENT);
INSERT INTO phase_criteria (project_phase_id, phase_criteria_type_id, parameter, create_user, create_date, modify_user, modify_date) VALUES (100378, 1, '30000411', 132456, CURRENT, 132456, CURRENT);
INSERT INTO phase_criteria (project_phase_id, phase_criteria_type_id, parameter, create_user, create_date, modify_user, modify_date) VALUES (100378, 5, 'No', 132456, CURRENT, 132456, CURRENT);
INSERT INTO phase_criteria (project_phase_id, phase_criteria_type_id, parameter, create_user, create_date, modify_user, modify_date) VALUES (100379, 4, 'No', 132456, CURRENT, 132456, CURRENT);
INSERT INTO phase_criteria (project_phase_id, phase_criteria_type_id, parameter, create_user, create_date, modify_user, modify_date) VALUES (100379, 5, 'No', 132456, CURRENT, 132456, CURRENT);
INSERT INTO phase_criteria (project_phase_id, phase_criteria_type_id, parameter, create_user, create_date, modify_user, modify_date) VALUES (100380, 5, 'No', 132456, CURRENT, 132456, CURRENT);
INSERT INTO phase_criteria (project_phase_id, phase_criteria_type_id, parameter, create_user, create_date, modify_user, modify_date) VALUES (100381, 5, 'No', 132456, CURRENT, 132456, CURRENT);
INSERT INTO phase_criteria (project_phase_id, phase_criteria_type_id, parameter, create_user, create_date, modify_user, modify_date) VALUES (100382, 5, 'No', 132456, CURRENT, 132456, CURRENT);
INSERT INTO phase_criteria (project_phase_id, phase_criteria_type_id, parameter, create_user, create_date, modify_user, modify_date) VALUES (100383, 5, 'No', 132456, CURRENT, 132456, CURRENT);
INSERT INTO phase_criteria (project_phase_id, phase_criteria_type_id, parameter, create_user, create_date, modify_user, modify_date) VALUES (100384, 6, '1', 132456, CURRENT, 132456, CURRENT);
INSERT INTO phase_criteria (project_phase_id, phase_criteria_type_id, parameter, create_user, create_date, modify_user, modify_date) VALUES (100384, 1, '30000720', 132456, CURRENT, 132456, CURRENT);
INSERT INTO review_auction (review_auction_id, project_id, review_auction_type_id) VALUES (110032, 100032, 3);
INSERT INTO review_auction (review_auction_id, project_id, review_auction_type_id) VALUES (100032, 100032, 1);
INSERT INTO project (project_id, project_status_id, project_category_id, create_user, create_date, modify_user, modify_date, tc_direct_project_id, project_studio_spec_id) VALUES (100033, 1, 2, 132456, CURRENT, 132456, CURRENT, 100001, NULL);
INSERT INTO project_phase (project_phase_id, project_id, phase_type_id, phase_status_id, fixed_start_time, scheduled_start_time, scheduled_end_time, actual_start_time, actual_end_time, duration, create_user, create_date, modify_user, modify_date) VALUES (100385, 100033, 13, 3, CURRENT + -2940 UNITS MINUTE, CURRENT + -2940 UNITS MINUTE, CURRENT + -60 UNITS MINUTE, CURRENT + -2940 UNITS MINUTE, CURRENT + -60 UNITS MINUTE, 172800000, 132456, CURRENT, 132456, CURRENT);
INSERT INTO project_phase (project_phase_id, project_id, phase_type_id, phase_status_id, fixed_start_time, scheduled_start_time, scheduled_end_time, actual_start_time, actual_end_time, duration, create_user, create_date, modify_user, modify_date) VALUES (100386, 100033, 14, 2, null, CURRENT + -60 UNITS MINUTE, CURRENT + 60 UNITS MINUTE, CURRENT + -60 UNITS MINUTE, null, 7200000, 132456, CURRENT, 132456, CURRENT);
INSERT INTO project_phase (project_phase_id, project_id, phase_type_id, phase_status_id, fixed_start_time, scheduled_start_time, scheduled_end_time, actual_start_time, actual_end_time, duration, create_user, create_date, modify_user, modify_date) VALUES (100387, 100033, 1, 1, CURRENT + 60 UNITS MINUTE, CURRENT + 60 UNITS MINUTE, CURRENT + 2940 UNITS MINUTE, null, null, 172800000, 132456, CURRENT, 132456, CURRENT);
INSERT INTO project_phase (project_phase_id, project_id, phase_type_id, phase_status_id, fixed_start_time, scheduled_start_time, scheduled_end_time, actual_start_time, actual_end_time, duration, create_user, create_date, modify_user, modify_date) VALUES (100388, 100033, 2, 1, null, CURRENT + 60 UNITS MINUTE, CURRENT + 5820 UNITS MINUTE, null, null, 345600000, 132456, CURRENT, 132456, CURRENT);
INSERT INTO project_phase (project_phase_id, project_id, phase_type_id, phase_status_id, fixed_start_time, scheduled_start_time, scheduled_end_time, actual_start_time, actual_end_time, duration, create_user, create_date, modify_user, modify_date) VALUES (100389, 100033, 3, 1, null, CURRENT + 5820 UNITS MINUTE, CURRENT + 6540 UNITS MINUTE, null, null, 43200000, 132456, CURRENT, 132456, CURRENT);
INSERT INTO project_phase (project_phase_id, project_id, phase_type_id, phase_status_id, fixed_start_time, scheduled_start_time, scheduled_end_time, actual_start_time, actual_end_time, duration, create_user, create_date, modify_user, modify_date) VALUES (100390, 100033, 4, 1, null, CURRENT + 6540 UNITS MINUTE, CURRENT + 9420 UNITS MINUTE, null, null, 172800000, 132456, CURRENT, 132456, CURRENT);
INSERT INTO project_phase (project_phase_id, project_id, phase_type_id, phase_status_id, fixed_start_time, scheduled_start_time, scheduled_end_time, actual_start_time, actual_end_time, duration, create_user, create_date, modify_user, modify_date) VALUES (100391, 100033, 5, 1, null, CURRENT + 9420 UNITS MINUTE, CURRENT + 10860 UNITS MINUTE, null, null, 86400000, 132456, CURRENT, 132456, CURRENT);
INSERT INTO project_phase (project_phase_id, project_id, phase_type_id, phase_status_id, fixed_start_time, scheduled_start_time, scheduled_end_time, actual_start_time, actual_end_time, duration, create_user, create_date, modify_user, modify_date) VALUES (100392, 100033, 6, 1, null, CURRENT + 10860 UNITS MINUTE, CURRENT + 11580 UNITS MINUTE, null, null, 43200000, 132456, CURRENT, 132456, CURRENT);
INSERT INTO project_phase (project_phase_id, project_id, phase_type_id, phase_status_id, fixed_start_time, scheduled_start_time, scheduled_end_time, actual_start_time, actual_end_time, duration, create_user, create_date, modify_user, modify_date) VALUES (100393, 100033, 7, 1, null, CURRENT + 11580 UNITS MINUTE, CURRENT + 12300 UNITS MINUTE, null, null, 43200000, 132456, CURRENT, 132456, CURRENT);
INSERT INTO project_phase (project_phase_id, project_id, phase_type_id, phase_status_id, fixed_start_time, scheduled_start_time, scheduled_end_time, actual_start_time, actual_end_time, duration, create_user, create_date, modify_user, modify_date) VALUES (100394, 100033, 9, 1, null, CURRENT + 12300 UNITS MINUTE, CURRENT + 13740 UNITS MINUTE, null, null, 86400000, 132456, CURRENT, 132456, CURRENT);
INSERT INTO project_phase (project_phase_id, project_id, phase_type_id, phase_status_id, fixed_start_time, scheduled_start_time, scheduled_end_time, actual_start_time, actual_end_time, duration, create_user, create_date, modify_user, modify_date) VALUES (100395, 100033, 10, 1, null, CURRENT + 13740 UNITS MINUTE, CURRENT + 14460 UNITS MINUTE, null, null, 43200000, 132456, CURRENT, 132456, CURRENT);
INSERT INTO project_phase (project_phase_id, project_id, phase_type_id, phase_status_id, fixed_start_time, scheduled_start_time, scheduled_end_time, actual_start_time, actual_end_time, duration, create_user, create_date, modify_user, modify_date) VALUES (100396, 100033, 11, 1, null, CURRENT + 14460 UNITS MINUTE, CURRENT + 21660 UNITS MINUTE, null, null, 432000000, 132456, CURRENT, 132456, CURRENT);
INSERT INTO phase_dependency (dependency_phase_id, dependent_phase_id, dependency_start, dependent_start, lag_time, create_user, create_date, modify_user, modify_date) VALUES (100385, 100386, 0, 1, 0, 132456, CURRENT, 132456, CURRENT);
INSERT INTO phase_dependency (dependency_phase_id, dependent_phase_id, dependency_start, dependent_start, lag_time, create_user, create_date, modify_user, modify_date) VALUES (100386, 100387, 0, 1, 0, 132456, CURRENT, 132456, CURRENT);
INSERT INTO phase_dependency (dependency_phase_id, dependent_phase_id, dependency_start, dependent_start, lag_time, create_user, create_date, modify_user, modify_date) VALUES (100387, 100388, 1, 1, 0, 132456, CURRENT, 132456, CURRENT);
INSERT INTO phase_dependency (dependency_phase_id, dependent_phase_id, dependency_start, dependent_start, lag_time, create_user, create_date, modify_user, modify_date) VALUES (100388, 100389, 0, 1, 0, 132456, CURRENT, 132456, CURRENT);
INSERT INTO phase_dependency (dependency_phase_id, dependent_phase_id, dependency_start, dependent_start, lag_time, create_user, create_date, modify_user, modify_date) VALUES (100389, 100390, 0, 1, 0, 132456, CURRENT, 132456, CURRENT);
INSERT INTO phase_dependency (dependency_phase_id, dependent_phase_id, dependency_start, dependent_start, lag_time, create_user, create_date, modify_user, modify_date) VALUES (100390, 100391, 0, 1, 0, 132456, CURRENT, 132456, CURRENT);
INSERT INTO phase_dependency (dependency_phase_id, dependent_phase_id, dependency_start, dependent_start, lag_time, create_user, create_date, modify_user, modify_date) VALUES (100391, 100392, 0, 1, 0, 132456, CURRENT, 132456, CURRENT);
INSERT INTO phase_dependency (dependency_phase_id, dependent_phase_id, dependency_start, dependent_start, lag_time, create_user, create_date, modify_user, modify_date) VALUES (100392, 100393, 0, 1, 0, 132456, CURRENT, 132456, CURRENT);
INSERT INTO phase_dependency (dependency_phase_id, dependent_phase_id, dependency_start, dependent_start, lag_time, create_user, create_date, modify_user, modify_date) VALUES (100393, 100394, 0, 1, 0, 132456, CURRENT, 132456, CURRENT);
INSERT INTO phase_dependency (dependency_phase_id, dependent_phase_id, dependency_start, dependent_start, lag_time, create_user, create_date, modify_user, modify_date) VALUES (100394, 100395, 0, 1, 0, 132456, CURRENT, 132456, CURRENT);
INSERT INTO phase_dependency (dependency_phase_id, dependent_phase_id, dependency_start, dependent_start, lag_time, create_user, create_date, modify_user, modify_date) VALUES (100395, 100396, 0, 1, 0, 132456, CURRENT, 132456, CURRENT);
INSERT INTO phase_criteria (project_phase_id, phase_criteria_type_id, parameter, create_user, create_date, modify_user, modify_date) VALUES (100386, 6, '1', 132456, CURRENT, 132456, CURRENT);
INSERT INTO phase_criteria (project_phase_id, phase_criteria_type_id, parameter, create_user, create_date, modify_user, modify_date) VALUES (100386, 1, '30000722', 132456, CURRENT, 132456, CURRENT);
INSERT INTO phase_criteria (project_phase_id, phase_criteria_type_id, parameter, create_user, create_date, modify_user, modify_date) VALUES (100387, 2, '0', 132456, CURRENT, 132456, CURRENT);
INSERT INTO phase_criteria (project_phase_id, phase_criteria_type_id, parameter, create_user, create_date, modify_user, modify_date) VALUES (100387, 5, 'No', 132456, CURRENT, 132456, CURRENT);
INSERT INTO phase_criteria (project_phase_id, phase_criteria_type_id, parameter, create_user, create_date, modify_user, modify_date) VALUES (100388, 3, '0', 132456, CURRENT, 132456, CURRENT);
INSERT INTO phase_criteria (project_phase_id, phase_criteria_type_id, parameter, create_user, create_date, modify_user, modify_date) VALUES (100388, 5, 'Yes', 132456, CURRENT, 132456, CURRENT);
INSERT INTO phase_criteria (project_phase_id, phase_criteria_type_id, parameter, create_user, create_date, modify_user, modify_date) VALUES (100389, 1, '30000412', 132456, CURRENT, 132456, CURRENT);
INSERT INTO phase_criteria (project_phase_id, phase_criteria_type_id, parameter, create_user, create_date, modify_user, modify_date) VALUES (100389, 5, 'No', 132456, CURRENT, 132456, CURRENT);
INSERT INTO phase_criteria (project_phase_id, phase_criteria_type_id, parameter, create_user, create_date, modify_user, modify_date) VALUES (100390, 6, '3', 132456, CURRENT, 132456, CURRENT);
INSERT INTO phase_criteria (project_phase_id, phase_criteria_type_id, parameter, create_user, create_date, modify_user, modify_date) VALUES (100390, 1, '30000413', 132456, CURRENT, 132456, CURRENT);
INSERT INTO phase_criteria (project_phase_id, phase_criteria_type_id, parameter, create_user, create_date, modify_user, modify_date) VALUES (100390, 5, 'No', 132456, CURRENT, 132456, CURRENT);
INSERT INTO phase_criteria (project_phase_id, phase_criteria_type_id, parameter, create_user, create_date, modify_user, modify_date) VALUES (100391, 4, 'No', 132456, CURRENT, 132456, CURRENT);
INSERT INTO phase_criteria (project_phase_id, phase_criteria_type_id, parameter, create_user, create_date, modify_user, modify_date) VALUES (100391, 5, 'No', 132456, CURRENT, 132456, CURRENT);
INSERT INTO phase_criteria (project_phase_id, phase_criteria_type_id, parameter, create_user, create_date, modify_user, modify_date) VALUES (100392, 5, 'No', 132456, CURRENT, 132456, CURRENT);
INSERT INTO phase_criteria (project_phase_id, phase_criteria_type_id, parameter, create_user, create_date, modify_user, modify_date) VALUES (100393, 5, 'No', 132456, CURRENT, 132456, CURRENT);
INSERT INTO phase_criteria (project_phase_id, phase_criteria_type_id, parameter, create_user, create_date, modify_user, modify_date) VALUES (100394, 5, 'No', 132456, CURRENT, 132456, CURRENT);
INSERT INTO phase_criteria (project_phase_id, phase_criteria_type_id, parameter, create_user, create_date, modify_user, modify_date) VALUES (100395, 5, 'No', 132456, CURRENT, 132456, CURRENT);
INSERT INTO phase_criteria (project_phase_id, phase_criteria_type_id, parameter, create_user, create_date, modify_user, modify_date) VALUES (100396, 6, '1', 132456, CURRENT, 132456, CURRENT);
INSERT INTO phase_criteria (project_phase_id, phase_criteria_type_id, parameter, create_user, create_date, modify_user, modify_date) VALUES (100396, 1, '30000720', 132456, CURRENT, 132456, CURRENT);
INSERT INTO review_auction (review_auction_id, project_id, review_auction_type_id) VALUES (110033, 100033, 3);
INSERT INTO review_auction (review_auction_id, project_id, review_auction_type_id) VALUES (100033, 100033, 2);
INSERT INTO project (project_id, project_status_id, project_category_id, create_user, create_date, modify_user, modify_date, tc_direct_project_id, project_studio_spec_id) VALUES (100034, 1, 1, 132456, CURRENT, 132456, CURRENT, 100001, NULL);
INSERT INTO project_phase (project_phase_id, project_id, phase_type_id, phase_status_id, fixed_start_time, scheduled_start_time, scheduled_end_time, actual_start_time, actual_end_time, duration, create_user, create_date, modify_user, modify_date) VALUES (100397, 100034, 13, 3, CURRENT + -13800 UNITS MINUTE, CURRENT + -13800 UNITS MINUTE, CURRENT + -10920 UNITS MINUTE, CURRENT + -13800 UNITS MINUTE, CURRENT + -10920 UNITS MINUTE, 172800000, 132456, CURRENT, 132456, CURRENT);
INSERT INTO project_phase (project_phase_id, project_id, phase_type_id, phase_status_id, fixed_start_time, scheduled_start_time, scheduled_end_time, actual_start_time, actual_end_time, duration, create_user, create_date, modify_user, modify_date) VALUES (100398, 100034, 14, 3, null, CURRENT + -10920 UNITS MINUTE, CURRENT + -10800 UNITS MINUTE, CURRENT + -10920 UNITS MINUTE, CURRENT + -10800 UNITS MINUTE, 7200000, 132456, CURRENT, 132456, CURRENT);
INSERT INTO project_phase (project_phase_id, project_id, phase_type_id, phase_status_id, fixed_start_time, scheduled_start_time, scheduled_end_time, actual_start_time, actual_end_time, duration, create_user, create_date, modify_user, modify_date) VALUES (100399, 100034, 1, 3, CURRENT + -10800 UNITS MINUTE, CURRENT + -10800 UNITS MINUTE, CURRENT + -7920 UNITS MINUTE, CURRENT + -10800 UNITS MINUTE, CURRENT + -7920 UNITS MINUTE, 172800000, 132456, CURRENT, 132456, CURRENT);
INSERT INTO project_phase (project_phase_id, project_id, phase_type_id, phase_status_id, fixed_start_time, scheduled_start_time, scheduled_end_time, actual_start_time, actual_end_time, duration, create_user, create_date, modify_user, modify_date) VALUES (100400, 100034, 2, 3, null, CURRENT + -10800 UNITS MINUTE, CURRENT + -5040 UNITS MINUTE, CURRENT + -10800 UNITS MINUTE, CURRENT + -5040 UNITS MINUTE, 345600000, 132456, CURRENT, 132456, CURRENT);
INSERT INTO project_phase (project_phase_id, project_id, phase_type_id, phase_status_id, fixed_start_time, scheduled_start_time, scheduled_end_time, actual_start_time, actual_end_time, duration, create_user, create_date, modify_user, modify_date) VALUES (100401, 100034, 3, 3, null, CURRENT + -5040 UNITS MINUTE, CURRENT + -4320 UNITS MINUTE, CURRENT + -5040 UNITS MINUTE, CURRENT + -4320 UNITS MINUTE, 43200000, 132456, CURRENT, 132456, CURRENT);
INSERT INTO project_phase (project_phase_id, project_id, phase_type_id, phase_status_id, fixed_start_time, scheduled_start_time, scheduled_end_time, actual_start_time, actual_end_time, duration, create_user, create_date, modify_user, modify_date) VALUES (100402, 100034, 4, 2, null, CURRENT + -4320 UNITS MINUTE, CURRENT + -1440 UNITS MINUTE, CURRENT + -4320 UNITS MINUTE, null, 172800000, 132456, CURRENT, 132456, CURRENT);
INSERT INTO project_phase (project_phase_id, project_id, phase_type_id, phase_status_id, fixed_start_time, scheduled_start_time, scheduled_end_time, actual_start_time, actual_end_time, duration, create_user, create_date, modify_user, modify_date) VALUES (100403, 100034, 5, 1, null, CURRENT + -1440 UNITS MINUTE, CURRENT + 0 UNITS MINUTE, null, null, 86400000, 132456, CURRENT, 132456, CURRENT);
INSERT INTO project_phase (project_phase_id, project_id, phase_type_id, phase_status_id, fixed_start_time, scheduled_start_time, scheduled_end_time, actual_start_time, actual_end_time, duration, create_user, create_date, modify_user, modify_date) VALUES (100404, 100034, 6, 1, null, CURRENT + 0 UNITS MINUTE, CURRENT + 720 UNITS MINUTE, null, null, 43200000, 132456, CURRENT, 132456, CURRENT);
INSERT INTO project_phase (project_phase_id, project_id, phase_type_id, phase_status_id, fixed_start_time, scheduled_start_time, scheduled_end_time, actual_start_time, actual_end_time, duration, create_user, create_date, modify_user, modify_date) VALUES (100405, 100034, 7, 1, null, CURRENT + 720 UNITS MINUTE, CURRENT + 1440 UNITS MINUTE, null, null, 43200000, 132456, CURRENT, 132456, CURRENT);
INSERT INTO project_phase (project_phase_id, project_id, phase_type_id, phase_status_id, fixed_start_time, scheduled_start_time, scheduled_end_time, actual_start_time, actual_end_time, duration, create_user, create_date, modify_user, modify_date) VALUES (100406, 100034, 9, 1, null, CURRENT + 1440 UNITS MINUTE, CURRENT + 2880 UNITS MINUTE, null, null, 86400000, 132456, CURRENT, 132456, CURRENT);
INSERT INTO project_phase (project_phase_id, project_id, phase_type_id, phase_status_id, fixed_start_time, scheduled_start_time, scheduled_end_time, actual_start_time, actual_end_time, duration, create_user, create_date, modify_user, modify_date) VALUES (100407, 100034, 10, 1, null, CURRENT + 2880 UNITS MINUTE, CURRENT + 3600 UNITS MINUTE, null, null, 43200000, 132456, CURRENT, 132456, CURRENT);
INSERT INTO project_phase (project_phase_id, project_id, phase_type_id, phase_status_id, fixed_start_time, scheduled_start_time, scheduled_end_time, actual_start_time, actual_end_time, duration, create_user, create_date, modify_user, modify_date) VALUES (100408, 100034, 11, 1, null, CURRENT + 3600 UNITS MINUTE, CURRENT + 10800 UNITS MINUTE, null, null, 432000000, 132456, CURRENT, 132456, CURRENT);
INSERT INTO phase_dependency (dependency_phase_id, dependent_phase_id, dependency_start, dependent_start, lag_time, create_user, create_date, modify_user, modify_date) VALUES (100397, 100398, 0, 1, 0, 132456, CURRENT, 132456, CURRENT);
INSERT INTO phase_dependency (dependency_phase_id, dependent_phase_id, dependency_start, dependent_start, lag_time, create_user, create_date, modify_user, modify_date) VALUES (100398, 100399, 0, 1, 0, 132456, CURRENT, 132456, CURRENT);
INSERT INTO phase_dependency (dependency_phase_id, dependent_phase_id, dependency_start, dependent_start, lag_time, create_user, create_date, modify_user, modify_date) VALUES (100399, 100400, 1, 1, 0, 132456, CURRENT, 132456, CURRENT);
INSERT INTO phase_dependency (dependency_phase_id, dependent_phase_id, dependency_start, dependent_start, lag_time, create_user, create_date, modify_user, modify_date) VALUES (100400, 100401, 0, 1, 0, 132456, CURRENT, 132456, CURRENT);
INSERT INTO phase_dependency (dependency_phase_id, dependent_phase_id, dependency_start, dependent_start, lag_time, create_user, create_date, modify_user, modify_date) VALUES (100401, 100402, 0, 1, 0, 132456, CURRENT, 132456, CURRENT);
INSERT INTO phase_dependency (dependency_phase_id, dependent_phase_id, dependency_start, dependent_start, lag_time, create_user, create_date, modify_user, modify_date) VALUES (100402, 100403, 0, 1, 0, 132456, CURRENT, 132456, CURRENT);
INSERT INTO phase_dependency (dependency_phase_id, dependent_phase_id, dependency_start, dependent_start, lag_time, create_user, create_date, modify_user, modify_date) VALUES (100403, 100404, 0, 1, 0, 132456, CURRENT, 132456, CURRENT);
INSERT INTO phase_dependency (dependency_phase_id, dependent_phase_id, dependency_start, dependent_start, lag_time, create_user, create_date, modify_user, modify_date) VALUES (100404, 100405, 0, 1, 0, 132456, CURRENT, 132456, CURRENT);
INSERT INTO phase_dependency (dependency_phase_id, dependent_phase_id, dependency_start, dependent_start, lag_time, create_user, create_date, modify_user, modify_date) VALUES (100405, 100406, 0, 1, 0, 132456, CURRENT, 132456, CURRENT);
INSERT INTO phase_dependency (dependency_phase_id, dependent_phase_id, dependency_start, dependent_start, lag_time, create_user, create_date, modify_user, modify_date) VALUES (100406, 100407, 0, 1, 0, 132456, CURRENT, 132456, CURRENT);
INSERT INTO phase_dependency (dependency_phase_id, dependent_phase_id, dependency_start, dependent_start, lag_time, create_user, create_date, modify_user, modify_date) VALUES (100407, 100408, 0, 1, 0, 132456, CURRENT, 132456, CURRENT);
INSERT INTO phase_criteria (project_phase_id, phase_criteria_type_id, parameter, create_user, create_date, modify_user, modify_date) VALUES (100398, 6, '1', 132456, CURRENT, 132456, CURRENT);
INSERT INTO phase_criteria (project_phase_id, phase_criteria_type_id, parameter, create_user, create_date, modify_user, modify_date) VALUES (100398, 1, '30000722', 132456, CURRENT, 132456, CURRENT);
INSERT INTO phase_criteria (project_phase_id, phase_criteria_type_id, parameter, create_user, create_date, modify_user, modify_date) VALUES (100399, 2, '0', 132456, CURRENT, 132456, CURRENT);
INSERT INTO phase_criteria (project_phase_id, phase_criteria_type_id, parameter, create_user, create_date, modify_user, modify_date) VALUES (100399, 5, 'No', 132456, CURRENT, 132456, CURRENT);
INSERT INTO phase_criteria (project_phase_id, phase_criteria_type_id, parameter, create_user, create_date, modify_user, modify_date) VALUES (100400, 3, '0', 132456, CURRENT, 132456, CURRENT);
INSERT INTO phase_criteria (project_phase_id, phase_criteria_type_id, parameter, create_user, create_date, modify_user, modify_date) VALUES (100400, 5, 'Yes', 132456, CURRENT, 132456, CURRENT);
INSERT INTO phase_criteria (project_phase_id, phase_criteria_type_id, parameter, create_user, create_date, modify_user, modify_date) VALUES (100401, 1, '30000410', 132456, CURRENT, 132456, CURRENT);
INSERT INTO phase_criteria (project_phase_id, phase_criteria_type_id, parameter, create_user, create_date, modify_user, modify_date) VALUES (100401, 5, 'No', 132456, CURRENT, 132456, CURRENT);
INSERT INTO phase_criteria (project_phase_id, phase_criteria_type_id, parameter, create_user, create_date, modify_user, modify_date) VALUES (100402, 6, '3', 132456, CURRENT, 132456, CURRENT);
INSERT INTO phase_criteria (project_phase_id, phase_criteria_type_id, parameter, create_user, create_date, modify_user, modify_date) VALUES (100402, 1, '30000411', 132456, CURRENT, 132456, CURRENT);
INSERT INTO phase_criteria (project_phase_id, phase_criteria_type_id, parameter, create_user, create_date, modify_user, modify_date) VALUES (100402, 5, 'No', 132456, CURRENT, 132456, CURRENT);
INSERT INTO phase_criteria (project_phase_id, phase_criteria_type_id, parameter, create_user, create_date, modify_user, modify_date) VALUES (100403, 4, 'No', 132456, CURRENT, 132456, CURRENT);
INSERT INTO phase_criteria (project_phase_id, phase_criteria_type_id, parameter, create_user, create_date, modify_user, modify_date) VALUES (100403, 5, 'No', 132456, CURRENT, 132456, CURRENT);
INSERT INTO phase_criteria (project_phase_id, phase_criteria_type_id, parameter, create_user, create_date, modify_user, modify_date) VALUES (100404, 5, 'No', 132456, CURRENT, 132456, CURRENT);
INSERT INTO phase_criteria (project_phase_id, phase_criteria_type_id, parameter, create_user, create_date, modify_user, modify_date) VALUES (100405, 5, 'No', 132456, CURRENT, 132456, CURRENT);
INSERT INTO phase_criteria (project_phase_id, phase_criteria_type_id, parameter, create_user, create_date, modify_user, modify_date) VALUES (100406, 5, 'No', 132456, CURRENT, 132456, CURRENT);
INSERT INTO phase_criteria (project_phase_id, phase_criteria_type_id, parameter, create_user, create_date, modify_user, modify_date) VALUES (100407, 5, 'No', 132456, CURRENT, 132456, CURRENT);
INSERT INTO phase_criteria (project_phase_id, phase_criteria_type_id, parameter, create_user, create_date, modify_user, modify_date) VALUES (100408, 6, '1', 132456, CURRENT, 132456, CURRENT);
INSERT INTO phase_criteria (project_phase_id, phase_criteria_type_id, parameter, create_user, create_date, modify_user, modify_date) VALUES (100408, 1, '30000720', 132456, CURRENT, 132456, CURRENT);
INSERT INTO review_auction (review_auction_id, project_id, review_auction_type_id) VALUES (110034, 100034, 3);
INSERT INTO review_auction (review_auction_id, project_id, review_auction_type_id) VALUES (100034, 100034, 1);
INSERT INTO project (project_id, project_status_id, project_category_id, create_user, create_date, modify_user, modify_date, tc_direct_project_id, project_studio_spec_id) VALUES (100035, 1, 2, 132456, CURRENT, 132456, CURRENT, 100001, NULL);
INSERT INTO project_phase (project_phase_id, project_id, phase_type_id, phase_status_id, fixed_start_time, scheduled_start_time, scheduled_end_time, actual_start_time, actual_end_time, duration, create_user, create_date, modify_user, modify_date) VALUES (100409, 100035, 13, 3, CURRENT + -8760 UNITS MINUTE, CURRENT + -8760 UNITS MINUTE, CURRENT + -5880 UNITS MINUTE, CURRENT + -8760 UNITS MINUTE, CURRENT + -5880 UNITS MINUTE, 172800000, 132456, CURRENT, 132456, CURRENT);
INSERT INTO project_phase (project_phase_id, project_id, phase_type_id, phase_status_id, fixed_start_time, scheduled_start_time, scheduled_end_time, actual_start_time, actual_end_time, duration, create_user, create_date, modify_user, modify_date) VALUES (100410, 100035, 14, 3, null, CURRENT + -5880 UNITS MINUTE, CURRENT + -5760 UNITS MINUTE, CURRENT + -5880 UNITS MINUTE, CURRENT + -5760 UNITS MINUTE, 7200000, 132456, CURRENT, 132456, CURRENT);
INSERT INTO project_phase (project_phase_id, project_id, phase_type_id, phase_status_id, fixed_start_time, scheduled_start_time, scheduled_end_time, actual_start_time, actual_end_time, duration, create_user, create_date, modify_user, modify_date) VALUES (100411, 100035, 1, 3, CURRENT + -5760 UNITS MINUTE, CURRENT + -5760 UNITS MINUTE, CURRENT + -2880 UNITS MINUTE, CURRENT + -5760 UNITS MINUTE, CURRENT + -2880 UNITS MINUTE, 172800000, 132456, CURRENT, 132456, CURRENT);
INSERT INTO project_phase (project_phase_id, project_id, phase_type_id, phase_status_id, fixed_start_time, scheduled_start_time, scheduled_end_time, actual_start_time, actual_end_time, duration, create_user, create_date, modify_user, modify_date) VALUES (100412, 100035, 2, 2, null, CURRENT + -5760 UNITS MINUTE, CURRENT + 0 UNITS MINUTE, CURRENT + -5760 UNITS MINUTE, null, 345600000, 132456, CURRENT, 132456, CURRENT);
INSERT INTO project_phase (project_phase_id, project_id, phase_type_id, phase_status_id, fixed_start_time, scheduled_start_time, scheduled_end_time, actual_start_time, actual_end_time, duration, create_user, create_date, modify_user, modify_date) VALUES (100413, 100035, 3, 1, null, CURRENT + 0 UNITS MINUTE, CURRENT + 720 UNITS MINUTE, null, null, 43200000, 132456, CURRENT, 132456, CURRENT);
INSERT INTO project_phase (project_phase_id, project_id, phase_type_id, phase_status_id, fixed_start_time, scheduled_start_time, scheduled_end_time, actual_start_time, actual_end_time, duration, create_user, create_date, modify_user, modify_date) VALUES (100414, 100035, 4, 1, null, CURRENT + 720 UNITS MINUTE, CURRENT + 3600 UNITS MINUTE, null, null, 172800000, 132456, CURRENT, 132456, CURRENT);
INSERT INTO project_phase (project_phase_id, project_id, phase_type_id, phase_status_id, fixed_start_time, scheduled_start_time, scheduled_end_time, actual_start_time, actual_end_time, duration, create_user, create_date, modify_user, modify_date) VALUES (100415, 100035, 5, 1, null, CURRENT + 3600 UNITS MINUTE, CURRENT + 5040 UNITS MINUTE, null, null, 86400000, 132456, CURRENT, 132456, CURRENT);
INSERT INTO project_phase (project_phase_id, project_id, phase_type_id, phase_status_id, fixed_start_time, scheduled_start_time, scheduled_end_time, actual_start_time, actual_end_time, duration, create_user, create_date, modify_user, modify_date) VALUES (100416, 100035, 6, 1, null, CURRENT + 5040 UNITS MINUTE, CURRENT + 5760 UNITS MINUTE, null, null, 43200000, 132456, CURRENT, 132456, CURRENT);
INSERT INTO project_phase (project_phase_id, project_id, phase_type_id, phase_status_id, fixed_start_time, scheduled_start_time, scheduled_end_time, actual_start_time, actual_end_time, duration, create_user, create_date, modify_user, modify_date) VALUES (100417, 100035, 7, 1, null, CURRENT + 5760 UNITS MINUTE, CURRENT + 6480 UNITS MINUTE, null, null, 43200000, 132456, CURRENT, 132456, CURRENT);
INSERT INTO project_phase (project_phase_id, project_id, phase_type_id, phase_status_id, fixed_start_time, scheduled_start_time, scheduled_end_time, actual_start_time, actual_end_time, duration, create_user, create_date, modify_user, modify_date) VALUES (100418, 100035, 9, 1, null, CURRENT + 6480 UNITS MINUTE, CURRENT + 7920 UNITS MINUTE, null, null, 86400000, 132456, CURRENT, 132456, CURRENT);
INSERT INTO project_phase (project_phase_id, project_id, phase_type_id, phase_status_id, fixed_start_time, scheduled_start_time, scheduled_end_time, actual_start_time, actual_end_time, duration, create_user, create_date, modify_user, modify_date) VALUES (100419, 100035, 10, 1, null, CURRENT + 7920 UNITS MINUTE, CURRENT + 8640 UNITS MINUTE, null, null, 43200000, 132456, CURRENT, 132456, CURRENT);
INSERT INTO project_phase (project_phase_id, project_id, phase_type_id, phase_status_id, fixed_start_time, scheduled_start_time, scheduled_end_time, actual_start_time, actual_end_time, duration, create_user, create_date, modify_user, modify_date) VALUES (100420, 100035, 11, 1, null, CURRENT + 8640 UNITS MINUTE, CURRENT + 15840 UNITS MINUTE, null, null, 432000000, 132456, CURRENT, 132456, CURRENT);
INSERT INTO phase_dependency (dependency_phase_id, dependent_phase_id, dependency_start, dependent_start, lag_time, create_user, create_date, modify_user, modify_date) VALUES (100409, 100410, 0, 1, 0, 132456, CURRENT, 132456, CURRENT);
INSERT INTO phase_dependency (dependency_phase_id, dependent_phase_id, dependency_start, dependent_start, lag_time, create_user, create_date, modify_user, modify_date) VALUES (100410, 100411, 0, 1, 0, 132456, CURRENT, 132456, CURRENT);
INSERT INTO phase_dependency (dependency_phase_id, dependent_phase_id, dependency_start, dependent_start, lag_time, create_user, create_date, modify_user, modify_date) VALUES (100411, 100412, 1, 1, 0, 132456, CURRENT, 132456, CURRENT);
INSERT INTO phase_dependency (dependency_phase_id, dependent_phase_id, dependency_start, dependent_start, lag_time, create_user, create_date, modify_user, modify_date) VALUES (100412, 100413, 0, 1, 0, 132456, CURRENT, 132456, CURRENT);
INSERT INTO phase_dependency (dependency_phase_id, dependent_phase_id, dependency_start, dependent_start, lag_time, create_user, create_date, modify_user, modify_date) VALUES (100413, 100414, 0, 1, 0, 132456, CURRENT, 132456, CURRENT);
INSERT INTO phase_dependency (dependency_phase_id, dependent_phase_id, dependency_start, dependent_start, lag_time, create_user, create_date, modify_user, modify_date) VALUES (100414, 100415, 0, 1, 0, 132456, CURRENT, 132456, CURRENT);
INSERT INTO phase_dependency (dependency_phase_id, dependent_phase_id, dependency_start, dependent_start, lag_time, create_user, create_date, modify_user, modify_date) VALUES (100415, 100416, 0, 1, 0, 132456, CURRENT, 132456, CURRENT);
INSERT INTO phase_dependency (dependency_phase_id, dependent_phase_id, dependency_start, dependent_start, lag_time, create_user, create_date, modify_user, modify_date) VALUES (100416, 100417, 0, 1, 0, 132456, CURRENT, 132456, CURRENT);
INSERT INTO phase_dependency (dependency_phase_id, dependent_phase_id, dependency_start, dependent_start, lag_time, create_user, create_date, modify_user, modify_date) VALUES (100417, 100418, 0, 1, 0, 132456, CURRENT, 132456, CURRENT);
INSERT INTO phase_dependency (dependency_phase_id, dependent_phase_id, dependency_start, dependent_start, lag_time, create_user, create_date, modify_user, modify_date) VALUES (100418, 100419, 0, 1, 0, 132456, CURRENT, 132456, CURRENT);
INSERT INTO phase_dependency (dependency_phase_id, dependent_phase_id, dependency_start, dependent_start, lag_time, create_user, create_date, modify_user, modify_date) VALUES (100419, 100420, 0, 1, 0, 132456, CURRENT, 132456, CURRENT);
INSERT INTO phase_criteria (project_phase_id, phase_criteria_type_id, parameter, create_user, create_date, modify_user, modify_date) VALUES (100410, 6, '1', 132456, CURRENT, 132456, CURRENT);
INSERT INTO phase_criteria (project_phase_id, phase_criteria_type_id, parameter, create_user, create_date, modify_user, modify_date) VALUES (100410, 1, '30000722', 132456, CURRENT, 132456, CURRENT);
INSERT INTO phase_criteria (project_phase_id, phase_criteria_type_id, parameter, create_user, create_date, modify_user, modify_date) VALUES (100411, 2, '0', 132456, CURRENT, 132456, CURRENT);
INSERT INTO phase_criteria (project_phase_id, phase_criteria_type_id, parameter, create_user, create_date, modify_user, modify_date) VALUES (100411, 5, 'No', 132456, CURRENT, 132456, CURRENT);
INSERT INTO phase_criteria (project_phase_id, phase_criteria_type_id, parameter, create_user, create_date, modify_user, modify_date) VALUES (100412, 3, '0', 132456, CURRENT, 132456, CURRENT);
INSERT INTO phase_criteria (project_phase_id, phase_criteria_type_id, parameter, create_user, create_date, modify_user, modify_date) VALUES (100412, 5, 'Yes', 132456, CURRENT, 132456, CURRENT);
INSERT INTO phase_criteria (project_phase_id, phase_criteria_type_id, parameter, create_user, create_date, modify_user, modify_date) VALUES (100413, 1, '30000412', 132456, CURRENT, 132456, CURRENT);
INSERT INTO phase_criteria (project_phase_id, phase_criteria_type_id, parameter, create_user, create_date, modify_user, modify_date) VALUES (100413, 5, 'No', 132456, CURRENT, 132456, CURRENT);
INSERT INTO phase_criteria (project_phase_id, phase_criteria_type_id, parameter, create_user, create_date, modify_user, modify_date) VALUES (100414, 6, '3', 132456, CURRENT, 132456, CURRENT);
INSERT INTO phase_criteria (project_phase_id, phase_criteria_type_id, parameter, create_user, create_date, modify_user, modify_date) VALUES (100414, 1, '30000413', 132456, CURRENT, 132456, CURRENT);
INSERT INTO phase_criteria (project_phase_id, phase_criteria_type_id, parameter, create_user, create_date, modify_user, modify_date) VALUES (100414, 5, 'No', 132456, CURRENT, 132456, CURRENT);
INSERT INTO phase_criteria (project_phase_id, phase_criteria_type_id, parameter, create_user, create_date, modify_user, modify_date) VALUES (100415, 4, 'No', 132456, CURRENT, 132456, CURRENT);
INSERT INTO phase_criteria (project_phase_id, phase_criteria_type_id, parameter, create_user, create_date, modify_user, modify_date) VALUES (100415, 5, 'No', 132456, CURRENT, 132456, CURRENT);
INSERT INTO phase_criteria (project_phase_id, phase_criteria_type_id, parameter, create_user, create_date, modify_user, modify_date) VALUES (100416, 5, 'No', 132456, CURRENT, 132456, CURRENT);
INSERT INTO phase_criteria (project_phase_id, phase_criteria_type_id, parameter, create_user, create_date, modify_user, modify_date) VALUES (100417, 5, 'No', 132456, CURRENT, 132456, CURRENT);
INSERT INTO phase_criteria (project_phase_id, phase_criteria_type_id, parameter, create_user, create_date, modify_user, modify_date) VALUES (100418, 5, 'No', 132456, CURRENT, 132456, CURRENT);
INSERT INTO phase_criteria (project_phase_id, phase_criteria_type_id, parameter, create_user, create_date, modify_user, modify_date) VALUES (100419, 5, 'No', 132456, CURRENT, 132456, CURRENT);
INSERT INTO phase_criteria (project_phase_id, phase_criteria_type_id, parameter, create_user, create_date, modify_user, modify_date) VALUES (100420, 6, '1', 132456, CURRENT, 132456, CURRENT);
INSERT INTO phase_criteria (project_phase_id, phase_criteria_type_id, parameter, create_user, create_date, modify_user, modify_date) VALUES (100420, 1, '30000720', 132456, CURRENT, 132456, CURRENT);
INSERT INTO review_auction (review_auction_id, project_id, review_auction_type_id) VALUES (110035, 100035, 3);
INSERT INTO review_auction (review_auction_id, project_id, review_auction_type_id) VALUES (100035, 100035, 2);
INSERT INTO project (project_id, project_status_id, project_category_id, create_user, create_date, modify_user, modify_date, tc_direct_project_id, project_studio_spec_id) VALUES (100036, 1, 1, 132456, CURRENT, 132456, CURRENT, 100001, NULL);
INSERT INTO project_phase (project_phase_id, project_id, phase_type_id, phase_status_id, fixed_start_time, scheduled_start_time, scheduled_end_time, actual_start_time, actual_end_time, duration, create_user, create_date, modify_user, modify_date) VALUES (100421, 100036, 13, 3, CURRENT + -13800 UNITS MINUTE, CURRENT + -13800 UNITS MINUTE, CURRENT + -10920 UNITS MINUTE, CURRENT + -13800 UNITS MINUTE, CURRENT + -10920 UNITS MINUTE, 172800000, 132456, CURRENT, 132456, CURRENT);
INSERT INTO project_phase (project_phase_id, project_id, phase_type_id, phase_status_id, fixed_start_time, scheduled_start_time, scheduled_end_time, actual_start_time, actual_end_time, duration, create_user, create_date, modify_user, modify_date) VALUES (100422, 100036, 14, 3, null, CURRENT + -10920 UNITS MINUTE, CURRENT + -10800 UNITS MINUTE, CURRENT + -10920 UNITS MINUTE, CURRENT + -10800 UNITS MINUTE, 7200000, 132456, CURRENT, 132456, CURRENT);
INSERT INTO project_phase (project_phase_id, project_id, phase_type_id, phase_status_id, fixed_start_time, scheduled_start_time, scheduled_end_time, actual_start_time, actual_end_time, duration, create_user, create_date, modify_user, modify_date) VALUES (100423, 100036, 1, 3, CURRENT + -10800 UNITS MINUTE, CURRENT + -10800 UNITS MINUTE, CURRENT + -7920 UNITS MINUTE, CURRENT + -10800 UNITS MINUTE, CURRENT + -7920 UNITS MINUTE, 172800000, 132456, CURRENT, 132456, CURRENT);
INSERT INTO project_phase (project_phase_id, project_id, phase_type_id, phase_status_id, fixed_start_time, scheduled_start_time, scheduled_end_time, actual_start_time, actual_end_time, duration, create_user, create_date, modify_user, modify_date) VALUES (100424, 100036, 2, 3, null, CURRENT + -10800 UNITS MINUTE, CURRENT + -5040 UNITS MINUTE, CURRENT + -10800 UNITS MINUTE, CURRENT + -5040 UNITS MINUTE, 345600000, 132456, CURRENT, 132456, CURRENT);
INSERT INTO project_phase (project_phase_id, project_id, phase_type_id, phase_status_id, fixed_start_time, scheduled_start_time, scheduled_end_time, actual_start_time, actual_end_time, duration, create_user, create_date, modify_user, modify_date) VALUES (100425, 100036, 3, 3, null, CURRENT + -5040 UNITS MINUTE, CURRENT + -4320 UNITS MINUTE, CURRENT + -5040 UNITS MINUTE, CURRENT + -4320 UNITS MINUTE, 43200000, 132456, CURRENT, 132456, CURRENT);
INSERT INTO project_phase (project_phase_id, project_id, phase_type_id, phase_status_id, fixed_start_time, scheduled_start_time, scheduled_end_time, actual_start_time, actual_end_time, duration, create_user, create_date, modify_user, modify_date) VALUES (100426, 100036, 4, 2, null, CURRENT + -4320 UNITS MINUTE, CURRENT + -1440 UNITS MINUTE, CURRENT + -4320 UNITS MINUTE, null, 172800000, 132456, CURRENT, 132456, CURRENT);
INSERT INTO project_phase (project_phase_id, project_id, phase_type_id, phase_status_id, fixed_start_time, scheduled_start_time, scheduled_end_time, actual_start_time, actual_end_time, duration, create_user, create_date, modify_user, modify_date) VALUES (100427, 100036, 5, 1, null, CURRENT + -1440 UNITS MINUTE, CURRENT + 0 UNITS MINUTE, null, null, 86400000, 132456, CURRENT, 132456, CURRENT);
INSERT INTO project_phase (project_phase_id, project_id, phase_type_id, phase_status_id, fixed_start_time, scheduled_start_time, scheduled_end_time, actual_start_time, actual_end_time, duration, create_user, create_date, modify_user, modify_date) VALUES (100428, 100036, 6, 1, null, CURRENT + 0 UNITS MINUTE, CURRENT + 720 UNITS MINUTE, null, null, 43200000, 132456, CURRENT, 132456, CURRENT);
INSERT INTO project_phase (project_phase_id, project_id, phase_type_id, phase_status_id, fixed_start_time, scheduled_start_time, scheduled_end_time, actual_start_time, actual_end_time, duration, create_user, create_date, modify_user, modify_date) VALUES (100429, 100036, 7, 1, null, CURRENT + 720 UNITS MINUTE, CURRENT + 1440 UNITS MINUTE, null, null, 43200000, 132456, CURRENT, 132456, CURRENT);
INSERT INTO project_phase (project_phase_id, project_id, phase_type_id, phase_status_id, fixed_start_time, scheduled_start_time, scheduled_end_time, actual_start_time, actual_end_time, duration, create_user, create_date, modify_user, modify_date) VALUES (100430, 100036, 9, 1, null, CURRENT + 1440 UNITS MINUTE, CURRENT + 2880 UNITS MINUTE, null, null, 86400000, 132456, CURRENT, 132456, CURRENT);
INSERT INTO project_phase (project_phase_id, project_id, phase_type_id, phase_status_id, fixed_start_time, scheduled_start_time, scheduled_end_time, actual_start_time, actual_end_time, duration, create_user, create_date, modify_user, modify_date) VALUES (100431, 100036, 10, 1, null, CURRENT + 2880 UNITS MINUTE, CURRENT + 3600 UNITS MINUTE, null, null, 43200000, 132456, CURRENT, 132456, CURRENT);
INSERT INTO project_phase (project_phase_id, project_id, phase_type_id, phase_status_id, fixed_start_time, scheduled_start_time, scheduled_end_time, actual_start_time, actual_end_time, duration, create_user, create_date, modify_user, modify_date) VALUES (100432, 100036, 11, 1, null, CURRENT + 3600 UNITS MINUTE, CURRENT + 10800 UNITS MINUTE, null, null, 432000000, 132456, CURRENT, 132456, CURRENT);
INSERT INTO phase_dependency (dependency_phase_id, dependent_phase_id, dependency_start, dependent_start, lag_time, create_user, create_date, modify_user, modify_date) VALUES (100421, 100422, 0, 1, 0, 132456, CURRENT, 132456, CURRENT);
INSERT INTO phase_dependency (dependency_phase_id, dependent_phase_id, dependency_start, dependent_start, lag_time, create_user, create_date, modify_user, modify_date) VALUES (100422, 100423, 0, 1, 0, 132456, CURRENT, 132456, CURRENT);
INSERT INTO phase_dependency (dependency_phase_id, dependent_phase_id, dependency_start, dependent_start, lag_time, create_user, create_date, modify_user, modify_date) VALUES (100423, 100424, 1, 1, 0, 132456, CURRENT, 132456, CURRENT);
INSERT INTO phase_dependency (dependency_phase_id, dependent_phase_id, dependency_start, dependent_start, lag_time, create_user, create_date, modify_user, modify_date) VALUES (100424, 100425, 0, 1, 0, 132456, CURRENT, 132456, CURRENT);
INSERT INTO phase_dependency (dependency_phase_id, dependent_phase_id, dependency_start, dependent_start, lag_time, create_user, create_date, modify_user, modify_date) VALUES (100425, 100426, 0, 1, 0, 132456, CURRENT, 132456, CURRENT);
INSERT INTO phase_dependency (dependency_phase_id, dependent_phase_id, dependency_start, dependent_start, lag_time, create_user, create_date, modify_user, modify_date) VALUES (100426, 100427, 0, 1, 0, 132456, CURRENT, 132456, CURRENT);
INSERT INTO phase_dependency (dependency_phase_id, dependent_phase_id, dependency_start, dependent_start, lag_time, create_user, create_date, modify_user, modify_date) VALUES (100427, 100428, 0, 1, 0, 132456, CURRENT, 132456, CURRENT);
INSERT INTO phase_dependency (dependency_phase_id, dependent_phase_id, dependency_start, dependent_start, lag_time, create_user, create_date, modify_user, modify_date) VALUES (100428, 100429, 0, 1, 0, 132456, CURRENT, 132456, CURRENT);
INSERT INTO phase_dependency (dependency_phase_id, dependent_phase_id, dependency_start, dependent_start, lag_time, create_user, create_date, modify_user, modify_date) VALUES (100429, 100430, 0, 1, 0, 132456, CURRENT, 132456, CURRENT);
INSERT INTO phase_dependency (dependency_phase_id, dependent_phase_id, dependency_start, dependent_start, lag_time, create_user, create_date, modify_user, modify_date) VALUES (100430, 100431, 0, 1, 0, 132456, CURRENT, 132456, CURRENT);
INSERT INTO phase_dependency (dependency_phase_id, dependent_phase_id, dependency_start, dependent_start, lag_time, create_user, create_date, modify_user, modify_date) VALUES (100431, 100432, 0, 1, 0, 132456, CURRENT, 132456, CURRENT);
INSERT INTO phase_criteria (project_phase_id, phase_criteria_type_id, parameter, create_user, create_date, modify_user, modify_date) VALUES (100422, 6, '1', 132456, CURRENT, 132456, CURRENT);
INSERT INTO phase_criteria (project_phase_id, phase_criteria_type_id, parameter, create_user, create_date, modify_user, modify_date) VALUES (100422, 1, '30000722', 132456, CURRENT, 132456, CURRENT);
INSERT INTO phase_criteria (project_phase_id, phase_criteria_type_id, parameter, create_user, create_date, modify_user, modify_date) VALUES (100423, 2, '0', 132456, CURRENT, 132456, CURRENT);
INSERT INTO phase_criteria (project_phase_id, phase_criteria_type_id, parameter, create_user, create_date, modify_user, modify_date) VALUES (100423, 5, 'No', 132456, CURRENT, 132456, CURRENT);
INSERT INTO phase_criteria (project_phase_id, phase_criteria_type_id, parameter, create_user, create_date, modify_user, modify_date) VALUES (100424, 3, '0', 132456, CURRENT, 132456, CURRENT);
INSERT INTO phase_criteria (project_phase_id, phase_criteria_type_id, parameter, create_user, create_date, modify_user, modify_date) VALUES (100424, 5, 'Yes', 132456, CURRENT, 132456, CURRENT);
INSERT INTO phase_criteria (project_phase_id, phase_criteria_type_id, parameter, create_user, create_date, modify_user, modify_date) VALUES (100425, 1, '30000410', 132456, CURRENT, 132456, CURRENT);
INSERT INTO phase_criteria (project_phase_id, phase_criteria_type_id, parameter, create_user, create_date, modify_user, modify_date) VALUES (100425, 5, 'No', 132456, CURRENT, 132456, CURRENT);
INSERT INTO phase_criteria (project_phase_id, phase_criteria_type_id, parameter, create_user, create_date, modify_user, modify_date) VALUES (100426, 6, '3', 132456, CURRENT, 132456, CURRENT);
INSERT INTO phase_criteria (project_phase_id, phase_criteria_type_id, parameter, create_user, create_date, modify_user, modify_date) VALUES (100426, 1, '30000411', 132456, CURRENT, 132456, CURRENT);
INSERT INTO phase_criteria (project_phase_id, phase_criteria_type_id, parameter, create_user, create_date, modify_user, modify_date) VALUES (100426, 5, 'No', 132456, CURRENT, 132456, CURRENT);
INSERT INTO phase_criteria (project_phase_id, phase_criteria_type_id, parameter, create_user, create_date, modify_user, modify_date) VALUES (100427, 4, 'No', 132456, CURRENT, 132456, CURRENT);
INSERT INTO phase_criteria (project_phase_id, phase_criteria_type_id, parameter, create_user, create_date, modify_user, modify_date) VALUES (100427, 5, 'No', 132456, CURRENT, 132456, CURRENT);
INSERT INTO phase_criteria (project_phase_id, phase_criteria_type_id, parameter, create_user, create_date, modify_user, modify_date) VALUES (100428, 5, 'No', 132456, CURRENT, 132456, CURRENT);
INSERT INTO phase_criteria (project_phase_id, phase_criteria_type_id, parameter, create_user, create_date, modify_user, modify_date) VALUES (100429, 5, 'No', 132456, CURRENT, 132456, CURRENT);
INSERT INTO phase_criteria (project_phase_id, phase_criteria_type_id, parameter, create_user, create_date, modify_user, modify_date) VALUES (100430, 5, 'No', 132456, CURRENT, 132456, CURRENT);
INSERT INTO phase_criteria (project_phase_id, phase_criteria_type_id, parameter, create_user, create_date, modify_user, modify_date) VALUES (100431, 5, 'No', 132456, CURRENT, 132456, CURRENT);
INSERT INTO phase_criteria (project_phase_id, phase_criteria_type_id, parameter, create_user, create_date, modify_user, modify_date) VALUES (100432, 6, '1', 132456, CURRENT, 132456, CURRENT);
INSERT INTO phase_criteria (project_phase_id, phase_criteria_type_id, parameter, create_user, create_date, modify_user, modify_date) VALUES (100432, 1, '30000720', 132456, CURRENT, 132456, CURRENT);
INSERT INTO review_auction (review_auction_id, project_id, review_auction_type_id) VALUES (110036, 100036, 3);
INSERT INTO review_auction (review_auction_id, project_id, review_auction_type_id) VALUES (100036, 100036, 1);
INSERT INTO project (project_id, project_status_id, project_category_id, create_user, create_date, modify_user, modify_date, tc_direct_project_id, project_studio_spec_id) VALUES (100037, 1, 1, 132456, CURRENT, 132456, CURRENT, 100001, NULL);
INSERT INTO project_phase (project_phase_id, project_id, phase_type_id, phase_status_id, fixed_start_time, scheduled_start_time, scheduled_end_time, actual_start_time, actual_end_time, duration, create_user, create_date, modify_user, modify_date) VALUES (100433, 100037, 13, 3, CURRENT + -13800 UNITS MINUTE, CURRENT + -13800 UNITS MINUTE, CURRENT + -10920 UNITS MINUTE, CURRENT + -13800 UNITS MINUTE, CURRENT + -10920 UNITS MINUTE, 172800000, 132456, CURRENT, 132456, CURRENT);
INSERT INTO project_phase (project_phase_id, project_id, phase_type_id, phase_status_id, fixed_start_time, scheduled_start_time, scheduled_end_time, actual_start_time, actual_end_time, duration, create_user, create_date, modify_user, modify_date) VALUES (100434, 100037, 14, 3, null, CURRENT + -10920 UNITS MINUTE, CURRENT + -10800 UNITS MINUTE, CURRENT + -10920 UNITS MINUTE, CURRENT + -10800 UNITS MINUTE, 7200000, 132456, CURRENT, 132456, CURRENT);
INSERT INTO project_phase (project_phase_id, project_id, phase_type_id, phase_status_id, fixed_start_time, scheduled_start_time, scheduled_end_time, actual_start_time, actual_end_time, duration, create_user, create_date, modify_user, modify_date) VALUES (100435, 100037, 1, 3, CURRENT + -10800 UNITS MINUTE, CURRENT + -10800 UNITS MINUTE, CURRENT + -7920 UNITS MINUTE, CURRENT + -10800 UNITS MINUTE, CURRENT + -7920 UNITS MINUTE, 172800000, 132456, CURRENT, 132456, CURRENT);
INSERT INTO project_phase (project_phase_id, project_id, phase_type_id, phase_status_id, fixed_start_time, scheduled_start_time, scheduled_end_time, actual_start_time, actual_end_time, duration, create_user, create_date, modify_user, modify_date) VALUES (100436, 100037, 2, 3, null, CURRENT + -10800 UNITS MINUTE, CURRENT + -5040 UNITS MINUTE, CURRENT + -10800 UNITS MINUTE, CURRENT + -5040 UNITS MINUTE, 345600000, 132456, CURRENT, 132456, CURRENT);
INSERT INTO project_phase (project_phase_id, project_id, phase_type_id, phase_status_id, fixed_start_time, scheduled_start_time, scheduled_end_time, actual_start_time, actual_end_time, duration, create_user, create_date, modify_user, modify_date) VALUES (100437, 100037, 3, 3, null, CURRENT + -5040 UNITS MINUTE, CURRENT + -4320 UNITS MINUTE, CURRENT + -5040 UNITS MINUTE, CURRENT + -4320 UNITS MINUTE, 43200000, 132456, CURRENT, 132456, CURRENT);
INSERT INTO project_phase (project_phase_id, project_id, phase_type_id, phase_status_id, fixed_start_time, scheduled_start_time, scheduled_end_time, actual_start_time, actual_end_time, duration, create_user, create_date, modify_user, modify_date) VALUES (100438, 100037, 4, 2, null, CURRENT + -4320 UNITS MINUTE, CURRENT + -1440 UNITS MINUTE, CURRENT + -4320 UNITS MINUTE, null, 172800000, 132456, CURRENT, 132456, CURRENT);
INSERT INTO project_phase (project_phase_id, project_id, phase_type_id, phase_status_id, fixed_start_time, scheduled_start_time, scheduled_end_time, actual_start_time, actual_end_time, duration, create_user, create_date, modify_user, modify_date) VALUES (100439, 100037, 5, 1, null, CURRENT + -1440 UNITS MINUTE, CURRENT + 0 UNITS MINUTE, null, null, 86400000, 132456, CURRENT, 132456, CURRENT);
INSERT INTO project_phase (project_phase_id, project_id, phase_type_id, phase_status_id, fixed_start_time, scheduled_start_time, scheduled_end_time, actual_start_time, actual_end_time, duration, create_user, create_date, modify_user, modify_date) VALUES (100440, 100037, 6, 1, null, CURRENT + 0 UNITS MINUTE, CURRENT + 720 UNITS MINUTE, null, null, 43200000, 132456, CURRENT, 132456, CURRENT);
INSERT INTO project_phase (project_phase_id, project_id, phase_type_id, phase_status_id, fixed_start_time, scheduled_start_time, scheduled_end_time, actual_start_time, actual_end_time, duration, create_user, create_date, modify_user, modify_date) VALUES (100441, 100037, 7, 1, null, CURRENT + 720 UNITS MINUTE, CURRENT + 1440 UNITS MINUTE, null, null, 43200000, 132456, CURRENT, 132456, CURRENT);
INSERT INTO project_phase (project_phase_id, project_id, phase_type_id, phase_status_id, fixed_start_time, scheduled_start_time, scheduled_end_time, actual_start_time, actual_end_time, duration, create_user, create_date, modify_user, modify_date) VALUES (100442, 100037, 9, 1, null, CURRENT + 1440 UNITS MINUTE, CURRENT + 2880 UNITS MINUTE, null, null, 86400000, 132456, CURRENT, 132456, CURRENT);
INSERT INTO project_phase (project_phase_id, project_id, phase_type_id, phase_status_id, fixed_start_time, scheduled_start_time, scheduled_end_time, actual_start_time, actual_end_time, duration, create_user, create_date, modify_user, modify_date) VALUES (100443, 100037, 10, 1, null, CURRENT + 2880 UNITS MINUTE, CURRENT + 3600 UNITS MINUTE, null, null, 43200000, 132456, CURRENT, 132456, CURRENT);
INSERT INTO project_phase (project_phase_id, project_id, phase_type_id, phase_status_id, fixed_start_time, scheduled_start_time, scheduled_end_time, actual_start_time, actual_end_time, duration, create_user, create_date, modify_user, modify_date) VALUES (100444, 100037, 11, 1, null, CURRENT + 3600 UNITS MINUTE, CURRENT + 10800 UNITS MINUTE, null, null, 432000000, 132456, CURRENT, 132456, CURRENT);
INSERT INTO phase_dependency (dependency_phase_id, dependent_phase_id, dependency_start, dependent_start, lag_time, create_user, create_date, modify_user, modify_date) VALUES (100433, 100434, 0, 1, 0, 132456, CURRENT, 132456, CURRENT);
INSERT INTO phase_dependency (dependency_phase_id, dependent_phase_id, dependency_start, dependent_start, lag_time, create_user, create_date, modify_user, modify_date) VALUES (100434, 100435, 0, 1, 0, 132456, CURRENT, 132456, CURRENT);
INSERT INTO phase_dependency (dependency_phase_id, dependent_phase_id, dependency_start, dependent_start, lag_time, create_user, create_date, modify_user, modify_date) VALUES (100435, 100436, 1, 1, 0, 132456, CURRENT, 132456, CURRENT);
INSERT INTO phase_dependency (dependency_phase_id, dependent_phase_id, dependency_start, dependent_start, lag_time, create_user, create_date, modify_user, modify_date) VALUES (100436, 100437, 0, 1, 0, 132456, CURRENT, 132456, CURRENT);
INSERT INTO phase_dependency (dependency_phase_id, dependent_phase_id, dependency_start, dependent_start, lag_time, create_user, create_date, modify_user, modify_date) VALUES (100437, 100438, 0, 1, 0, 132456, CURRENT, 132456, CURRENT);
INSERT INTO phase_dependency (dependency_phase_id, dependent_phase_id, dependency_start, dependent_start, lag_time, create_user, create_date, modify_user, modify_date) VALUES (100438, 100439, 0, 1, 0, 132456, CURRENT, 132456, CURRENT);
INSERT INTO phase_dependency (dependency_phase_id, dependent_phase_id, dependency_start, dependent_start, lag_time, create_user, create_date, modify_user, modify_date) VALUES (100439, 100440, 0, 1, 0, 132456, CURRENT, 132456, CURRENT);
INSERT INTO phase_dependency (dependency_phase_id, dependent_phase_id, dependency_start, dependent_start, lag_time, create_user, create_date, modify_user, modify_date) VALUES (100440, 100441, 0, 1, 0, 132456, CURRENT, 132456, CURRENT);
INSERT INTO phase_dependency (dependency_phase_id, dependent_phase_id, dependency_start, dependent_start, lag_time, create_user, create_date, modify_user, modify_date) VALUES (100441, 100442, 0, 1, 0, 132456, CURRENT, 132456, CURRENT);
INSERT INTO phase_dependency (dependency_phase_id, dependent_phase_id, dependency_start, dependent_start, lag_time, create_user, create_date, modify_user, modify_date) VALUES (100442, 100443, 0, 1, 0, 132456, CURRENT, 132456, CURRENT);
INSERT INTO phase_dependency (dependency_phase_id, dependent_phase_id, dependency_start, dependent_start, lag_time, create_user, create_date, modify_user, modify_date) VALUES (100443, 100444, 0, 1, 0, 132456, CURRENT, 132456, CURRENT);
INSERT INTO phase_criteria (project_phase_id, phase_criteria_type_id, parameter, create_user, create_date, modify_user, modify_date) VALUES (100434, 6, '1', 132456, CURRENT, 132456, CURRENT);
INSERT INTO phase_criteria (project_phase_id, phase_criteria_type_id, parameter, create_user, create_date, modify_user, modify_date) VALUES (100434, 1, '30000722', 132456, CURRENT, 132456, CURRENT);
INSERT INTO phase_criteria (project_phase_id, phase_criteria_type_id, parameter, create_user, create_date, modify_user, modify_date) VALUES (100435, 2, '0', 132456, CURRENT, 132456, CURRENT);
INSERT INTO phase_criteria (project_phase_id, phase_criteria_type_id, parameter, create_user, create_date, modify_user, modify_date) VALUES (100435, 5, 'No', 132456, CURRENT, 132456, CURRENT);
INSERT INTO phase_criteria (project_phase_id, phase_criteria_type_id, parameter, create_user, create_date, modify_user, modify_date) VALUES (100436, 3, '0', 132456, CURRENT, 132456, CURRENT);
INSERT INTO phase_criteria (project_phase_id, phase_criteria_type_id, parameter, create_user, create_date, modify_user, modify_date) VALUES (100436, 5, 'Yes', 132456, CURRENT, 132456, CURRENT);
INSERT INTO phase_criteria (project_phase_id, phase_criteria_type_id, parameter, create_user, create_date, modify_user, modify_date) VALUES (100437, 1, '30000410', 132456, CURRENT, 132456, CURRENT);
INSERT INTO phase_criteria (project_phase_id, phase_criteria_type_id, parameter, create_user, create_date, modify_user, modify_date) VALUES (100437, 5, 'No', 132456, CURRENT, 132456, CURRENT);
INSERT INTO phase_criteria (project_phase_id, phase_criteria_type_id, parameter, create_user, create_date, modify_user, modify_date) VALUES (100438, 6, '3', 132456, CURRENT, 132456, CURRENT);
INSERT INTO phase_criteria (project_phase_id, phase_criteria_type_id, parameter, create_user, create_date, modify_user, modify_date) VALUES (100438, 1, '30000411', 132456, CURRENT, 132456, CURRENT);
INSERT INTO phase_criteria (project_phase_id, phase_criteria_type_id, parameter, create_user, create_date, modify_user, modify_date) VALUES (100438, 5, 'No', 132456, CURRENT, 132456, CURRENT);
INSERT INTO phase_criteria (project_phase_id, phase_criteria_type_id, parameter, create_user, create_date, modify_user, modify_date) VALUES (100439, 4, 'No', 132456, CURRENT, 132456, CURRENT);
INSERT INTO phase_criteria (project_phase_id, phase_criteria_type_id, parameter, create_user, create_date, modify_user, modify_date) VALUES (100439, 5, 'No', 132456, CURRENT, 132456, CURRENT);
INSERT INTO phase_criteria (project_phase_id, phase_criteria_type_id, parameter, create_user, create_date, modify_user, modify_date) VALUES (100440, 5, 'No', 132456, CURRENT, 132456, CURRENT);
INSERT INTO phase_criteria (project_phase_id, phase_criteria_type_id, parameter, create_user, create_date, modify_user, modify_date) VALUES (100441, 5, 'No', 132456, CURRENT, 132456, CURRENT);
INSERT INTO phase_criteria (project_phase_id, phase_criteria_type_id, parameter, create_user, create_date, modify_user, modify_date) VALUES (100442, 5, 'No', 132456, CURRENT, 132456, CURRENT);
INSERT INTO phase_criteria (project_phase_id, phase_criteria_type_id, parameter, create_user, create_date, modify_user, modify_date) VALUES (100443, 5, 'No', 132456, CURRENT, 132456, CURRENT);
INSERT INTO phase_criteria (project_phase_id, phase_criteria_type_id, parameter, create_user, create_date, modify_user, modify_date) VALUES (100444, 6, '1', 132456, CURRENT, 132456, CURRENT);
INSERT INTO phase_criteria (project_phase_id, phase_criteria_type_id, parameter, create_user, create_date, modify_user, modify_date) VALUES (100444, 1, '30000720', 132456, CURRENT, 132456, CURRENT);
INSERT INTO review_auction (review_auction_id, project_id, review_auction_type_id) VALUES (110037, 100037, 3);
INSERT INTO review_auction (review_auction_id, project_id, review_auction_type_id) VALUES (100037, 100037, 1);
INSERT INTO project (project_id, project_status_id, project_category_id, create_user, create_date, modify_user, modify_date, tc_direct_project_id, project_studio_spec_id) VALUES (100038, 1, 2, 132456, CURRENT, 132456, CURRENT, 100001, NULL);
INSERT INTO project_phase (project_phase_id, project_id, phase_type_id, phase_status_id, fixed_start_time, scheduled_start_time, scheduled_end_time, actual_start_time, actual_end_time, duration, create_user, create_date, modify_user, modify_date) VALUES (100445, 100038, 13, 3, CURRENT + -8760 UNITS MINUTE, CURRENT + -8760 UNITS MINUTE, CURRENT + -5880 UNITS MINUTE, CURRENT + -8760 UNITS MINUTE, CURRENT + -5880 UNITS MINUTE, 172800000, 132456, CURRENT, 132456, CURRENT);
INSERT INTO project_phase (project_phase_id, project_id, phase_type_id, phase_status_id, fixed_start_time, scheduled_start_time, scheduled_end_time, actual_start_time, actual_end_time, duration, create_user, create_date, modify_user, modify_date) VALUES (100446, 100038, 14, 3, null, CURRENT + -5880 UNITS MINUTE, CURRENT + -5760 UNITS MINUTE, CURRENT + -5880 UNITS MINUTE, CURRENT + -5760 UNITS MINUTE, 7200000, 132456, CURRENT, 132456, CURRENT);
INSERT INTO project_phase (project_phase_id, project_id, phase_type_id, phase_status_id, fixed_start_time, scheduled_start_time, scheduled_end_time, actual_start_time, actual_end_time, duration, create_user, create_date, modify_user, modify_date) VALUES (100447, 100038, 1, 3, CURRENT + -5760 UNITS MINUTE, CURRENT + -5760 UNITS MINUTE, CURRENT + -2880 UNITS MINUTE, CURRENT + -5760 UNITS MINUTE, CURRENT + -2880 UNITS MINUTE, 172800000, 132456, CURRENT, 132456, CURRENT);
INSERT INTO project_phase (project_phase_id, project_id, phase_type_id, phase_status_id, fixed_start_time, scheduled_start_time, scheduled_end_time, actual_start_time, actual_end_time, duration, create_user, create_date, modify_user, modify_date) VALUES (100448, 100038, 2, 2, null, CURRENT + -5760 UNITS MINUTE, CURRENT + 0 UNITS MINUTE, CURRENT + -5760 UNITS MINUTE, null, 345600000, 132456, CURRENT, 132456, CURRENT);
INSERT INTO project_phase (project_phase_id, project_id, phase_type_id, phase_status_id, fixed_start_time, scheduled_start_time, scheduled_end_time, actual_start_time, actual_end_time, duration, create_user, create_date, modify_user, modify_date) VALUES (100449, 100038, 3, 1, null, CURRENT + 0 UNITS MINUTE, CURRENT + 720 UNITS MINUTE, null, null, 43200000, 132456, CURRENT, 132456, CURRENT);
INSERT INTO project_phase (project_phase_id, project_id, phase_type_id, phase_status_id, fixed_start_time, scheduled_start_time, scheduled_end_time, actual_start_time, actual_end_time, duration, create_user, create_date, modify_user, modify_date) VALUES (100450, 100038, 4, 1, null, CURRENT + 720 UNITS MINUTE, CURRENT + 3600 UNITS MINUTE, null, null, 172800000, 132456, CURRENT, 132456, CURRENT);
INSERT INTO project_phase (project_phase_id, project_id, phase_type_id, phase_status_id, fixed_start_time, scheduled_start_time, scheduled_end_time, actual_start_time, actual_end_time, duration, create_user, create_date, modify_user, modify_date) VALUES (100451, 100038, 5, 1, null, CURRENT + 3600 UNITS MINUTE, CURRENT + 5040 UNITS MINUTE, null, null, 86400000, 132456, CURRENT, 132456, CURRENT);
INSERT INTO project_phase (project_phase_id, project_id, phase_type_id, phase_status_id, fixed_start_time, scheduled_start_time, scheduled_end_time, actual_start_time, actual_end_time, duration, create_user, create_date, modify_user, modify_date) VALUES (100452, 100038, 6, 1, null, CURRENT + 5040 UNITS MINUTE, CURRENT + 5760 UNITS MINUTE, null, null, 43200000, 132456, CURRENT, 132456, CURRENT);
INSERT INTO project_phase (project_phase_id, project_id, phase_type_id, phase_status_id, fixed_start_time, scheduled_start_time, scheduled_end_time, actual_start_time, actual_end_time, duration, create_user, create_date, modify_user, modify_date) VALUES (100453, 100038, 7, 1, null, CURRENT + 5760 UNITS MINUTE, CURRENT + 6480 UNITS MINUTE, null, null, 43200000, 132456, CURRENT, 132456, CURRENT);
INSERT INTO project_phase (project_phase_id, project_id, phase_type_id, phase_status_id, fixed_start_time, scheduled_start_time, scheduled_end_time, actual_start_time, actual_end_time, duration, create_user, create_date, modify_user, modify_date) VALUES (100454, 100038, 9, 1, null, CURRENT + 6480 UNITS MINUTE, CURRENT + 7920 UNITS MINUTE, null, null, 86400000, 132456, CURRENT, 132456, CURRENT);
INSERT INTO project_phase (project_phase_id, project_id, phase_type_id, phase_status_id, fixed_start_time, scheduled_start_time, scheduled_end_time, actual_start_time, actual_end_time, duration, create_user, create_date, modify_user, modify_date) VALUES (100455, 100038, 10, 1, null, CURRENT + 7920 UNITS MINUTE, CURRENT + 8640 UNITS MINUTE, null, null, 43200000, 132456, CURRENT, 132456, CURRENT);
INSERT INTO project_phase (project_phase_id, project_id, phase_type_id, phase_status_id, fixed_start_time, scheduled_start_time, scheduled_end_time, actual_start_time, actual_end_time, duration, create_user, create_date, modify_user, modify_date) VALUES (100456, 100038, 11, 1, null, CURRENT + 8640 UNITS MINUTE, CURRENT + 15840 UNITS MINUTE, null, null, 432000000, 132456, CURRENT, 132456, CURRENT);
INSERT INTO phase_dependency (dependency_phase_id, dependent_phase_id, dependency_start, dependent_start, lag_time, create_user, create_date, modify_user, modify_date) VALUES (100445, 100446, 0, 1, 0, 132456, CURRENT, 132456, CURRENT);
INSERT INTO phase_dependency (dependency_phase_id, dependent_phase_id, dependency_start, dependent_start, lag_time, create_user, create_date, modify_user, modify_date) VALUES (100446, 100447, 0, 1, 0, 132456, CURRENT, 132456, CURRENT);
INSERT INTO phase_dependency (dependency_phase_id, dependent_phase_id, dependency_start, dependent_start, lag_time, create_user, create_date, modify_user, modify_date) VALUES (100447, 100448, 1, 1, 0, 132456, CURRENT, 132456, CURRENT);
INSERT INTO phase_dependency (dependency_phase_id, dependent_phase_id, dependency_start, dependent_start, lag_time, create_user, create_date, modify_user, modify_date) VALUES (100448, 100449, 0, 1, 0, 132456, CURRENT, 132456, CURRENT);
INSERT INTO phase_dependency (dependency_phase_id, dependent_phase_id, dependency_start, dependent_start, lag_time, create_user, create_date, modify_user, modify_date) VALUES (100449, 100450, 0, 1, 0, 132456, CURRENT, 132456, CURRENT);
INSERT INTO phase_dependency (dependency_phase_id, dependent_phase_id, dependency_start, dependent_start, lag_time, create_user, create_date, modify_user, modify_date) VALUES (100450, 100451, 0, 1, 0, 132456, CURRENT, 132456, CURRENT);
INSERT INTO phase_dependency (dependency_phase_id, dependent_phase_id, dependency_start, dependent_start, lag_time, create_user, create_date, modify_user, modify_date) VALUES (100451, 100452, 0, 1, 0, 132456, CURRENT, 132456, CURRENT);
INSERT INTO phase_dependency (dependency_phase_id, dependent_phase_id, dependency_start, dependent_start, lag_time, create_user, create_date, modify_user, modify_date) VALUES (100452, 100453, 0, 1, 0, 132456, CURRENT, 132456, CURRENT);
INSERT INTO phase_dependency (dependency_phase_id, dependent_phase_id, dependency_start, dependent_start, lag_time, create_user, create_date, modify_user, modify_date) VALUES (100453, 100454, 0, 1, 0, 132456, CURRENT, 132456, CURRENT);
INSERT INTO phase_dependency (dependency_phase_id, dependent_phase_id, dependency_start, dependent_start, lag_time, create_user, create_date, modify_user, modify_date) VALUES (100454, 100455, 0, 1, 0, 132456, CURRENT, 132456, CURRENT);
INSERT INTO phase_dependency (dependency_phase_id, dependent_phase_id, dependency_start, dependent_start, lag_time, create_user, create_date, modify_user, modify_date) VALUES (100455, 100456, 0, 1, 0, 132456, CURRENT, 132456, CURRENT);
INSERT INTO phase_criteria (project_phase_id, phase_criteria_type_id, parameter, create_user, create_date, modify_user, modify_date) VALUES (100446, 6, '1', 132456, CURRENT, 132456, CURRENT);
INSERT INTO phase_criteria (project_phase_id, phase_criteria_type_id, parameter, create_user, create_date, modify_user, modify_date) VALUES (100446, 1, '30000722', 132456, CURRENT, 132456, CURRENT);
INSERT INTO phase_criteria (project_phase_id, phase_criteria_type_id, parameter, create_user, create_date, modify_user, modify_date) VALUES (100447, 2, '0', 132456, CURRENT, 132456, CURRENT);
INSERT INTO phase_criteria (project_phase_id, phase_criteria_type_id, parameter, create_user, create_date, modify_user, modify_date) VALUES (100447, 5, 'No', 132456, CURRENT, 132456, CURRENT);
INSERT INTO phase_criteria (project_phase_id, phase_criteria_type_id, parameter, create_user, create_date, modify_user, modify_date) VALUES (100448, 3, '0', 132456, CURRENT, 132456, CURRENT);
INSERT INTO phase_criteria (project_phase_id, phase_criteria_type_id, parameter, create_user, create_date, modify_user, modify_date) VALUES (100448, 5, 'Yes', 132456, CURRENT, 132456, CURRENT);
INSERT INTO phase_criteria (project_phase_id, phase_criteria_type_id, parameter, create_user, create_date, modify_user, modify_date) VALUES (100449, 1, '30000412', 132456, CURRENT, 132456, CURRENT);
INSERT INTO phase_criteria (project_phase_id, phase_criteria_type_id, parameter, create_user, create_date, modify_user, modify_date) VALUES (100449, 5, 'No', 132456, CURRENT, 132456, CURRENT);
INSERT INTO phase_criteria (project_phase_id, phase_criteria_type_id, parameter, create_user, create_date, modify_user, modify_date) VALUES (100450, 6, '3', 132456, CURRENT, 132456, CURRENT);
INSERT INTO phase_criteria (project_phase_id, phase_criteria_type_id, parameter, create_user, create_date, modify_user, modify_date) VALUES (100450, 1, '30000413', 132456, CURRENT, 132456, CURRENT);
INSERT INTO phase_criteria (project_phase_id, phase_criteria_type_id, parameter, create_user, create_date, modify_user, modify_date) VALUES (100450, 5, 'No', 132456, CURRENT, 132456, CURRENT);
INSERT INTO phase_criteria (project_phase_id, phase_criteria_type_id, parameter, create_user, create_date, modify_user, modify_date) VALUES (100451, 4, 'No', 132456, CURRENT, 132456, CURRENT);
INSERT INTO phase_criteria (project_phase_id, phase_criteria_type_id, parameter, create_user, create_date, modify_user, modify_date) VALUES (100451, 5, 'No', 132456, CURRENT, 132456, CURRENT);
INSERT INTO phase_criteria (project_phase_id, phase_criteria_type_id, parameter, create_user, create_date, modify_user, modify_date) VALUES (100452, 5, 'No', 132456, CURRENT, 132456, CURRENT);
INSERT INTO phase_criteria (project_phase_id, phase_criteria_type_id, parameter, create_user, create_date, modify_user, modify_date) VALUES (100453, 5, 'No', 132456, CURRENT, 132456, CURRENT);
INSERT INTO phase_criteria (project_phase_id, phase_criteria_type_id, parameter, create_user, create_date, modify_user, modify_date) VALUES (100454, 5, 'No', 132456, CURRENT, 132456, CURRENT);
INSERT INTO phase_criteria (project_phase_id, phase_criteria_type_id, parameter, create_user, create_date, modify_user, modify_date) VALUES (100455, 5, 'No', 132456, CURRENT, 132456, CURRENT);
INSERT INTO phase_criteria (project_phase_id, phase_criteria_type_id, parameter, create_user, create_date, modify_user, modify_date) VALUES (100456, 6, '1', 132456, CURRENT, 132456, CURRENT);
INSERT INTO phase_criteria (project_phase_id, phase_criteria_type_id, parameter, create_user, create_date, modify_user, modify_date) VALUES (100456, 1, '30000720', 132456, CURRENT, 132456, CURRENT);
INSERT INTO review_auction (review_auction_id, project_id, review_auction_type_id) VALUES (110038, 100038, 3);
INSERT INTO review_auction (review_auction_id, project_id, review_auction_type_id) VALUES (100038, 100038, 2);
INSERT INTO project (project_id, project_status_id, project_category_id, create_user, create_date, modify_user, modify_date, tc_direct_project_id, project_studio_spec_id) VALUES (100039, 1, 2, 132456, CURRENT, 132456, CURRENT, 100001, NULL);
INSERT INTO project_phase (project_phase_id, project_id, phase_type_id, phase_status_id, fixed_start_time, scheduled_start_time, scheduled_end_time, actual_start_time, actual_end_time, duration, create_user, create_date, modify_user, modify_date) VALUES (100457, 100039, 13, 3, CURRENT + -13800 UNITS MINUTE, CURRENT + -13800 UNITS MINUTE, CURRENT + -10920 UNITS MINUTE, CURRENT + -13800 UNITS MINUTE, CURRENT + -10920 UNITS MINUTE, 172800000, 132456, CURRENT, 132456, CURRENT);
INSERT INTO project_phase (project_phase_id, project_id, phase_type_id, phase_status_id, fixed_start_time, scheduled_start_time, scheduled_end_time, actual_start_time, actual_end_time, duration, create_user, create_date, modify_user, modify_date) VALUES (100458, 100039, 14, 3, null, CURRENT + -10920 UNITS MINUTE, CURRENT + -10800 UNITS MINUTE, CURRENT + -10920 UNITS MINUTE, CURRENT + -10800 UNITS MINUTE, 7200000, 132456, CURRENT, 132456, CURRENT);
INSERT INTO project_phase (project_phase_id, project_id, phase_type_id, phase_status_id, fixed_start_time, scheduled_start_time, scheduled_end_time, actual_start_time, actual_end_time, duration, create_user, create_date, modify_user, modify_date) VALUES (100459, 100039, 1, 3, CURRENT + -10800 UNITS MINUTE, CURRENT + -10800 UNITS MINUTE, CURRENT + -7920 UNITS MINUTE, CURRENT + -10800 UNITS MINUTE, CURRENT + -7920 UNITS MINUTE, 172800000, 132456, CURRENT, 132456, CURRENT);
INSERT INTO project_phase (project_phase_id, project_id, phase_type_id, phase_status_id, fixed_start_time, scheduled_start_time, scheduled_end_time, actual_start_time, actual_end_time, duration, create_user, create_date, modify_user, modify_date) VALUES (100460, 100039, 2, 3, null, CURRENT + -10800 UNITS MINUTE, CURRENT + -5040 UNITS MINUTE, CURRENT + -10800 UNITS MINUTE, CURRENT + -5040 UNITS MINUTE, 345600000, 132456, CURRENT, 132456, CURRENT);
INSERT INTO project_phase (project_phase_id, project_id, phase_type_id, phase_status_id, fixed_start_time, scheduled_start_time, scheduled_end_time, actual_start_time, actual_end_time, duration, create_user, create_date, modify_user, modify_date) VALUES (100461, 100039, 3, 3, null, CURRENT + -5040 UNITS MINUTE, CURRENT + -4320 UNITS MINUTE, CURRENT + -5040 UNITS MINUTE, CURRENT + -4320 UNITS MINUTE, 43200000, 132456, CURRENT, 132456, CURRENT);
INSERT INTO project_phase (project_phase_id, project_id, phase_type_id, phase_status_id, fixed_start_time, scheduled_start_time, scheduled_end_time, actual_start_time, actual_end_time, duration, create_user, create_date, modify_user, modify_date) VALUES (100462, 100039, 4, 2, null, CURRENT + -4320 UNITS MINUTE, CURRENT + -1440 UNITS MINUTE, CURRENT + -4320 UNITS MINUTE, null, 172800000, 132456, CURRENT, 132456, CURRENT);
INSERT INTO project_phase (project_phase_id, project_id, phase_type_id, phase_status_id, fixed_start_time, scheduled_start_time, scheduled_end_time, actual_start_time, actual_end_time, duration, create_user, create_date, modify_user, modify_date) VALUES (100463, 100039, 5, 1, null, CURRENT + -1440 UNITS MINUTE, CURRENT + 0 UNITS MINUTE, null, null, 86400000, 132456, CURRENT, 132456, CURRENT);
INSERT INTO project_phase (project_phase_id, project_id, phase_type_id, phase_status_id, fixed_start_time, scheduled_start_time, scheduled_end_time, actual_start_time, actual_end_time, duration, create_user, create_date, modify_user, modify_date) VALUES (100464, 100039, 6, 1, null, CURRENT + 0 UNITS MINUTE, CURRENT + 720 UNITS MINUTE, null, null, 43200000, 132456, CURRENT, 132456, CURRENT);
INSERT INTO project_phase (project_phase_id, project_id, phase_type_id, phase_status_id, fixed_start_time, scheduled_start_time, scheduled_end_time, actual_start_time, actual_end_time, duration, create_user, create_date, modify_user, modify_date) VALUES (100465, 100039, 7, 1, null, CURRENT + 720 UNITS MINUTE, CURRENT + 1440 UNITS MINUTE, null, null, 43200000, 132456, CURRENT, 132456, CURRENT);
INSERT INTO project_phase (project_phase_id, project_id, phase_type_id, phase_status_id, fixed_start_time, scheduled_start_time, scheduled_end_time, actual_start_time, actual_end_time, duration, create_user, create_date, modify_user, modify_date) VALUES (100466, 100039, 9, 1, null, CURRENT + 1440 UNITS MINUTE, CURRENT + 2880 UNITS MINUTE, null, null, 86400000, 132456, CURRENT, 132456, CURRENT);
INSERT INTO project_phase (project_phase_id, project_id, phase_type_id, phase_status_id, fixed_start_time, scheduled_start_time, scheduled_end_time, actual_start_time, actual_end_time, duration, create_user, create_date, modify_user, modify_date) VALUES (100467, 100039, 10, 1, null, CURRENT + 2880 UNITS MINUTE, CURRENT + 3600 UNITS MINUTE, null, null, 43200000, 132456, CURRENT, 132456, CURRENT);
INSERT INTO project_phase (project_phase_id, project_id, phase_type_id, phase_status_id, fixed_start_time, scheduled_start_time, scheduled_end_time, actual_start_time, actual_end_time, duration, create_user, create_date, modify_user, modify_date) VALUES (100468, 100039, 11, 1, null, CURRENT + 3600 UNITS MINUTE, CURRENT + 10800 UNITS MINUTE, null, null, 432000000, 132456, CURRENT, 132456, CURRENT);
INSERT INTO phase_dependency (dependency_phase_id, dependent_phase_id, dependency_start, dependent_start, lag_time, create_user, create_date, modify_user, modify_date) VALUES (100457, 100458, 0, 1, 0, 132456, CURRENT, 132456, CURRENT);
INSERT INTO phase_dependency (dependency_phase_id, dependent_phase_id, dependency_start, dependent_start, lag_time, create_user, create_date, modify_user, modify_date) VALUES (100458, 100459, 0, 1, 0, 132456, CURRENT, 132456, CURRENT);
INSERT INTO phase_dependency (dependency_phase_id, dependent_phase_id, dependency_start, dependent_start, lag_time, create_user, create_date, modify_user, modify_date) VALUES (100459, 100460, 1, 1, 0, 132456, CURRENT, 132456, CURRENT);
INSERT INTO phase_dependency (dependency_phase_id, dependent_phase_id, dependency_start, dependent_start, lag_time, create_user, create_date, modify_user, modify_date) VALUES (100460, 100461, 0, 1, 0, 132456, CURRENT, 132456, CURRENT);
INSERT INTO phase_dependency (dependency_phase_id, dependent_phase_id, dependency_start, dependent_start, lag_time, create_user, create_date, modify_user, modify_date) VALUES (100461, 100462, 0, 1, 0, 132456, CURRENT, 132456, CURRENT);
INSERT INTO phase_dependency (dependency_phase_id, dependent_phase_id, dependency_start, dependent_start, lag_time, create_user, create_date, modify_user, modify_date) VALUES (100462, 100463, 0, 1, 0, 132456, CURRENT, 132456, CURRENT);
INSERT INTO phase_dependency (dependency_phase_id, dependent_phase_id, dependency_start, dependent_start, lag_time, create_user, create_date, modify_user, modify_date) VALUES (100463, 100464, 0, 1, 0, 132456, CURRENT, 132456, CURRENT);
INSERT INTO phase_dependency (dependency_phase_id, dependent_phase_id, dependency_start, dependent_start, lag_time, create_user, create_date, modify_user, modify_date) VALUES (100464, 100465, 0, 1, 0, 132456, CURRENT, 132456, CURRENT);
INSERT INTO phase_dependency (dependency_phase_id, dependent_phase_id, dependency_start, dependent_start, lag_time, create_user, create_date, modify_user, modify_date) VALUES (100465, 100466, 0, 1, 0, 132456, CURRENT, 132456, CURRENT);
INSERT INTO phase_dependency (dependency_phase_id, dependent_phase_id, dependency_start, dependent_start, lag_time, create_user, create_date, modify_user, modify_date) VALUES (100466, 100467, 0, 1, 0, 132456, CURRENT, 132456, CURRENT);
INSERT INTO phase_dependency (dependency_phase_id, dependent_phase_id, dependency_start, dependent_start, lag_time, create_user, create_date, modify_user, modify_date) VALUES (100467, 100468, 0, 1, 0, 132456, CURRENT, 132456, CURRENT);
INSERT INTO phase_criteria (project_phase_id, phase_criteria_type_id, parameter, create_user, create_date, modify_user, modify_date) VALUES (100458, 6, '1', 132456, CURRENT, 132456, CURRENT);
INSERT INTO phase_criteria (project_phase_id, phase_criteria_type_id, parameter, create_user, create_date, modify_user, modify_date) VALUES (100458, 1, '30000722', 132456, CURRENT, 132456, CURRENT);
INSERT INTO phase_criteria (project_phase_id, phase_criteria_type_id, parameter, create_user, create_date, modify_user, modify_date) VALUES (100459, 2, '0', 132456, CURRENT, 132456, CURRENT);
INSERT INTO phase_criteria (project_phase_id, phase_criteria_type_id, parameter, create_user, create_date, modify_user, modify_date) VALUES (100459, 5, 'No', 132456, CURRENT, 132456, CURRENT);
INSERT INTO phase_criteria (project_phase_id, phase_criteria_type_id, parameter, create_user, create_date, modify_user, modify_date) VALUES (100460, 3, '0', 132456, CURRENT, 132456, CURRENT);
INSERT INTO phase_criteria (project_phase_id, phase_criteria_type_id, parameter, create_user, create_date, modify_user, modify_date) VALUES (100460, 5, 'Yes', 132456, CURRENT, 132456, CURRENT);
INSERT INTO phase_criteria (project_phase_id, phase_criteria_type_id, parameter, create_user, create_date, modify_user, modify_date) VALUES (100461, 1, '30000412', 132456, CURRENT, 132456, CURRENT);
INSERT INTO phase_criteria (project_phase_id, phase_criteria_type_id, parameter, create_user, create_date, modify_user, modify_date) VALUES (100461, 5, 'No', 132456, CURRENT, 132456, CURRENT);
INSERT INTO phase_criteria (project_phase_id, phase_criteria_type_id, parameter, create_user, create_date, modify_user, modify_date) VALUES (100462, 6, '3', 132456, CURRENT, 132456, CURRENT);
INSERT INTO phase_criteria (project_phase_id, phase_criteria_type_id, parameter, create_user, create_date, modify_user, modify_date) VALUES (100462, 1, '30000413', 132456, CURRENT, 132456, CURRENT);
INSERT INTO phase_criteria (project_phase_id, phase_criteria_type_id, parameter, create_user, create_date, modify_user, modify_date) VALUES (100462, 5, 'No', 132456, CURRENT, 132456, CURRENT);
INSERT INTO phase_criteria (project_phase_id, phase_criteria_type_id, parameter, create_user, create_date, modify_user, modify_date) VALUES (100463, 4, 'No', 132456, CURRENT, 132456, CURRENT);
INSERT INTO phase_criteria (project_phase_id, phase_criteria_type_id, parameter, create_user, create_date, modify_user, modify_date) VALUES (100463, 5, 'No', 132456, CURRENT, 132456, CURRENT);
INSERT INTO phase_criteria (project_phase_id, phase_criteria_type_id, parameter, create_user, create_date, modify_user, modify_date) VALUES (100464, 5, 'No', 132456, CURRENT, 132456, CURRENT);
INSERT INTO phase_criteria (project_phase_id, phase_criteria_type_id, parameter, create_user, create_date, modify_user, modify_date) VALUES (100465, 5, 'No', 132456, CURRENT, 132456, CURRENT);
INSERT INTO phase_criteria (project_phase_id, phase_criteria_type_id, parameter, create_user, create_date, modify_user, modify_date) VALUES (100466, 5, 'No', 132456, CURRENT, 132456, CURRENT);
INSERT INTO phase_criteria (project_phase_id, phase_criteria_type_id, parameter, create_user, create_date, modify_user, modify_date) VALUES (100467, 5, 'No', 132456, CURRENT, 132456, CURRENT);
INSERT INTO phase_criteria (project_phase_id, phase_criteria_type_id, parameter, create_user, create_date, modify_user, modify_date) VALUES (100468, 6, '1', 132456, CURRENT, 132456, CURRENT);
INSERT INTO phase_criteria (project_phase_id, phase_criteria_type_id, parameter, create_user, create_date, modify_user, modify_date) VALUES (100468, 1, '30000720', 132456, CURRENT, 132456, CURRENT);
INSERT INTO review_auction (review_auction_id, project_id, review_auction_type_id) VALUES (110039, 100039, 3);
INSERT INTO review_auction (review_auction_id, project_id, review_auction_type_id) VALUES (100039, 100039, 2);
INSERT INTO project (project_id, project_status_id, project_category_id, create_user, create_date, modify_user, modify_date, tc_direct_project_id, project_studio_spec_id) VALUES (100040, 1, 2, 132456, CURRENT, 132456, CURRENT, 100001, NULL);
INSERT INTO project_phase (project_phase_id, project_id, phase_type_id, phase_status_id, fixed_start_time, scheduled_start_time, scheduled_end_time, actual_start_time, actual_end_time, duration, create_user, create_date, modify_user, modify_date) VALUES (100469, 100040, 13, 3, CURRENT + -8760 UNITS MINUTE, CURRENT + -8760 UNITS MINUTE, CURRENT + -5880 UNITS MINUTE, CURRENT + -8760 UNITS MINUTE, CURRENT + -5880 UNITS MINUTE, 172800000, 132456, CURRENT, 132456, CURRENT);
INSERT INTO project_phase (project_phase_id, project_id, phase_type_id, phase_status_id, fixed_start_time, scheduled_start_time, scheduled_end_time, actual_start_time, actual_end_time, duration, create_user, create_date, modify_user, modify_date) VALUES (100470, 100040, 14, 3, null, CURRENT + -5880 UNITS MINUTE, CURRENT + -5760 UNITS MINUTE, CURRENT + -5880 UNITS MINUTE, CURRENT + -5760 UNITS MINUTE, 7200000, 132456, CURRENT, 132456, CURRENT);
INSERT INTO project_phase (project_phase_id, project_id, phase_type_id, phase_status_id, fixed_start_time, scheduled_start_time, scheduled_end_time, actual_start_time, actual_end_time, duration, create_user, create_date, modify_user, modify_date) VALUES (100471, 100040, 1, 3, CURRENT + -5760 UNITS MINUTE, CURRENT + -5760 UNITS MINUTE, CURRENT + -2880 UNITS MINUTE, CURRENT + -5760 UNITS MINUTE, CURRENT + -2880 UNITS MINUTE, 172800000, 132456, CURRENT, 132456, CURRENT);
INSERT INTO project_phase (project_phase_id, project_id, phase_type_id, phase_status_id, fixed_start_time, scheduled_start_time, scheduled_end_time, actual_start_time, actual_end_time, duration, create_user, create_date, modify_user, modify_date) VALUES (100472, 100040, 2, 2, null, CURRENT + -5760 UNITS MINUTE, CURRENT + 0 UNITS MINUTE, CURRENT + -5760 UNITS MINUTE, null, 345600000, 132456, CURRENT, 132456, CURRENT);
INSERT INTO project_phase (project_phase_id, project_id, phase_type_id, phase_status_id, fixed_start_time, scheduled_start_time, scheduled_end_time, actual_start_time, actual_end_time, duration, create_user, create_date, modify_user, modify_date) VALUES (100473, 100040, 3, 1, null, CURRENT + 0 UNITS MINUTE, CURRENT + 720 UNITS MINUTE, null, null, 43200000, 132456, CURRENT, 132456, CURRENT);
INSERT INTO project_phase (project_phase_id, project_id, phase_type_id, phase_status_id, fixed_start_time, scheduled_start_time, scheduled_end_time, actual_start_time, actual_end_time, duration, create_user, create_date, modify_user, modify_date) VALUES (100474, 100040, 4, 1, null, CURRENT + 720 UNITS MINUTE, CURRENT + 3600 UNITS MINUTE, null, null, 172800000, 132456, CURRENT, 132456, CURRENT);
INSERT INTO project_phase (project_phase_id, project_id, phase_type_id, phase_status_id, fixed_start_time, scheduled_start_time, scheduled_end_time, actual_start_time, actual_end_time, duration, create_user, create_date, modify_user, modify_date) VALUES (100475, 100040, 5, 1, null, CURRENT + 3600 UNITS MINUTE, CURRENT + 5040 UNITS MINUTE, null, null, 86400000, 132456, CURRENT, 132456, CURRENT);
INSERT INTO project_phase (project_phase_id, project_id, phase_type_id, phase_status_id, fixed_start_time, scheduled_start_time, scheduled_end_time, actual_start_time, actual_end_time, duration, create_user, create_date, modify_user, modify_date) VALUES (100476, 100040, 6, 1, null, CURRENT + 5040 UNITS MINUTE, CURRENT + 5760 UNITS MINUTE, null, null, 43200000, 132456, CURRENT, 132456, CURRENT);
INSERT INTO project_phase (project_phase_id, project_id, phase_type_id, phase_status_id, fixed_start_time, scheduled_start_time, scheduled_end_time, actual_start_time, actual_end_time, duration, create_user, create_date, modify_user, modify_date) VALUES (100477, 100040, 7, 1, null, CURRENT + 5760 UNITS MINUTE, CURRENT + 6480 UNITS MINUTE, null, null, 43200000, 132456, CURRENT, 132456, CURRENT);
INSERT INTO project_phase (project_phase_id, project_id, phase_type_id, phase_status_id, fixed_start_time, scheduled_start_time, scheduled_end_time, actual_start_time, actual_end_time, duration, create_user, create_date, modify_user, modify_date) VALUES (100478, 100040, 9, 1, null, CURRENT + 6480 UNITS MINUTE, CURRENT + 7920 UNITS MINUTE, null, null, 86400000, 132456, CURRENT, 132456, CURRENT);
INSERT INTO project_phase (project_phase_id, project_id, phase_type_id, phase_status_id, fixed_start_time, scheduled_start_time, scheduled_end_time, actual_start_time, actual_end_time, duration, create_user, create_date, modify_user, modify_date) VALUES (100479, 100040, 10, 1, null, CURRENT + 7920 UNITS MINUTE, CURRENT + 8640 UNITS MINUTE, null, null, 43200000, 132456, CURRENT, 132456, CURRENT);
INSERT INTO project_phase (project_phase_id, project_id, phase_type_id, phase_status_id, fixed_start_time, scheduled_start_time, scheduled_end_time, actual_start_time, actual_end_time, duration, create_user, create_date, modify_user, modify_date) VALUES (100480, 100040, 11, 1, null, CURRENT + 8640 UNITS MINUTE, CURRENT + 15840 UNITS MINUTE, null, null, 432000000, 132456, CURRENT, 132456, CURRENT);
INSERT INTO phase_dependency (dependency_phase_id, dependent_phase_id, dependency_start, dependent_start, lag_time, create_user, create_date, modify_user, modify_date) VALUES (100469, 100470, 0, 1, 0, 132456, CURRENT, 132456, CURRENT);
INSERT INTO phase_dependency (dependency_phase_id, dependent_phase_id, dependency_start, dependent_start, lag_time, create_user, create_date, modify_user, modify_date) VALUES (100470, 100471, 0, 1, 0, 132456, CURRENT, 132456, CURRENT);
INSERT INTO phase_dependency (dependency_phase_id, dependent_phase_id, dependency_start, dependent_start, lag_time, create_user, create_date, modify_user, modify_date) VALUES (100471, 100472, 1, 1, 0, 132456, CURRENT, 132456, CURRENT);
INSERT INTO phase_dependency (dependency_phase_id, dependent_phase_id, dependency_start, dependent_start, lag_time, create_user, create_date, modify_user, modify_date) VALUES (100472, 100473, 0, 1, 0, 132456, CURRENT, 132456, CURRENT);
INSERT INTO phase_dependency (dependency_phase_id, dependent_phase_id, dependency_start, dependent_start, lag_time, create_user, create_date, modify_user, modify_date) VALUES (100473, 100474, 0, 1, 0, 132456, CURRENT, 132456, CURRENT);
INSERT INTO phase_dependency (dependency_phase_id, dependent_phase_id, dependency_start, dependent_start, lag_time, create_user, create_date, modify_user, modify_date) VALUES (100474, 100475, 0, 1, 0, 132456, CURRENT, 132456, CURRENT);
INSERT INTO phase_dependency (dependency_phase_id, dependent_phase_id, dependency_start, dependent_start, lag_time, create_user, create_date, modify_user, modify_date) VALUES (100475, 100476, 0, 1, 0, 132456, CURRENT, 132456, CURRENT);
INSERT INTO phase_dependency (dependency_phase_id, dependent_phase_id, dependency_start, dependent_start, lag_time, create_user, create_date, modify_user, modify_date) VALUES (100476, 100477, 0, 1, 0, 132456, CURRENT, 132456, CURRENT);
INSERT INTO phase_dependency (dependency_phase_id, dependent_phase_id, dependency_start, dependent_start, lag_time, create_user, create_date, modify_user, modify_date) VALUES (100477, 100478, 0, 1, 0, 132456, CURRENT, 132456, CURRENT);
INSERT INTO phase_dependency (dependency_phase_id, dependent_phase_id, dependency_start, dependent_start, lag_time, create_user, create_date, modify_user, modify_date) VALUES (100478, 100479, 0, 1, 0, 132456, CURRENT, 132456, CURRENT);
INSERT INTO phase_dependency (dependency_phase_id, dependent_phase_id, dependency_start, dependent_start, lag_time, create_user, create_date, modify_user, modify_date) VALUES (100479, 100480, 0, 1, 0, 132456, CURRENT, 132456, CURRENT);
INSERT INTO phase_criteria (project_phase_id, phase_criteria_type_id, parameter, create_user, create_date, modify_user, modify_date) VALUES (100470, 6, '1', 132456, CURRENT, 132456, CURRENT);
INSERT INTO phase_criteria (project_phase_id, phase_criteria_type_id, parameter, create_user, create_date, modify_user, modify_date) VALUES (100470, 1, '30000722', 132456, CURRENT, 132456, CURRENT);
INSERT INTO phase_criteria (project_phase_id, phase_criteria_type_id, parameter, create_user, create_date, modify_user, modify_date) VALUES (100471, 2, '0', 132456, CURRENT, 132456, CURRENT);
INSERT INTO phase_criteria (project_phase_id, phase_criteria_type_id, parameter, create_user, create_date, modify_user, modify_date) VALUES (100471, 5, 'No', 132456, CURRENT, 132456, CURRENT);
INSERT INTO phase_criteria (project_phase_id, phase_criteria_type_id, parameter, create_user, create_date, modify_user, modify_date) VALUES (100472, 3, '0', 132456, CURRENT, 132456, CURRENT);
INSERT INTO phase_criteria (project_phase_id, phase_criteria_type_id, parameter, create_user, create_date, modify_user, modify_date) VALUES (100472, 5, 'Yes', 132456, CURRENT, 132456, CURRENT);
INSERT INTO phase_criteria (project_phase_id, phase_criteria_type_id, parameter, create_user, create_date, modify_user, modify_date) VALUES (100473, 1, '30000412', 132456, CURRENT, 132456, CURRENT);
INSERT INTO phase_criteria (project_phase_id, phase_criteria_type_id, parameter, create_user, create_date, modify_user, modify_date) VALUES (100473, 5, 'No', 132456, CURRENT, 132456, CURRENT);
INSERT INTO phase_criteria (project_phase_id, phase_criteria_type_id, parameter, create_user, create_date, modify_user, modify_date) VALUES (100474, 6, '3', 132456, CURRENT, 132456, CURRENT);
INSERT INTO phase_criteria (project_phase_id, phase_criteria_type_id, parameter, create_user, create_date, modify_user, modify_date) VALUES (100474, 1, '30000413', 132456, CURRENT, 132456, CURRENT);
INSERT INTO phase_criteria (project_phase_id, phase_criteria_type_id, parameter, create_user, create_date, modify_user, modify_date) VALUES (100474, 5, 'No', 132456, CURRENT, 132456, CURRENT);
INSERT INTO phase_criteria (project_phase_id, phase_criteria_type_id, parameter, create_user, create_date, modify_user, modify_date) VALUES (100475, 4, 'No', 132456, CURRENT, 132456, CURRENT);
INSERT INTO phase_criteria (project_phase_id, phase_criteria_type_id, parameter, create_user, create_date, modify_user, modify_date) VALUES (100475, 5, 'No', 132456, CURRENT, 132456, CURRENT);
INSERT INTO phase_criteria (project_phase_id, phase_criteria_type_id, parameter, create_user, create_date, modify_user, modify_date) VALUES (100476, 5, 'No', 132456, CURRENT, 132456, CURRENT);
INSERT INTO phase_criteria (project_phase_id, phase_criteria_type_id, parameter, create_user, create_date, modify_user, modify_date) VALUES (100477, 5, 'No', 132456, CURRENT, 132456, CURRENT);
INSERT INTO phase_criteria (project_phase_id, phase_criteria_type_id, parameter, create_user, create_date, modify_user, modify_date) VALUES (100478, 5, 'No', 132456, CURRENT, 132456, CURRENT);
INSERT INTO phase_criteria (project_phase_id, phase_criteria_type_id, parameter, create_user, create_date, modify_user, modify_date) VALUES (100479, 5, 'No', 132456, CURRENT, 132456, CURRENT);
INSERT INTO phase_criteria (project_phase_id, phase_criteria_type_id, parameter, create_user, create_date, modify_user, modify_date) VALUES (100480, 6, '1', 132456, CURRENT, 132456, CURRENT);
INSERT INTO phase_criteria (project_phase_id, phase_criteria_type_id, parameter, create_user, create_date, modify_user, modify_date) VALUES (100480, 1, '30000720', 132456, CURRENT, 132456, CURRENT);
INSERT INTO review_auction (review_auction_id, project_id, review_auction_type_id) VALUES (110040, 100040, 3);
INSERT INTO review_auction (review_auction_id, project_id, review_auction_type_id) VALUES (100040, 100040, 2);
INSERT INTO project (project_id, project_status_id, project_category_id, create_user, create_date, modify_user, modify_date, tc_direct_project_id, project_studio_spec_id) VALUES (100041, 1, 1, 132456, CURRENT, 132456, CURRENT, 100001, NULL);
INSERT INTO project_phase (project_phase_id, project_id, phase_type_id, phase_status_id, fixed_start_time, scheduled_start_time, scheduled_end_time, actual_start_time, actual_end_time, duration, create_user, create_date, modify_user, modify_date) VALUES (100481, 100041, 13, 3, CURRENT + -8760 UNITS MINUTE, CURRENT + -8760 UNITS MINUTE, CURRENT + -5880 UNITS MINUTE, CURRENT + -8760 UNITS MINUTE, CURRENT + -5880 UNITS MINUTE, 172800000, 132456, CURRENT, 132456, CURRENT);
INSERT INTO project_phase (project_phase_id, project_id, phase_type_id, phase_status_id, fixed_start_time, scheduled_start_time, scheduled_end_time, actual_start_time, actual_end_time, duration, create_user, create_date, modify_user, modify_date) VALUES (100482, 100041, 14, 3, null, CURRENT + -5880 UNITS MINUTE, CURRENT + -5760 UNITS MINUTE, CURRENT + -5880 UNITS MINUTE, CURRENT + -5760 UNITS MINUTE, 7200000, 132456, CURRENT, 132456, CURRENT);
INSERT INTO project_phase (project_phase_id, project_id, phase_type_id, phase_status_id, fixed_start_time, scheduled_start_time, scheduled_end_time, actual_start_time, actual_end_time, duration, create_user, create_date, modify_user, modify_date) VALUES (100483, 100041, 1, 3, CURRENT + -5760 UNITS MINUTE, CURRENT + -5760 UNITS MINUTE, CURRENT + -2880 UNITS MINUTE, CURRENT + -5760 UNITS MINUTE, CURRENT + -2880 UNITS MINUTE, 172800000, 132456, CURRENT, 132456, CURRENT);
INSERT INTO project_phase (project_phase_id, project_id, phase_type_id, phase_status_id, fixed_start_time, scheduled_start_time, scheduled_end_time, actual_start_time, actual_end_time, duration, create_user, create_date, modify_user, modify_date) VALUES (100484, 100041, 2, 2, null, CURRENT + -5760 UNITS MINUTE, CURRENT + 0 UNITS MINUTE, CURRENT + -5760 UNITS MINUTE, null, 345600000, 132456, CURRENT, 132456, CURRENT);
INSERT INTO project_phase (project_phase_id, project_id, phase_type_id, phase_status_id, fixed_start_time, scheduled_start_time, scheduled_end_time, actual_start_time, actual_end_time, duration, create_user, create_date, modify_user, modify_date) VALUES (100485, 100041, 3, 1, null, CURRENT + 0 UNITS MINUTE, CURRENT + 720 UNITS MINUTE, null, null, 43200000, 132456, CURRENT, 132456, CURRENT);
INSERT INTO project_phase (project_phase_id, project_id, phase_type_id, phase_status_id, fixed_start_time, scheduled_start_time, scheduled_end_time, actual_start_time, actual_end_time, duration, create_user, create_date, modify_user, modify_date) VALUES (100486, 100041, 4, 1, null, CURRENT + 720 UNITS MINUTE, CURRENT + 3600 UNITS MINUTE, null, null, 172800000, 132456, CURRENT, 132456, CURRENT);
INSERT INTO project_phase (project_phase_id, project_id, phase_type_id, phase_status_id, fixed_start_time, scheduled_start_time, scheduled_end_time, actual_start_time, actual_end_time, duration, create_user, create_date, modify_user, modify_date) VALUES (100487, 100041, 5, 1, null, CURRENT + 3600 UNITS MINUTE, CURRENT + 5040 UNITS MINUTE, null, null, 86400000, 132456, CURRENT, 132456, CURRENT);
INSERT INTO project_phase (project_phase_id, project_id, phase_type_id, phase_status_id, fixed_start_time, scheduled_start_time, scheduled_end_time, actual_start_time, actual_end_time, duration, create_user, create_date, modify_user, modify_date) VALUES (100488, 100041, 6, 1, null, CURRENT + 5040 UNITS MINUTE, CURRENT + 5760 UNITS MINUTE, null, null, 43200000, 132456, CURRENT, 132456, CURRENT);
INSERT INTO project_phase (project_phase_id, project_id, phase_type_id, phase_status_id, fixed_start_time, scheduled_start_time, scheduled_end_time, actual_start_time, actual_end_time, duration, create_user, create_date, modify_user, modify_date) VALUES (100489, 100041, 7, 1, null, CURRENT + 5760 UNITS MINUTE, CURRENT + 6480 UNITS MINUTE, null, null, 43200000, 132456, CURRENT, 132456, CURRENT);
INSERT INTO project_phase (project_phase_id, project_id, phase_type_id, phase_status_id, fixed_start_time, scheduled_start_time, scheduled_end_time, actual_start_time, actual_end_time, duration, create_user, create_date, modify_user, modify_date) VALUES (100490, 100041, 9, 1, null, CURRENT + 6480 UNITS MINUTE, CURRENT + 7920 UNITS MINUTE, null, null, 86400000, 132456, CURRENT, 132456, CURRENT);
INSERT INTO project_phase (project_phase_id, project_id, phase_type_id, phase_status_id, fixed_start_time, scheduled_start_time, scheduled_end_time, actual_start_time, actual_end_time, duration, create_user, create_date, modify_user, modify_date) VALUES (100491, 100041, 10, 1, null, CURRENT + 7920 UNITS MINUTE, CURRENT + 8640 UNITS MINUTE, null, null, 43200000, 132456, CURRENT, 132456, CURRENT);
INSERT INTO project_phase (project_phase_id, project_id, phase_type_id, phase_status_id, fixed_start_time, scheduled_start_time, scheduled_end_time, actual_start_time, actual_end_time, duration, create_user, create_date, modify_user, modify_date) VALUES (100492, 100041, 11, 1, null, CURRENT + 8640 UNITS MINUTE, CURRENT + 15840 UNITS MINUTE, null, null, 432000000, 132456, CURRENT, 132456, CURRENT);
INSERT INTO phase_dependency (dependency_phase_id, dependent_phase_id, dependency_start, dependent_start, lag_time, create_user, create_date, modify_user, modify_date) VALUES (100481, 100482, 0, 1, 0, 132456, CURRENT, 132456, CURRENT);
INSERT INTO phase_dependency (dependency_phase_id, dependent_phase_id, dependency_start, dependent_start, lag_time, create_user, create_date, modify_user, modify_date) VALUES (100482, 100483, 0, 1, 0, 132456, CURRENT, 132456, CURRENT);
INSERT INTO phase_dependency (dependency_phase_id, dependent_phase_id, dependency_start, dependent_start, lag_time, create_user, create_date, modify_user, modify_date) VALUES (100483, 100484, 1, 1, 0, 132456, CURRENT, 132456, CURRENT);
INSERT INTO phase_dependency (dependency_phase_id, dependent_phase_id, dependency_start, dependent_start, lag_time, create_user, create_date, modify_user, modify_date) VALUES (100484, 100485, 0, 1, 0, 132456, CURRENT, 132456, CURRENT);
INSERT INTO phase_dependency (dependency_phase_id, dependent_phase_id, dependency_start, dependent_start, lag_time, create_user, create_date, modify_user, modify_date) VALUES (100485, 100486, 0, 1, 0, 132456, CURRENT, 132456, CURRENT);
INSERT INTO phase_dependency (dependency_phase_id, dependent_phase_id, dependency_start, dependent_start, lag_time, create_user, create_date, modify_user, modify_date) VALUES (100486, 100487, 0, 1, 0, 132456, CURRENT, 132456, CURRENT);
INSERT INTO phase_dependency (dependency_phase_id, dependent_phase_id, dependency_start, dependent_start, lag_time, create_user, create_date, modify_user, modify_date) VALUES (100487, 100488, 0, 1, 0, 132456, CURRENT, 132456, CURRENT);
INSERT INTO phase_dependency (dependency_phase_id, dependent_phase_id, dependency_start, dependent_start, lag_time, create_user, create_date, modify_user, modify_date) VALUES (100488, 100489, 0, 1, 0, 132456, CURRENT, 132456, CURRENT);
INSERT INTO phase_dependency (dependency_phase_id, dependent_phase_id, dependency_start, dependent_start, lag_time, create_user, create_date, modify_user, modify_date) VALUES (100489, 100490, 0, 1, 0, 132456, CURRENT, 132456, CURRENT);
INSERT INTO phase_dependency (dependency_phase_id, dependent_phase_id, dependency_start, dependent_start, lag_time, create_user, create_date, modify_user, modify_date) VALUES (100490, 100491, 0, 1, 0, 132456, CURRENT, 132456, CURRENT);
INSERT INTO phase_dependency (dependency_phase_id, dependent_phase_id, dependency_start, dependent_start, lag_time, create_user, create_date, modify_user, modify_date) VALUES (100491, 100492, 0, 1, 0, 132456, CURRENT, 132456, CURRENT);
INSERT INTO phase_criteria (project_phase_id, phase_criteria_type_id, parameter, create_user, create_date, modify_user, modify_date) VALUES (100482, 6, '1', 132456, CURRENT, 132456, CURRENT);
INSERT INTO phase_criteria (project_phase_id, phase_criteria_type_id, parameter, create_user, create_date, modify_user, modify_date) VALUES (100482, 1, '30000722', 132456, CURRENT, 132456, CURRENT);
INSERT INTO phase_criteria (project_phase_id, phase_criteria_type_id, parameter, create_user, create_date, modify_user, modify_date) VALUES (100483, 2, '0', 132456, CURRENT, 132456, CURRENT);
INSERT INTO phase_criteria (project_phase_id, phase_criteria_type_id, parameter, create_user, create_date, modify_user, modify_date) VALUES (100483, 5, 'No', 132456, CURRENT, 132456, CURRENT);
INSERT INTO phase_criteria (project_phase_id, phase_criteria_type_id, parameter, create_user, create_date, modify_user, modify_date) VALUES (100484, 3, '0', 132456, CURRENT, 132456, CURRENT);
INSERT INTO phase_criteria (project_phase_id, phase_criteria_type_id, parameter, create_user, create_date, modify_user, modify_date) VALUES (100484, 5, 'Yes', 132456, CURRENT, 132456, CURRENT);
INSERT INTO phase_criteria (project_phase_id, phase_criteria_type_id, parameter, create_user, create_date, modify_user, modify_date) VALUES (100485, 1, '30000410', 132456, CURRENT, 132456, CURRENT);
INSERT INTO phase_criteria (project_phase_id, phase_criteria_type_id, parameter, create_user, create_date, modify_user, modify_date) VALUES (100485, 5, 'No', 132456, CURRENT, 132456, CURRENT);
INSERT INTO phase_criteria (project_phase_id, phase_criteria_type_id, parameter, create_user, create_date, modify_user, modify_date) VALUES (100486, 6, '3', 132456, CURRENT, 132456, CURRENT);
INSERT INTO phase_criteria (project_phase_id, phase_criteria_type_id, parameter, create_user, create_date, modify_user, modify_date) VALUES (100486, 1, '30000411', 132456, CURRENT, 132456, CURRENT);
INSERT INTO phase_criteria (project_phase_id, phase_criteria_type_id, parameter, create_user, create_date, modify_user, modify_date) VALUES (100486, 5, 'No', 132456, CURRENT, 132456, CURRENT);
INSERT INTO phase_criteria (project_phase_id, phase_criteria_type_id, parameter, create_user, create_date, modify_user, modify_date) VALUES (100487, 4, 'No', 132456, CURRENT, 132456, CURRENT);
INSERT INTO phase_criteria (project_phase_id, phase_criteria_type_id, parameter, create_user, create_date, modify_user, modify_date) VALUES (100487, 5, 'No', 132456, CURRENT, 132456, CURRENT);
INSERT INTO phase_criteria (project_phase_id, phase_criteria_type_id, parameter, create_user, create_date, modify_user, modify_date) VALUES (100488, 5, 'No', 132456, CURRENT, 132456, CURRENT);
INSERT INTO phase_criteria (project_phase_id, phase_criteria_type_id, parameter, create_user, create_date, modify_user, modify_date) VALUES (100489, 5, 'No', 132456, CURRENT, 132456, CURRENT);
INSERT INTO phase_criteria (project_phase_id, phase_criteria_type_id, parameter, create_user, create_date, modify_user, modify_date) VALUES (100490, 5, 'No', 132456, CURRENT, 132456, CURRENT);
INSERT INTO phase_criteria (project_phase_id, phase_criteria_type_id, parameter, create_user, create_date, modify_user, modify_date) VALUES (100491, 5, 'No', 132456, CURRENT, 132456, CURRENT);
INSERT INTO phase_criteria (project_phase_id, phase_criteria_type_id, parameter, create_user, create_date, modify_user, modify_date) VALUES (100492, 6, '1', 132456, CURRENT, 132456, CURRENT);
INSERT INTO phase_criteria (project_phase_id, phase_criteria_type_id, parameter, create_user, create_date, modify_user, modify_date) VALUES (100492, 1, '30000720', 132456, CURRENT, 132456, CURRENT);
INSERT INTO review_auction (review_auction_id, project_id, review_auction_type_id) VALUES (110041, 100041, 3);
INSERT INTO review_auction (review_auction_id, project_id, review_auction_type_id) VALUES (100041, 100041, 1);
INSERT INTO project (project_id, project_status_id, project_category_id, create_user, create_date, modify_user, modify_date, tc_direct_project_id, project_studio_spec_id) VALUES (100042, 1, 14, 132456, CURRENT, 132456, CURRENT, 100001, NULL);
INSERT INTO project_phase (project_phase_id, project_id, phase_type_id, phase_status_id, fixed_start_time, scheduled_start_time, scheduled_end_time, actual_start_time, actual_end_time, duration, create_user, create_date, modify_user, modify_date) VALUES (100493, 100042, 13, 3, CURRENT + -9480 UNITS MINUTE, CURRENT + -9480 UNITS MINUTE, CURRENT + -6600 UNITS MINUTE, CURRENT + -9480 UNITS MINUTE, CURRENT + -6600 UNITS MINUTE, 172800000, 132456, CURRENT, 132456, CURRENT);
INSERT INTO project_phase (project_phase_id, project_id, phase_type_id, phase_status_id, fixed_start_time, scheduled_start_time, scheduled_end_time, actual_start_time, actual_end_time, duration, create_user, create_date, modify_user, modify_date) VALUES (100494, 100042, 14, 3, null, CURRENT + -6600 UNITS MINUTE, CURRENT + -6480 UNITS MINUTE, CURRENT + -6600 UNITS MINUTE, CURRENT + -6480 UNITS MINUTE, 7200000, 132456, CURRENT, 132456, CURRENT);
INSERT INTO project_phase (project_phase_id, project_id, phase_type_id, phase_status_id, fixed_start_time, scheduled_start_time, scheduled_end_time, actual_start_time, actual_end_time, duration, create_user, create_date, modify_user, modify_date) VALUES (100495, 100042, 1, 3, CURRENT + -6480 UNITS MINUTE, CURRENT + -6480 UNITS MINUTE, CURRENT + -3600 UNITS MINUTE, CURRENT + -6480 UNITS MINUTE, CURRENT + -3600 UNITS MINUTE, 172800000, 132456, CURRENT, 132456, CURRENT);
INSERT INTO project_phase (project_phase_id, project_id, phase_type_id, phase_status_id, fixed_start_time, scheduled_start_time, scheduled_end_time, actual_start_time, actual_end_time, duration, create_user, create_date, modify_user, modify_date) VALUES (100496, 100042, 2, 2, null, CURRENT + -6480 UNITS MINUTE, CURRENT + 720 UNITS MINUTE, CURRENT + -6480 UNITS MINUTE, null, 432000000, 132456, CURRENT, 132456, CURRENT);
INSERT INTO project_phase (project_phase_id, project_id, phase_type_id, phase_status_id, fixed_start_time, scheduled_start_time, scheduled_end_time, actual_start_time, actual_end_time, duration, create_user, create_date, modify_user, modify_date) VALUES (100497, 100042, 3, 1, null, CURRENT + 720 UNITS MINUTE, CURRENT + 1440 UNITS MINUTE, null, null, 43200000, 132456, CURRENT, 132456, CURRENT);
INSERT INTO project_phase (project_phase_id, project_id, phase_type_id, phase_status_id, fixed_start_time, scheduled_start_time, scheduled_end_time, actual_start_time, actual_end_time, duration, create_user, create_date, modify_user, modify_date) VALUES (100498, 100042, 4, 1, null, CURRENT + 1440 UNITS MINUTE, CURRENT + 4320 UNITS MINUTE, null, null, 172800000, 132456, CURRENT, 132456, CURRENT);
INSERT INTO project_phase (project_phase_id, project_id, phase_type_id, phase_status_id, fixed_start_time, scheduled_start_time, scheduled_end_time, actual_start_time, actual_end_time, duration, create_user, create_date, modify_user, modify_date) VALUES (100499, 100042, 5, 1, null, CURRENT + 4320 UNITS MINUTE, CURRENT + 5760 UNITS MINUTE, null, null, 86400000, 132456, CURRENT, 132456, CURRENT);
INSERT INTO project_phase (project_phase_id, project_id, phase_type_id, phase_status_id, fixed_start_time, scheduled_start_time, scheduled_end_time, actual_start_time, actual_end_time, duration, create_user, create_date, modify_user, modify_date) VALUES (100500, 100042, 6, 1, null, CURRENT + 5760 UNITS MINUTE, CURRENT + 6480 UNITS MINUTE, null, null, 43200000, 132456, CURRENT, 132456, CURRENT);
INSERT INTO project_phase (project_phase_id, project_id, phase_type_id, phase_status_id, fixed_start_time, scheduled_start_time, scheduled_end_time, actual_start_time, actual_end_time, duration, create_user, create_date, modify_user, modify_date) VALUES (100501, 100042, 7, 1, null, CURRENT + 6480 UNITS MINUTE, CURRENT + 7200 UNITS MINUTE, null, null, 43200000, 132456, CURRENT, 132456, CURRENT);
INSERT INTO project_phase (project_phase_id, project_id, phase_type_id, phase_status_id, fixed_start_time, scheduled_start_time, scheduled_end_time, actual_start_time, actual_end_time, duration, create_user, create_date, modify_user, modify_date) VALUES (100502, 100042, 9, 1, null, CURRENT + 7200 UNITS MINUTE, CURRENT + 8640 UNITS MINUTE, null, null, 86400000, 132456, CURRENT, 132456, CURRENT);
INSERT INTO project_phase (project_phase_id, project_id, phase_type_id, phase_status_id, fixed_start_time, scheduled_start_time, scheduled_end_time, actual_start_time, actual_end_time, duration, create_user, create_date, modify_user, modify_date) VALUES (100503, 100042, 10, 1, null, CURRENT + 8640 UNITS MINUTE, CURRENT + 9360 UNITS MINUTE, null, null, 43200000, 132456, CURRENT, 132456, CURRENT);
INSERT INTO project_phase (project_phase_id, project_id, phase_type_id, phase_status_id, fixed_start_time, scheduled_start_time, scheduled_end_time, actual_start_time, actual_end_time, duration, create_user, create_date, modify_user, modify_date) VALUES (100504, 100042, 11, 1, null, CURRENT + 9360 UNITS MINUTE, CURRENT + 16560 UNITS MINUTE, null, null, 432000000, 132456, CURRENT, 132456, CURRENT);
INSERT INTO phase_dependency (dependency_phase_id, dependent_phase_id, dependency_start, dependent_start, lag_time, create_user, create_date, modify_user, modify_date) VALUES (100493, 100494, 0, 1, 0, 132456, CURRENT, 132456, CURRENT);
INSERT INTO phase_dependency (dependency_phase_id, dependent_phase_id, dependency_start, dependent_start, lag_time, create_user, create_date, modify_user, modify_date) VALUES (100494, 100495, 0, 1, 0, 132456, CURRENT, 132456, CURRENT);
INSERT INTO phase_dependency (dependency_phase_id, dependent_phase_id, dependency_start, dependent_start, lag_time, create_user, create_date, modify_user, modify_date) VALUES (100495, 100496, 1, 1, 0, 132456, CURRENT, 132456, CURRENT);
INSERT INTO phase_dependency (dependency_phase_id, dependent_phase_id, dependency_start, dependent_start, lag_time, create_user, create_date, modify_user, modify_date) VALUES (100496, 100497, 0, 1, 0, 132456, CURRENT, 132456, CURRENT);
INSERT INTO phase_dependency (dependency_phase_id, dependent_phase_id, dependency_start, dependent_start, lag_time, create_user, create_date, modify_user, modify_date) VALUES (100497, 100498, 0, 1, 0, 132456, CURRENT, 132456, CURRENT);
INSERT INTO phase_dependency (dependency_phase_id, dependent_phase_id, dependency_start, dependent_start, lag_time, create_user, create_date, modify_user, modify_date) VALUES (100498, 100499, 0, 1, 0, 132456, CURRENT, 132456, CURRENT);
INSERT INTO phase_dependency (dependency_phase_id, dependent_phase_id, dependency_start, dependent_start, lag_time, create_user, create_date, modify_user, modify_date) VALUES (100499, 100500, 0, 1, 0, 132456, CURRENT, 132456, CURRENT);
INSERT INTO phase_dependency (dependency_phase_id, dependent_phase_id, dependency_start, dependent_start, lag_time, create_user, create_date, modify_user, modify_date) VALUES (100500, 100501, 0, 1, 0, 132456, CURRENT, 132456, CURRENT);
INSERT INTO phase_dependency (dependency_phase_id, dependent_phase_id, dependency_start, dependent_start, lag_time, create_user, create_date, modify_user, modify_date) VALUES (100501, 100502, 0, 1, 0, 132456, CURRENT, 132456, CURRENT);
INSERT INTO phase_dependency (dependency_phase_id, dependent_phase_id, dependency_start, dependent_start, lag_time, create_user, create_date, modify_user, modify_date) VALUES (100502, 100503, 0, 1, 0, 132456, CURRENT, 132456, CURRENT);
INSERT INTO phase_dependency (dependency_phase_id, dependent_phase_id, dependency_start, dependent_start, lag_time, create_user, create_date, modify_user, modify_date) VALUES (100503, 100504, 0, 1, 0, 132456, CURRENT, 132456, CURRENT);
INSERT INTO phase_criteria (project_phase_id, phase_criteria_type_id, parameter, create_user, create_date, modify_user, modify_date) VALUES (100494, 6, '1', 132456, CURRENT, 132456, CURRENT);
INSERT INTO phase_criteria (project_phase_id, phase_criteria_type_id, parameter, create_user, create_date, modify_user, modify_date) VALUES (100494, 1, '30000722', 132456, CURRENT, 132456, CURRENT);
INSERT INTO phase_criteria (project_phase_id, phase_criteria_type_id, parameter, create_user, create_date, modify_user, modify_date) VALUES (100495, 2, '0', 132456, CURRENT, 132456, CURRENT);
INSERT INTO phase_criteria (project_phase_id, phase_criteria_type_id, parameter, create_user, create_date, modify_user, modify_date) VALUES (100495, 5, 'No', 132456, CURRENT, 132456, CURRENT);
INSERT INTO phase_criteria (project_phase_id, phase_criteria_type_id, parameter, create_user, create_date, modify_user, modify_date) VALUES (100496, 3, '0', 132456, CURRENT, 132456, CURRENT);
INSERT INTO phase_criteria (project_phase_id, phase_criteria_type_id, parameter, create_user, create_date, modify_user, modify_date) VALUES (100496, 5, 'Yes', 132456, CURRENT, 132456, CURRENT);
INSERT INTO phase_criteria (project_phase_id, phase_criteria_type_id, parameter, create_user, create_date, modify_user, modify_date) VALUES (100497, 1, '30000410', 132456, CURRENT, 132456, CURRENT);
INSERT INTO phase_criteria (project_phase_id, phase_criteria_type_id, parameter, create_user, create_date, modify_user, modify_date) VALUES (100497, 5, 'No', 132456, CURRENT, 132456, CURRENT);
INSERT INTO phase_criteria (project_phase_id, phase_criteria_type_id, parameter, create_user, create_date, modify_user, modify_date) VALUES (100498, 6, '3', 132456, CURRENT, 132456, CURRENT);
INSERT INTO phase_criteria (project_phase_id, phase_criteria_type_id, parameter, create_user, create_date, modify_user, modify_date) VALUES (100498, 1, '30000411', 132456, CURRENT, 132456, CURRENT);
INSERT INTO phase_criteria (project_phase_id, phase_criteria_type_id, parameter, create_user, create_date, modify_user, modify_date) VALUES (100498, 5, 'No', 132456, CURRENT, 132456, CURRENT);
INSERT INTO phase_criteria (project_phase_id, phase_criteria_type_id, parameter, create_user, create_date, modify_user, modify_date) VALUES (100499, 4, 'No', 132456, CURRENT, 132456, CURRENT);
INSERT INTO phase_criteria (project_phase_id, phase_criteria_type_id, parameter, create_user, create_date, modify_user, modify_date) VALUES (100499, 5, 'No', 132456, CURRENT, 132456, CURRENT);
INSERT INTO phase_criteria (project_phase_id, phase_criteria_type_id, parameter, create_user, create_date, modify_user, modify_date) VALUES (100500, 5, 'No', 132456, CURRENT, 132456, CURRENT);
INSERT INTO phase_criteria (project_phase_id, phase_criteria_type_id, parameter, create_user, create_date, modify_user, modify_date) VALUES (100501, 5, 'No', 132456, CURRENT, 132456, CURRENT);
INSERT INTO phase_criteria (project_phase_id, phase_criteria_type_id, parameter, create_user, create_date, modify_user, modify_date) VALUES (100502, 5, 'No', 132456, CURRENT, 132456, CURRENT);
INSERT INTO phase_criteria (project_phase_id, phase_criteria_type_id, parameter, create_user, create_date, modify_user, modify_date) VALUES (100503, 5, 'No', 132456, CURRENT, 132456, CURRENT);
INSERT INTO phase_criteria (project_phase_id, phase_criteria_type_id, parameter, create_user, create_date, modify_user, modify_date) VALUES (100504, 6, '1', 132456, CURRENT, 132456, CURRENT);
INSERT INTO phase_criteria (project_phase_id, phase_criteria_type_id, parameter, create_user, create_date, modify_user, modify_date) VALUES (100504, 1, '30000720', 132456, CURRENT, 132456, CURRENT);
INSERT INTO review_auction (review_auction_id, project_id, review_auction_type_id) VALUES (110042, 100042, 3);
INSERT INTO review_auction (review_auction_id, project_id, review_auction_type_id) VALUES (100042, 100042, 1);
INSERT INTO project (project_id, project_status_id, project_category_id, create_user, create_date, modify_user, modify_date, tc_direct_project_id, project_studio_spec_id) VALUES (100043, 1, 14, 132456, CURRENT, 132456, CURRENT, 100001, NULL);
INSERT INTO project_phase (project_phase_id, project_id, phase_type_id, phase_status_id, fixed_start_time, scheduled_start_time, scheduled_end_time, actual_start_time, actual_end_time, duration, create_user, create_date, modify_user, modify_date) VALUES (100505, 100043, 13, 3, CURRENT + -9480 UNITS MINUTE, CURRENT + -9480 UNITS MINUTE, CURRENT + -6600 UNITS MINUTE, CURRENT + -9480 UNITS MINUTE, CURRENT + -6600 UNITS MINUTE, 172800000, 132456, CURRENT, 132456, CURRENT);
INSERT INTO project_phase (project_phase_id, project_id, phase_type_id, phase_status_id, fixed_start_time, scheduled_start_time, scheduled_end_time, actual_start_time, actual_end_time, duration, create_user, create_date, modify_user, modify_date) VALUES (100506, 100043, 14, 3, null, CURRENT + -6600 UNITS MINUTE, CURRENT + -6480 UNITS MINUTE, CURRENT + -6600 UNITS MINUTE, CURRENT + -6480 UNITS MINUTE, 7200000, 132456, CURRENT, 132456, CURRENT);
INSERT INTO project_phase (project_phase_id, project_id, phase_type_id, phase_status_id, fixed_start_time, scheduled_start_time, scheduled_end_time, actual_start_time, actual_end_time, duration, create_user, create_date, modify_user, modify_date) VALUES (100507, 100043, 1, 3, CURRENT + -6480 UNITS MINUTE, CURRENT + -6480 UNITS MINUTE, CURRENT + -3600 UNITS MINUTE, CURRENT + -6480 UNITS MINUTE, CURRENT + -3600 UNITS MINUTE, 172800000, 132456, CURRENT, 132456, CURRENT);
INSERT INTO project_phase (project_phase_id, project_id, phase_type_id, phase_status_id, fixed_start_time, scheduled_start_time, scheduled_end_time, actual_start_time, actual_end_time, duration, create_user, create_date, modify_user, modify_date) VALUES (100508, 100043, 2, 2, null, CURRENT + -6480 UNITS MINUTE, CURRENT + 720 UNITS MINUTE, CURRENT + -6480 UNITS MINUTE, null, 432000000, 132456, CURRENT, 132456, CURRENT);
INSERT INTO project_phase (project_phase_id, project_id, phase_type_id, phase_status_id, fixed_start_time, scheduled_start_time, scheduled_end_time, actual_start_time, actual_end_time, duration, create_user, create_date, modify_user, modify_date) VALUES (100509, 100043, 3, 1, null, CURRENT + 720 UNITS MINUTE, CURRENT + 1440 UNITS MINUTE, null, null, 43200000, 132456, CURRENT, 132456, CURRENT);
INSERT INTO project_phase (project_phase_id, project_id, phase_type_id, phase_status_id, fixed_start_time, scheduled_start_time, scheduled_end_time, actual_start_time, actual_end_time, duration, create_user, create_date, modify_user, modify_date) VALUES (100510, 100043, 4, 1, null, CURRENT + 1440 UNITS MINUTE, CURRENT + 4320 UNITS MINUTE, null, null, 172800000, 132456, CURRENT, 132456, CURRENT);
INSERT INTO project_phase (project_phase_id, project_id, phase_type_id, phase_status_id, fixed_start_time, scheduled_start_time, scheduled_end_time, actual_start_time, actual_end_time, duration, create_user, create_date, modify_user, modify_date) VALUES (100511, 100043, 5, 1, null, CURRENT + 4320 UNITS MINUTE, CURRENT + 5760 UNITS MINUTE, null, null, 86400000, 132456, CURRENT, 132456, CURRENT);
INSERT INTO project_phase (project_phase_id, project_id, phase_type_id, phase_status_id, fixed_start_time, scheduled_start_time, scheduled_end_time, actual_start_time, actual_end_time, duration, create_user, create_date, modify_user, modify_date) VALUES (100512, 100043, 6, 1, null, CURRENT + 5760 UNITS MINUTE, CURRENT + 6480 UNITS MINUTE, null, null, 43200000, 132456, CURRENT, 132456, CURRENT);
INSERT INTO project_phase (project_phase_id, project_id, phase_type_id, phase_status_id, fixed_start_time, scheduled_start_time, scheduled_end_time, actual_start_time, actual_end_time, duration, create_user, create_date, modify_user, modify_date) VALUES (100513, 100043, 7, 1, null, CURRENT + 6480 UNITS MINUTE, CURRENT + 7200 UNITS MINUTE, null, null, 43200000, 132456, CURRENT, 132456, CURRENT);
INSERT INTO project_phase (project_phase_id, project_id, phase_type_id, phase_status_id, fixed_start_time, scheduled_start_time, scheduled_end_time, actual_start_time, actual_end_time, duration, create_user, create_date, modify_user, modify_date) VALUES (100514, 100043, 9, 1, null, CURRENT + 7200 UNITS MINUTE, CURRENT + 8640 UNITS MINUTE, null, null, 86400000, 132456, CURRENT, 132456, CURRENT);
INSERT INTO project_phase (project_phase_id, project_id, phase_type_id, phase_status_id, fixed_start_time, scheduled_start_time, scheduled_end_time, actual_start_time, actual_end_time, duration, create_user, create_date, modify_user, modify_date) VALUES (100515, 100043, 10, 1, null, CURRENT + 8640 UNITS MINUTE, CURRENT + 9360 UNITS MINUTE, null, null, 43200000, 132456, CURRENT, 132456, CURRENT);
INSERT INTO project_phase (project_phase_id, project_id, phase_type_id, phase_status_id, fixed_start_time, scheduled_start_time, scheduled_end_time, actual_start_time, actual_end_time, duration, create_user, create_date, modify_user, modify_date) VALUES (100516, 100043, 11, 1, null, CURRENT + 9360 UNITS MINUTE, CURRENT + 16560 UNITS MINUTE, null, null, 432000000, 132456, CURRENT, 132456, CURRENT);
INSERT INTO phase_dependency (dependency_phase_id, dependent_phase_id, dependency_start, dependent_start, lag_time, create_user, create_date, modify_user, modify_date) VALUES (100505, 100506, 0, 1, 0, 132456, CURRENT, 132456, CURRENT);
INSERT INTO phase_dependency (dependency_phase_id, dependent_phase_id, dependency_start, dependent_start, lag_time, create_user, create_date, modify_user, modify_date) VALUES (100506, 100507, 0, 1, 0, 132456, CURRENT, 132456, CURRENT);
INSERT INTO phase_dependency (dependency_phase_id, dependent_phase_id, dependency_start, dependent_start, lag_time, create_user, create_date, modify_user, modify_date) VALUES (100507, 100508, 1, 1, 0, 132456, CURRENT, 132456, CURRENT);
INSERT INTO phase_dependency (dependency_phase_id, dependent_phase_id, dependency_start, dependent_start, lag_time, create_user, create_date, modify_user, modify_date) VALUES (100508, 100509, 0, 1, 0, 132456, CURRENT, 132456, CURRENT);
INSERT INTO phase_dependency (dependency_phase_id, dependent_phase_id, dependency_start, dependent_start, lag_time, create_user, create_date, modify_user, modify_date) VALUES (100509, 100510, 0, 1, 0, 132456, CURRENT, 132456, CURRENT);
INSERT INTO phase_dependency (dependency_phase_id, dependent_phase_id, dependency_start, dependent_start, lag_time, create_user, create_date, modify_user, modify_date) VALUES (100510, 100511, 0, 1, 0, 132456, CURRENT, 132456, CURRENT);
INSERT INTO phase_dependency (dependency_phase_id, dependent_phase_id, dependency_start, dependent_start, lag_time, create_user, create_date, modify_user, modify_date) VALUES (100511, 100512, 0, 1, 0, 132456, CURRENT, 132456, CURRENT);
INSERT INTO phase_dependency (dependency_phase_id, dependent_phase_id, dependency_start, dependent_start, lag_time, create_user, create_date, modify_user, modify_date) VALUES (100512, 100513, 0, 1, 0, 132456, CURRENT, 132456, CURRENT);
INSERT INTO phase_dependency (dependency_phase_id, dependent_phase_id, dependency_start, dependent_start, lag_time, create_user, create_date, modify_user, modify_date) VALUES (100513, 100514, 0, 1, 0, 132456, CURRENT, 132456, CURRENT);
INSERT INTO phase_dependency (dependency_phase_id, dependent_phase_id, dependency_start, dependent_start, lag_time, create_user, create_date, modify_user, modify_date) VALUES (100514, 100515, 0, 1, 0, 132456, CURRENT, 132456, CURRENT);
INSERT INTO phase_dependency (dependency_phase_id, dependent_phase_id, dependency_start, dependent_start, lag_time, create_user, create_date, modify_user, modify_date) VALUES (100515, 100516, 0, 1, 0, 132456, CURRENT, 132456, CURRENT);
INSERT INTO phase_criteria (project_phase_id, phase_criteria_type_id, parameter, create_user, create_date, modify_user, modify_date) VALUES (100506, 6, '1', 132456, CURRENT, 132456, CURRENT);
INSERT INTO phase_criteria (project_phase_id, phase_criteria_type_id, parameter, create_user, create_date, modify_user, modify_date) VALUES (100506, 1, '30000722', 132456, CURRENT, 132456, CURRENT);
INSERT INTO phase_criteria (project_phase_id, phase_criteria_type_id, parameter, create_user, create_date, modify_user, modify_date) VALUES (100507, 2, '0', 132456, CURRENT, 132456, CURRENT);
INSERT INTO phase_criteria (project_phase_id, phase_criteria_type_id, parameter, create_user, create_date, modify_user, modify_date) VALUES (100507, 5, 'No', 132456, CURRENT, 132456, CURRENT);
INSERT INTO phase_criteria (project_phase_id, phase_criteria_type_id, parameter, create_user, create_date, modify_user, modify_date) VALUES (100508, 3, '0', 132456, CURRENT, 132456, CURRENT);
INSERT INTO phase_criteria (project_phase_id, phase_criteria_type_id, parameter, create_user, create_date, modify_user, modify_date) VALUES (100508, 5, 'Yes', 132456, CURRENT, 132456, CURRENT);
INSERT INTO phase_criteria (project_phase_id, phase_criteria_type_id, parameter, create_user, create_date, modify_user, modify_date) VALUES (100509, 1, '30000410', 132456, CURRENT, 132456, CURRENT);
INSERT INTO phase_criteria (project_phase_id, phase_criteria_type_id, parameter, create_user, create_date, modify_user, modify_date) VALUES (100509, 5, 'No', 132456, CURRENT, 132456, CURRENT);
INSERT INTO phase_criteria (project_phase_id, phase_criteria_type_id, parameter, create_user, create_date, modify_user, modify_date) VALUES (100510, 6, '3', 132456, CURRENT, 132456, CURRENT);
INSERT INTO phase_criteria (project_phase_id, phase_criteria_type_id, parameter, create_user, create_date, modify_user, modify_date) VALUES (100510, 1, '30000411', 132456, CURRENT, 132456, CURRENT);
INSERT INTO phase_criteria (project_phase_id, phase_criteria_type_id, parameter, create_user, create_date, modify_user, modify_date) VALUES (100510, 5, 'No', 132456, CURRENT, 132456, CURRENT);
INSERT INTO phase_criteria (project_phase_id, phase_criteria_type_id, parameter, create_user, create_date, modify_user, modify_date) VALUES (100511, 4, 'No', 132456, CURRENT, 132456, CURRENT);
INSERT INTO phase_criteria (project_phase_id, phase_criteria_type_id, parameter, create_user, create_date, modify_user, modify_date) VALUES (100511, 5, 'No', 132456, CURRENT, 132456, CURRENT);
INSERT INTO phase_criteria (project_phase_id, phase_criteria_type_id, parameter, create_user, create_date, modify_user, modify_date) VALUES (100512, 5, 'No', 132456, CURRENT, 132456, CURRENT);
INSERT INTO phase_criteria (project_phase_id, phase_criteria_type_id, parameter, create_user, create_date, modify_user, modify_date) VALUES (100513, 5, 'No', 132456, CURRENT, 132456, CURRENT);
INSERT INTO phase_criteria (project_phase_id, phase_criteria_type_id, parameter, create_user, create_date, modify_user, modify_date) VALUES (100514, 5, 'No', 132456, CURRENT, 132456, CURRENT);
INSERT INTO phase_criteria (project_phase_id, phase_criteria_type_id, parameter, create_user, create_date, modify_user, modify_date) VALUES (100515, 5, 'No', 132456, CURRENT, 132456, CURRENT);
INSERT INTO phase_criteria (project_phase_id, phase_criteria_type_id, parameter, create_user, create_date, modify_user, modify_date) VALUES (100516, 6, '1', 132456, CURRENT, 132456, CURRENT);
INSERT INTO phase_criteria (project_phase_id, phase_criteria_type_id, parameter, create_user, create_date, modify_user, modify_date) VALUES (100516, 1, '30000720', 132456, CURRENT, 132456, CURRENT);
INSERT INTO review_auction (review_auction_id, project_id, review_auction_type_id) VALUES (110043, 100043, 3);
INSERT INTO review_auction (review_auction_id, project_id, review_auction_type_id) VALUES (100043, 100043, 1);
INSERT INTO project (project_id, project_status_id, project_category_id, create_user, create_date, modify_user, modify_date, tc_direct_project_id, project_studio_spec_id) VALUES (100044, 1, 2, 132456, CURRENT, 132456, CURRENT, 100001, NULL);
INSERT INTO project_phase (project_phase_id, project_id, phase_type_id, phase_status_id, fixed_start_time, scheduled_start_time, scheduled_end_time, actual_start_time, actual_end_time, duration, create_user, create_date, modify_user, modify_date) VALUES (100517, 100044, 13, 3, CURRENT + -2940 UNITS MINUTE, CURRENT + -2940 UNITS MINUTE, CURRENT + -60 UNITS MINUTE, CURRENT + -2940 UNITS MINUTE, CURRENT + -60 UNITS MINUTE, 172800000, 132456, CURRENT, 132456, CURRENT);
INSERT INTO project_phase (project_phase_id, project_id, phase_type_id, phase_status_id, fixed_start_time, scheduled_start_time, scheduled_end_time, actual_start_time, actual_end_time, duration, create_user, create_date, modify_user, modify_date) VALUES (100518, 100044, 14, 2, null, CURRENT + -60 UNITS MINUTE, CURRENT + 60 UNITS MINUTE, CURRENT + -60 UNITS MINUTE, null, 7200000, 132456, CURRENT, 132456, CURRENT);
INSERT INTO project_phase (project_phase_id, project_id, phase_type_id, phase_status_id, fixed_start_time, scheduled_start_time, scheduled_end_time, actual_start_time, actual_end_time, duration, create_user, create_date, modify_user, modify_date) VALUES (100519, 100044, 1, 1, CURRENT + 60 UNITS MINUTE, CURRENT + 60 UNITS MINUTE, CURRENT + 2940 UNITS MINUTE, null, null, 172800000, 132456, CURRENT, 132456, CURRENT);
INSERT INTO project_phase (project_phase_id, project_id, phase_type_id, phase_status_id, fixed_start_time, scheduled_start_time, scheduled_end_time, actual_start_time, actual_end_time, duration, create_user, create_date, modify_user, modify_date) VALUES (100520, 100044, 2, 1, null, CURRENT + 60 UNITS MINUTE, CURRENT + 5820 UNITS MINUTE, null, null, 345600000, 132456, CURRENT, 132456, CURRENT);
INSERT INTO project_phase (project_phase_id, project_id, phase_type_id, phase_status_id, fixed_start_time, scheduled_start_time, scheduled_end_time, actual_start_time, actual_end_time, duration, create_user, create_date, modify_user, modify_date) VALUES (100521, 100044, 3, 1, null, CURRENT + 5820 UNITS MINUTE, CURRENT + 6540 UNITS MINUTE, null, null, 43200000, 132456, CURRENT, 132456, CURRENT);
INSERT INTO project_phase (project_phase_id, project_id, phase_type_id, phase_status_id, fixed_start_time, scheduled_start_time, scheduled_end_time, actual_start_time, actual_end_time, duration, create_user, create_date, modify_user, modify_date) VALUES (100522, 100044, 4, 1, null, CURRENT + 6540 UNITS MINUTE, CURRENT + 9420 UNITS MINUTE, null, null, 172800000, 132456, CURRENT, 132456, CURRENT);
INSERT INTO project_phase (project_phase_id, project_id, phase_type_id, phase_status_id, fixed_start_time, scheduled_start_time, scheduled_end_time, actual_start_time, actual_end_time, duration, create_user, create_date, modify_user, modify_date) VALUES (100523, 100044, 5, 1, null, CURRENT + 9420 UNITS MINUTE, CURRENT + 10860 UNITS MINUTE, null, null, 86400000, 132456, CURRENT, 132456, CURRENT);
INSERT INTO project_phase (project_phase_id, project_id, phase_type_id, phase_status_id, fixed_start_time, scheduled_start_time, scheduled_end_time, actual_start_time, actual_end_time, duration, create_user, create_date, modify_user, modify_date) VALUES (100524, 100044, 6, 1, null, CURRENT + 10860 UNITS MINUTE, CURRENT + 11580 UNITS MINUTE, null, null, 43200000, 132456, CURRENT, 132456, CURRENT);
INSERT INTO project_phase (project_phase_id, project_id, phase_type_id, phase_status_id, fixed_start_time, scheduled_start_time, scheduled_end_time, actual_start_time, actual_end_time, duration, create_user, create_date, modify_user, modify_date) VALUES (100525, 100044, 7, 1, null, CURRENT + 11580 UNITS MINUTE, CURRENT + 12300 UNITS MINUTE, null, null, 43200000, 132456, CURRENT, 132456, CURRENT);
INSERT INTO project_phase (project_phase_id, project_id, phase_type_id, phase_status_id, fixed_start_time, scheduled_start_time, scheduled_end_time, actual_start_time, actual_end_time, duration, create_user, create_date, modify_user, modify_date) VALUES (100526, 100044, 9, 1, null, CURRENT + 12300 UNITS MINUTE, CURRENT + 13740 UNITS MINUTE, null, null, 86400000, 132456, CURRENT, 132456, CURRENT);
INSERT INTO project_phase (project_phase_id, project_id, phase_type_id, phase_status_id, fixed_start_time, scheduled_start_time, scheduled_end_time, actual_start_time, actual_end_time, duration, create_user, create_date, modify_user, modify_date) VALUES (100527, 100044, 10, 1, null, CURRENT + 13740 UNITS MINUTE, CURRENT + 14460 UNITS MINUTE, null, null, 43200000, 132456, CURRENT, 132456, CURRENT);
INSERT INTO project_phase (project_phase_id, project_id, phase_type_id, phase_status_id, fixed_start_time, scheduled_start_time, scheduled_end_time, actual_start_time, actual_end_time, duration, create_user, create_date, modify_user, modify_date) VALUES (100528, 100044, 11, 1, null, CURRENT + 14460 UNITS MINUTE, CURRENT + 21660 UNITS MINUTE, null, null, 432000000, 132456, CURRENT, 132456, CURRENT);
INSERT INTO phase_dependency (dependency_phase_id, dependent_phase_id, dependency_start, dependent_start, lag_time, create_user, create_date, modify_user, modify_date) VALUES (100517, 100518, 0, 1, 0, 132456, CURRENT, 132456, CURRENT);
INSERT INTO phase_dependency (dependency_phase_id, dependent_phase_id, dependency_start, dependent_start, lag_time, create_user, create_date, modify_user, modify_date) VALUES (100518, 100519, 0, 1, 0, 132456, CURRENT, 132456, CURRENT);
INSERT INTO phase_dependency (dependency_phase_id, dependent_phase_id, dependency_start, dependent_start, lag_time, create_user, create_date, modify_user, modify_date) VALUES (100519, 100520, 1, 1, 0, 132456, CURRENT, 132456, CURRENT);
INSERT INTO phase_dependency (dependency_phase_id, dependent_phase_id, dependency_start, dependent_start, lag_time, create_user, create_date, modify_user, modify_date) VALUES (100520, 100521, 0, 1, 0, 132456, CURRENT, 132456, CURRENT);
INSERT INTO phase_dependency (dependency_phase_id, dependent_phase_id, dependency_start, dependent_start, lag_time, create_user, create_date, modify_user, modify_date) VALUES (100521, 100522, 0, 1, 0, 132456, CURRENT, 132456, CURRENT);
INSERT INTO phase_dependency (dependency_phase_id, dependent_phase_id, dependency_start, dependent_start, lag_time, create_user, create_date, modify_user, modify_date) VALUES (100522, 100523, 0, 1, 0, 132456, CURRENT, 132456, CURRENT);
INSERT INTO phase_dependency (dependency_phase_id, dependent_phase_id, dependency_start, dependent_start, lag_time, create_user, create_date, modify_user, modify_date) VALUES (100523, 100524, 0, 1, 0, 132456, CURRENT, 132456, CURRENT);
INSERT INTO phase_dependency (dependency_phase_id, dependent_phase_id, dependency_start, dependent_start, lag_time, create_user, create_date, modify_user, modify_date) VALUES (100524, 100525, 0, 1, 0, 132456, CURRENT, 132456, CURRENT);
INSERT INTO phase_dependency (dependency_phase_id, dependent_phase_id, dependency_start, dependent_start, lag_time, create_user, create_date, modify_user, modify_date) VALUES (100525, 100526, 0, 1, 0, 132456, CURRENT, 132456, CURRENT);
INSERT INTO phase_dependency (dependency_phase_id, dependent_phase_id, dependency_start, dependent_start, lag_time, create_user, create_date, modify_user, modify_date) VALUES (100526, 100527, 0, 1, 0, 132456, CURRENT, 132456, CURRENT);
INSERT INTO phase_dependency (dependency_phase_id, dependent_phase_id, dependency_start, dependent_start, lag_time, create_user, create_date, modify_user, modify_date) VALUES (100527, 100528, 0, 1, 0, 132456, CURRENT, 132456, CURRENT);
INSERT INTO phase_criteria (project_phase_id, phase_criteria_type_id, parameter, create_user, create_date, modify_user, modify_date) VALUES (100518, 6, '1', 132456, CURRENT, 132456, CURRENT);
INSERT INTO phase_criteria (project_phase_id, phase_criteria_type_id, parameter, create_user, create_date, modify_user, modify_date) VALUES (100518, 1, '30000722', 132456, CURRENT, 132456, CURRENT);
INSERT INTO phase_criteria (project_phase_id, phase_criteria_type_id, parameter, create_user, create_date, modify_user, modify_date) VALUES (100519, 2, '0', 132456, CURRENT, 132456, CURRENT);
INSERT INTO phase_criteria (project_phase_id, phase_criteria_type_id, parameter, create_user, create_date, modify_user, modify_date) VALUES (100519, 5, 'No', 132456, CURRENT, 132456, CURRENT);
INSERT INTO phase_criteria (project_phase_id, phase_criteria_type_id, parameter, create_user, create_date, modify_user, modify_date) VALUES (100520, 3, '0', 132456, CURRENT, 132456, CURRENT);
INSERT INTO phase_criteria (project_phase_id, phase_criteria_type_id, parameter, create_user, create_date, modify_user, modify_date) VALUES (100520, 5, 'Yes', 132456, CURRENT, 132456, CURRENT);
INSERT INTO phase_criteria (project_phase_id, phase_criteria_type_id, parameter, create_user, create_date, modify_user, modify_date) VALUES (100521, 1, '30000412', 132456, CURRENT, 132456, CURRENT);
INSERT INTO phase_criteria (project_phase_id, phase_criteria_type_id, parameter, create_user, create_date, modify_user, modify_date) VALUES (100521, 5, 'No', 132456, CURRENT, 132456, CURRENT);
INSERT INTO phase_criteria (project_phase_id, phase_criteria_type_id, parameter, create_user, create_date, modify_user, modify_date) VALUES (100522, 6, '3', 132456, CURRENT, 132456, CURRENT);
INSERT INTO phase_criteria (project_phase_id, phase_criteria_type_id, parameter, create_user, create_date, modify_user, modify_date) VALUES (100522, 1, '30000413', 132456, CURRENT, 132456, CURRENT);
INSERT INTO phase_criteria (project_phase_id, phase_criteria_type_id, parameter, create_user, create_date, modify_user, modify_date) VALUES (100522, 5, 'No', 132456, CURRENT, 132456, CURRENT);
INSERT INTO phase_criteria (project_phase_id, phase_criteria_type_id, parameter, create_user, create_date, modify_user, modify_date) VALUES (100523, 4, 'No', 132456, CURRENT, 132456, CURRENT);
INSERT INTO phase_criteria (project_phase_id, phase_criteria_type_id, parameter, create_user, create_date, modify_user, modify_date) VALUES (100523, 5, 'No', 132456, CURRENT, 132456, CURRENT);
INSERT INTO phase_criteria (project_phase_id, phase_criteria_type_id, parameter, create_user, create_date, modify_user, modify_date) VALUES (100524, 5, 'No', 132456, CURRENT, 132456, CURRENT);
INSERT INTO phase_criteria (project_phase_id, phase_criteria_type_id, parameter, create_user, create_date, modify_user, modify_date) VALUES (100525, 5, 'No', 132456, CURRENT, 132456, CURRENT);
INSERT INTO phase_criteria (project_phase_id, phase_criteria_type_id, parameter, create_user, create_date, modify_user, modify_date) VALUES (100526, 5, 'No', 132456, CURRENT, 132456, CURRENT);
INSERT INTO phase_criteria (project_phase_id, phase_criteria_type_id, parameter, create_user, create_date, modify_user, modify_date) VALUES (100527, 5, 'No', 132456, CURRENT, 132456, CURRENT);
INSERT INTO phase_criteria (project_phase_id, phase_criteria_type_id, parameter, create_user, create_date, modify_user, modify_date) VALUES (100528, 6, '1', 132456, CURRENT, 132456, CURRENT);
INSERT INTO phase_criteria (project_phase_id, phase_criteria_type_id, parameter, create_user, create_date, modify_user, modify_date) VALUES (100528, 1, '30000720', 132456, CURRENT, 132456, CURRENT);
INSERT INTO review_auction (review_auction_id, project_id, review_auction_type_id) VALUES (110044, 100044, 3);
INSERT INTO review_auction (review_auction_id, project_id, review_auction_type_id) VALUES (100044, 100044, 2);
INSERT INTO project (project_id, project_status_id, project_category_id, create_user, create_date, modify_user, modify_date, tc_direct_project_id, project_studio_spec_id) VALUES (100045, 1, 2, 132456, CURRENT, 132456, CURRENT, 100001, NULL);
INSERT INTO project_phase (project_phase_id, project_id, phase_type_id, phase_status_id, fixed_start_time, scheduled_start_time, scheduled_end_time, actual_start_time, actual_end_time, duration, create_user, create_date, modify_user, modify_date) VALUES (100529, 100045, 13, 3, CURRENT + -8760 UNITS MINUTE, CURRENT + -8760 UNITS MINUTE, CURRENT + -5880 UNITS MINUTE, CURRENT + -8760 UNITS MINUTE, CURRENT + -5880 UNITS MINUTE, 172800000, 132456, CURRENT, 132456, CURRENT);
INSERT INTO project_phase (project_phase_id, project_id, phase_type_id, phase_status_id, fixed_start_time, scheduled_start_time, scheduled_end_time, actual_start_time, actual_end_time, duration, create_user, create_date, modify_user, modify_date) VALUES (100530, 100045, 14, 3, null, CURRENT + -5880 UNITS MINUTE, CURRENT + -5760 UNITS MINUTE, CURRENT + -5880 UNITS MINUTE, CURRENT + -5760 UNITS MINUTE, 7200000, 132456, CURRENT, 132456, CURRENT);
INSERT INTO project_phase (project_phase_id, project_id, phase_type_id, phase_status_id, fixed_start_time, scheduled_start_time, scheduled_end_time, actual_start_time, actual_end_time, duration, create_user, create_date, modify_user, modify_date) VALUES (100531, 100045, 1, 3, CURRENT + -5760 UNITS MINUTE, CURRENT + -5760 UNITS MINUTE, CURRENT + -2880 UNITS MINUTE, CURRENT + -5760 UNITS MINUTE, CURRENT + -2880 UNITS MINUTE, 172800000, 132456, CURRENT, 132456, CURRENT);
INSERT INTO project_phase (project_phase_id, project_id, phase_type_id, phase_status_id, fixed_start_time, scheduled_start_time, scheduled_end_time, actual_start_time, actual_end_time, duration, create_user, create_date, modify_user, modify_date) VALUES (100532, 100045, 2, 2, null, CURRENT + -5760 UNITS MINUTE, CURRENT + 0 UNITS MINUTE, CURRENT + -5760 UNITS MINUTE, null, 345600000, 132456, CURRENT, 132456, CURRENT);
INSERT INTO project_phase (project_phase_id, project_id, phase_type_id, phase_status_id, fixed_start_time, scheduled_start_time, scheduled_end_time, actual_start_time, actual_end_time, duration, create_user, create_date, modify_user, modify_date) VALUES (100533, 100045, 3, 1, null, CURRENT + 0 UNITS MINUTE, CURRENT + 720 UNITS MINUTE, null, null, 43200000, 132456, CURRENT, 132456, CURRENT);
INSERT INTO project_phase (project_phase_id, project_id, phase_type_id, phase_status_id, fixed_start_time, scheduled_start_time, scheduled_end_time, actual_start_time, actual_end_time, duration, create_user, create_date, modify_user, modify_date) VALUES (100534, 100045, 4, 1, null, CURRENT + 720 UNITS MINUTE, CURRENT + 3600 UNITS MINUTE, null, null, 172800000, 132456, CURRENT, 132456, CURRENT);
INSERT INTO project_phase (project_phase_id, project_id, phase_type_id, phase_status_id, fixed_start_time, scheduled_start_time, scheduled_end_time, actual_start_time, actual_end_time, duration, create_user, create_date, modify_user, modify_date) VALUES (100535, 100045, 5, 1, null, CURRENT + 3600 UNITS MINUTE, CURRENT + 5040 UNITS MINUTE, null, null, 86400000, 132456, CURRENT, 132456, CURRENT);
INSERT INTO project_phase (project_phase_id, project_id, phase_type_id, phase_status_id, fixed_start_time, scheduled_start_time, scheduled_end_time, actual_start_time, actual_end_time, duration, create_user, create_date, modify_user, modify_date) VALUES (100536, 100045, 6, 1, null, CURRENT + 5040 UNITS MINUTE, CURRENT + 5760 UNITS MINUTE, null, null, 43200000, 132456, CURRENT, 132456, CURRENT);
INSERT INTO project_phase (project_phase_id, project_id, phase_type_id, phase_status_id, fixed_start_time, scheduled_start_time, scheduled_end_time, actual_start_time, actual_end_time, duration, create_user, create_date, modify_user, modify_date) VALUES (100537, 100045, 7, 1, null, CURRENT + 5760 UNITS MINUTE, CURRENT + 6480 UNITS MINUTE, null, null, 43200000, 132456, CURRENT, 132456, CURRENT);
INSERT INTO project_phase (project_phase_id, project_id, phase_type_id, phase_status_id, fixed_start_time, scheduled_start_time, scheduled_end_time, actual_start_time, actual_end_time, duration, create_user, create_date, modify_user, modify_date) VALUES (100538, 100045, 9, 1, null, CURRENT + 6480 UNITS MINUTE, CURRENT + 7920 UNITS MINUTE, null, null, 86400000, 132456, CURRENT, 132456, CURRENT);
INSERT INTO project_phase (project_phase_id, project_id, phase_type_id, phase_status_id, fixed_start_time, scheduled_start_time, scheduled_end_time, actual_start_time, actual_end_time, duration, create_user, create_date, modify_user, modify_date) VALUES (100539, 100045, 10, 1, null, CURRENT + 7920 UNITS MINUTE, CURRENT + 8640 UNITS MINUTE, null, null, 43200000, 132456, CURRENT, 132456, CURRENT);
INSERT INTO project_phase (project_phase_id, project_id, phase_type_id, phase_status_id, fixed_start_time, scheduled_start_time, scheduled_end_time, actual_start_time, actual_end_time, duration, create_user, create_date, modify_user, modify_date) VALUES (100540, 100045, 11, 1, null, CURRENT + 8640 UNITS MINUTE, CURRENT + 15840 UNITS MINUTE, null, null, 432000000, 132456, CURRENT, 132456, CURRENT);
INSERT INTO phase_dependency (dependency_phase_id, dependent_phase_id, dependency_start, dependent_start, lag_time, create_user, create_date, modify_user, modify_date) VALUES (100529, 100530, 0, 1, 0, 132456, CURRENT, 132456, CURRENT);
INSERT INTO phase_dependency (dependency_phase_id, dependent_phase_id, dependency_start, dependent_start, lag_time, create_user, create_date, modify_user, modify_date) VALUES (100530, 100531, 0, 1, 0, 132456, CURRENT, 132456, CURRENT);
INSERT INTO phase_dependency (dependency_phase_id, dependent_phase_id, dependency_start, dependent_start, lag_time, create_user, create_date, modify_user, modify_date) VALUES (100531, 100532, 1, 1, 0, 132456, CURRENT, 132456, CURRENT);
INSERT INTO phase_dependency (dependency_phase_id, dependent_phase_id, dependency_start, dependent_start, lag_time, create_user, create_date, modify_user, modify_date) VALUES (100532, 100533, 0, 1, 0, 132456, CURRENT, 132456, CURRENT);
INSERT INTO phase_dependency (dependency_phase_id, dependent_phase_id, dependency_start, dependent_start, lag_time, create_user, create_date, modify_user, modify_date) VALUES (100533, 100534, 0, 1, 0, 132456, CURRENT, 132456, CURRENT);
INSERT INTO phase_dependency (dependency_phase_id, dependent_phase_id, dependency_start, dependent_start, lag_time, create_user, create_date, modify_user, modify_date) VALUES (100534, 100535, 0, 1, 0, 132456, CURRENT, 132456, CURRENT);
INSERT INTO phase_dependency (dependency_phase_id, dependent_phase_id, dependency_start, dependent_start, lag_time, create_user, create_date, modify_user, modify_date) VALUES (100535, 100536, 0, 1, 0, 132456, CURRENT, 132456, CURRENT);
INSERT INTO phase_dependency (dependency_phase_id, dependent_phase_id, dependency_start, dependent_start, lag_time, create_user, create_date, modify_user, modify_date) VALUES (100536, 100537, 0, 1, 0, 132456, CURRENT, 132456, CURRENT);
INSERT INTO phase_dependency (dependency_phase_id, dependent_phase_id, dependency_start, dependent_start, lag_time, create_user, create_date, modify_user, modify_date) VALUES (100537, 100538, 0, 1, 0, 132456, CURRENT, 132456, CURRENT);
INSERT INTO phase_dependency (dependency_phase_id, dependent_phase_id, dependency_start, dependent_start, lag_time, create_user, create_date, modify_user, modify_date) VALUES (100538, 100539, 0, 1, 0, 132456, CURRENT, 132456, CURRENT);
INSERT INTO phase_dependency (dependency_phase_id, dependent_phase_id, dependency_start, dependent_start, lag_time, create_user, create_date, modify_user, modify_date) VALUES (100539, 100540, 0, 1, 0, 132456, CURRENT, 132456, CURRENT);
INSERT INTO phase_criteria (project_phase_id, phase_criteria_type_id, parameter, create_user, create_date, modify_user, modify_date) VALUES (100530, 6, '1', 132456, CURRENT, 132456, CURRENT);
INSERT INTO phase_criteria (project_phase_id, phase_criteria_type_id, parameter, create_user, create_date, modify_user, modify_date) VALUES (100530, 1, '30000722', 132456, CURRENT, 132456, CURRENT);
INSERT INTO phase_criteria (project_phase_id, phase_criteria_type_id, parameter, create_user, create_date, modify_user, modify_date) VALUES (100531, 2, '0', 132456, CURRENT, 132456, CURRENT);
INSERT INTO phase_criteria (project_phase_id, phase_criteria_type_id, parameter, create_user, create_date, modify_user, modify_date) VALUES (100531, 5, 'No', 132456, CURRENT, 132456, CURRENT);
INSERT INTO phase_criteria (project_phase_id, phase_criteria_type_id, parameter, create_user, create_date, modify_user, modify_date) VALUES (100532, 3, '0', 132456, CURRENT, 132456, CURRENT);
INSERT INTO phase_criteria (project_phase_id, phase_criteria_type_id, parameter, create_user, create_date, modify_user, modify_date) VALUES (100532, 5, 'Yes', 132456, CURRENT, 132456, CURRENT);
INSERT INTO phase_criteria (project_phase_id, phase_criteria_type_id, parameter, create_user, create_date, modify_user, modify_date) VALUES (100533, 1, '30000412', 132456, CURRENT, 132456, CURRENT);
INSERT INTO phase_criteria (project_phase_id, phase_criteria_type_id, parameter, create_user, create_date, modify_user, modify_date) VALUES (100533, 5, 'No', 132456, CURRENT, 132456, CURRENT);
INSERT INTO phase_criteria (project_phase_id, phase_criteria_type_id, parameter, create_user, create_date, modify_user, modify_date) VALUES (100534, 6, '3', 132456, CURRENT, 132456, CURRENT);
INSERT INTO phase_criteria (project_phase_id, phase_criteria_type_id, parameter, create_user, create_date, modify_user, modify_date) VALUES (100534, 1, '30000413', 132456, CURRENT, 132456, CURRENT);
INSERT INTO phase_criteria (project_phase_id, phase_criteria_type_id, parameter, create_user, create_date, modify_user, modify_date) VALUES (100534, 5, 'No', 132456, CURRENT, 132456, CURRENT);
INSERT INTO phase_criteria (project_phase_id, phase_criteria_type_id, parameter, create_user, create_date, modify_user, modify_date) VALUES (100535, 4, 'No', 132456, CURRENT, 132456, CURRENT);
INSERT INTO phase_criteria (project_phase_id, phase_criteria_type_id, parameter, create_user, create_date, modify_user, modify_date) VALUES (100535, 5, 'No', 132456, CURRENT, 132456, CURRENT);
INSERT INTO phase_criteria (project_phase_id, phase_criteria_type_id, parameter, create_user, create_date, modify_user, modify_date) VALUES (100536, 5, 'No', 132456, CURRENT, 132456, CURRENT);
INSERT INTO phase_criteria (project_phase_id, phase_criteria_type_id, parameter, create_user, create_date, modify_user, modify_date) VALUES (100537, 5, 'No', 132456, CURRENT, 132456, CURRENT);
INSERT INTO phase_criteria (project_phase_id, phase_criteria_type_id, parameter, create_user, create_date, modify_user, modify_date) VALUES (100538, 5, 'No', 132456, CURRENT, 132456, CURRENT);
INSERT INTO phase_criteria (project_phase_id, phase_criteria_type_id, parameter, create_user, create_date, modify_user, modify_date) VALUES (100539, 5, 'No', 132456, CURRENT, 132456, CURRENT);
INSERT INTO phase_criteria (project_phase_id, phase_criteria_type_id, parameter, create_user, create_date, modify_user, modify_date) VALUES (100540, 6, '1', 132456, CURRENT, 132456, CURRENT);
INSERT INTO phase_criteria (project_phase_id, phase_criteria_type_id, parameter, create_user, create_date, modify_user, modify_date) VALUES (100540, 1, '30000720', 132456, CURRENT, 132456, CURRENT);
INSERT INTO review_auction (review_auction_id, project_id, review_auction_type_id) VALUES (110045, 100045, 3);
INSERT INTO review_auction (review_auction_id, project_id, review_auction_type_id) VALUES (100045, 100045, 2);
INSERT INTO project (project_id, project_status_id, project_category_id, create_user, create_date, modify_user, modify_date, tc_direct_project_id, project_studio_spec_id) VALUES (100046, 1, 14, 132456, CURRENT, 132456, CURRENT, 100001, NULL);
INSERT INTO project_phase (project_phase_id, project_id, phase_type_id, phase_status_id, fixed_start_time, scheduled_start_time, scheduled_end_time, actual_start_time, actual_end_time, duration, create_user, create_date, modify_user, modify_date) VALUES (100541, 100046, 13, 3, CURRENT + -15240 UNITS MINUTE, CURRENT + -15240 UNITS MINUTE, CURRENT + -12360 UNITS MINUTE, CURRENT + -15240 UNITS MINUTE, CURRENT + -12360 UNITS MINUTE, 172800000, 132456, CURRENT, 132456, CURRENT);
INSERT INTO project_phase (project_phase_id, project_id, phase_type_id, phase_status_id, fixed_start_time, scheduled_start_time, scheduled_end_time, actual_start_time, actual_end_time, duration, create_user, create_date, modify_user, modify_date) VALUES (100542, 100046, 14, 3, null, CURRENT + -12360 UNITS MINUTE, CURRENT + -12240 UNITS MINUTE, CURRENT + -12360 UNITS MINUTE, CURRENT + -12240 UNITS MINUTE, 7200000, 132456, CURRENT, 132456, CURRENT);
INSERT INTO project_phase (project_phase_id, project_id, phase_type_id, phase_status_id, fixed_start_time, scheduled_start_time, scheduled_end_time, actual_start_time, actual_end_time, duration, create_user, create_date, modify_user, modify_date) VALUES (100543, 100046, 1, 3, CURRENT + -12240 UNITS MINUTE, CURRENT + -12240 UNITS MINUTE, CURRENT + -9360 UNITS MINUTE, CURRENT + -12240 UNITS MINUTE, CURRENT + -9360 UNITS MINUTE, 172800000, 132456, CURRENT, 132456, CURRENT);
INSERT INTO project_phase (project_phase_id, project_id, phase_type_id, phase_status_id, fixed_start_time, scheduled_start_time, scheduled_end_time, actual_start_time, actual_end_time, duration, create_user, create_date, modify_user, modify_date) VALUES (100544, 100046, 2, 3, null, CURRENT + -12240 UNITS MINUTE, CURRENT + -5040 UNITS MINUTE, CURRENT + -12240 UNITS MINUTE, CURRENT + -5040 UNITS MINUTE, 432000000, 132456, CURRENT, 132456, CURRENT);
INSERT INTO project_phase (project_phase_id, project_id, phase_type_id, phase_status_id, fixed_start_time, scheduled_start_time, scheduled_end_time, actual_start_time, actual_end_time, duration, create_user, create_date, modify_user, modify_date) VALUES (100545, 100046, 3, 3, null, CURRENT + -5040 UNITS MINUTE, CURRENT + -4320 UNITS MINUTE, CURRENT + -5040 UNITS MINUTE, CURRENT + -4320 UNITS MINUTE, 43200000, 132456, CURRENT, 132456, CURRENT);
INSERT INTO project_phase (project_phase_id, project_id, phase_type_id, phase_status_id, fixed_start_time, scheduled_start_time, scheduled_end_time, actual_start_time, actual_end_time, duration, create_user, create_date, modify_user, modify_date) VALUES (100546, 100046, 4, 2, null, CURRENT + -4320 UNITS MINUTE, CURRENT + -1440 UNITS MINUTE, CURRENT + -4320 UNITS MINUTE, null, 172800000, 132456, CURRENT, 132456, CURRENT);
INSERT INTO project_phase (project_phase_id, project_id, phase_type_id, phase_status_id, fixed_start_time, scheduled_start_time, scheduled_end_time, actual_start_time, actual_end_time, duration, create_user, create_date, modify_user, modify_date) VALUES (100547, 100046, 5, 1, null, CURRENT + -1440 UNITS MINUTE, CURRENT + 0 UNITS MINUTE, null, null, 86400000, 132456, CURRENT, 132456, CURRENT);
INSERT INTO project_phase (project_phase_id, project_id, phase_type_id, phase_status_id, fixed_start_time, scheduled_start_time, scheduled_end_time, actual_start_time, actual_end_time, duration, create_user, create_date, modify_user, modify_date) VALUES (100548, 100046, 6, 1, null, CURRENT + 0 UNITS MINUTE, CURRENT + 720 UNITS MINUTE, null, null, 43200000, 132456, CURRENT, 132456, CURRENT);
INSERT INTO project_phase (project_phase_id, project_id, phase_type_id, phase_status_id, fixed_start_time, scheduled_start_time, scheduled_end_time, actual_start_time, actual_end_time, duration, create_user, create_date, modify_user, modify_date) VALUES (100549, 100046, 7, 1, null, CURRENT + 720 UNITS MINUTE, CURRENT + 1440 UNITS MINUTE, null, null, 43200000, 132456, CURRENT, 132456, CURRENT);
INSERT INTO project_phase (project_phase_id, project_id, phase_type_id, phase_status_id, fixed_start_time, scheduled_start_time, scheduled_end_time, actual_start_time, actual_end_time, duration, create_user, create_date, modify_user, modify_date) VALUES (100550, 100046, 9, 1, null, CURRENT + 1440 UNITS MINUTE, CURRENT + 2880 UNITS MINUTE, null, null, 86400000, 132456, CURRENT, 132456, CURRENT);
INSERT INTO project_phase (project_phase_id, project_id, phase_type_id, phase_status_id, fixed_start_time, scheduled_start_time, scheduled_end_time, actual_start_time, actual_end_time, duration, create_user, create_date, modify_user, modify_date) VALUES (100551, 100046, 10, 1, null, CURRENT + 2880 UNITS MINUTE, CURRENT + 3600 UNITS MINUTE, null, null, 43200000, 132456, CURRENT, 132456, CURRENT);
INSERT INTO project_phase (project_phase_id, project_id, phase_type_id, phase_status_id, fixed_start_time, scheduled_start_time, scheduled_end_time, actual_start_time, actual_end_time, duration, create_user, create_date, modify_user, modify_date) VALUES (100552, 100046, 11, 1, null, CURRENT + 3600 UNITS MINUTE, CURRENT + 10800 UNITS MINUTE, null, null, 432000000, 132456, CURRENT, 132456, CURRENT);
INSERT INTO phase_dependency (dependency_phase_id, dependent_phase_id, dependency_start, dependent_start, lag_time, create_user, create_date, modify_user, modify_date) VALUES (100541, 100542, 0, 1, 0, 132456, CURRENT, 132456, CURRENT);
INSERT INTO phase_dependency (dependency_phase_id, dependent_phase_id, dependency_start, dependent_start, lag_time, create_user, create_date, modify_user, modify_date) VALUES (100542, 100543, 0, 1, 0, 132456, CURRENT, 132456, CURRENT);
INSERT INTO phase_dependency (dependency_phase_id, dependent_phase_id, dependency_start, dependent_start, lag_time, create_user, create_date, modify_user, modify_date) VALUES (100543, 100544, 1, 1, 0, 132456, CURRENT, 132456, CURRENT);
INSERT INTO phase_dependency (dependency_phase_id, dependent_phase_id, dependency_start, dependent_start, lag_time, create_user, create_date, modify_user, modify_date) VALUES (100544, 100545, 0, 1, 0, 132456, CURRENT, 132456, CURRENT);
INSERT INTO phase_dependency (dependency_phase_id, dependent_phase_id, dependency_start, dependent_start, lag_time, create_user, create_date, modify_user, modify_date) VALUES (100545, 100546, 0, 1, 0, 132456, CURRENT, 132456, CURRENT);
INSERT INTO phase_dependency (dependency_phase_id, dependent_phase_id, dependency_start, dependent_start, lag_time, create_user, create_date, modify_user, modify_date) VALUES (100546, 100547, 0, 1, 0, 132456, CURRENT, 132456, CURRENT);
INSERT INTO phase_dependency (dependency_phase_id, dependent_phase_id, dependency_start, dependent_start, lag_time, create_user, create_date, modify_user, modify_date) VALUES (100547, 100548, 0, 1, 0, 132456, CURRENT, 132456, CURRENT);
INSERT INTO phase_dependency (dependency_phase_id, dependent_phase_id, dependency_start, dependent_start, lag_time, create_user, create_date, modify_user, modify_date) VALUES (100548, 100549, 0, 1, 0, 132456, CURRENT, 132456, CURRENT);
INSERT INTO phase_dependency (dependency_phase_id, dependent_phase_id, dependency_start, dependent_start, lag_time, create_user, create_date, modify_user, modify_date) VALUES (100549, 100550, 0, 1, 0, 132456, CURRENT, 132456, CURRENT);
INSERT INTO phase_dependency (dependency_phase_id, dependent_phase_id, dependency_start, dependent_start, lag_time, create_user, create_date, modify_user, modify_date) VALUES (100550, 100551, 0, 1, 0, 132456, CURRENT, 132456, CURRENT);
INSERT INTO phase_dependency (dependency_phase_id, dependent_phase_id, dependency_start, dependent_start, lag_time, create_user, create_date, modify_user, modify_date) VALUES (100551, 100552, 0, 1, 0, 132456, CURRENT, 132456, CURRENT);
INSERT INTO phase_criteria (project_phase_id, phase_criteria_type_id, parameter, create_user, create_date, modify_user, modify_date) VALUES (100542, 6, '1', 132456, CURRENT, 132456, CURRENT);
INSERT INTO phase_criteria (project_phase_id, phase_criteria_type_id, parameter, create_user, create_date, modify_user, modify_date) VALUES (100542, 1, '30000722', 132456, CURRENT, 132456, CURRENT);
INSERT INTO phase_criteria (project_phase_id, phase_criteria_type_id, parameter, create_user, create_date, modify_user, modify_date) VALUES (100543, 2, '0', 132456, CURRENT, 132456, CURRENT);
INSERT INTO phase_criteria (project_phase_id, phase_criteria_type_id, parameter, create_user, create_date, modify_user, modify_date) VALUES (100543, 5, 'No', 132456, CURRENT, 132456, CURRENT);
INSERT INTO phase_criteria (project_phase_id, phase_criteria_type_id, parameter, create_user, create_date, modify_user, modify_date) VALUES (100544, 3, '0', 132456, CURRENT, 132456, CURRENT);
INSERT INTO phase_criteria (project_phase_id, phase_criteria_type_id, parameter, create_user, create_date, modify_user, modify_date) VALUES (100544, 5, 'Yes', 132456, CURRENT, 132456, CURRENT);
INSERT INTO phase_criteria (project_phase_id, phase_criteria_type_id, parameter, create_user, create_date, modify_user, modify_date) VALUES (100545, 1, '30000410', 132456, CURRENT, 132456, CURRENT);
INSERT INTO phase_criteria (project_phase_id, phase_criteria_type_id, parameter, create_user, create_date, modify_user, modify_date) VALUES (100545, 5, 'No', 132456, CURRENT, 132456, CURRENT);
INSERT INTO phase_criteria (project_phase_id, phase_criteria_type_id, parameter, create_user, create_date, modify_user, modify_date) VALUES (100546, 6, '3', 132456, CURRENT, 132456, CURRENT);
INSERT INTO phase_criteria (project_phase_id, phase_criteria_type_id, parameter, create_user, create_date, modify_user, modify_date) VALUES (100546, 1, '30000411', 132456, CURRENT, 132456, CURRENT);
INSERT INTO phase_criteria (project_phase_id, phase_criteria_type_id, parameter, create_user, create_date, modify_user, modify_date) VALUES (100546, 5, 'No', 132456, CURRENT, 132456, CURRENT);
INSERT INTO phase_criteria (project_phase_id, phase_criteria_type_id, parameter, create_user, create_date, modify_user, modify_date) VALUES (100547, 4, 'No', 132456, CURRENT, 132456, CURRENT);
INSERT INTO phase_criteria (project_phase_id, phase_criteria_type_id, parameter, create_user, create_date, modify_user, modify_date) VALUES (100547, 5, 'No', 132456, CURRENT, 132456, CURRENT);
INSERT INTO phase_criteria (project_phase_id, phase_criteria_type_id, parameter, create_user, create_date, modify_user, modify_date) VALUES (100548, 5, 'No', 132456, CURRENT, 132456, CURRENT);
INSERT INTO phase_criteria (project_phase_id, phase_criteria_type_id, parameter, create_user, create_date, modify_user, modify_date) VALUES (100549, 5, 'No', 132456, CURRENT, 132456, CURRENT);
INSERT INTO phase_criteria (project_phase_id, phase_criteria_type_id, parameter, create_user, create_date, modify_user, modify_date) VALUES (100550, 5, 'No', 132456, CURRENT, 132456, CURRENT);
INSERT INTO phase_criteria (project_phase_id, phase_criteria_type_id, parameter, create_user, create_date, modify_user, modify_date) VALUES (100551, 5, 'No', 132456, CURRENT, 132456, CURRENT);
INSERT INTO phase_criteria (project_phase_id, phase_criteria_type_id, parameter, create_user, create_date, modify_user, modify_date) VALUES (100552, 6, '1', 132456, CURRENT, 132456, CURRENT);
INSERT INTO phase_criteria (project_phase_id, phase_criteria_type_id, parameter, create_user, create_date, modify_user, modify_date) VALUES (100552, 1, '30000720', 132456, CURRENT, 132456, CURRENT);
INSERT INTO review_auction (review_auction_id, project_id, review_auction_type_id) VALUES (110046, 100046, 3);
INSERT INTO review_auction (review_auction_id, project_id, review_auction_type_id) VALUES (100046, 100046, 1);
INSERT INTO project (project_id, project_status_id, project_category_id, create_user, create_date, modify_user, modify_date, tc_direct_project_id, project_studio_spec_id) VALUES (100047, 1, 2, 132456, CURRENT, 132456, CURRENT, 100001, NULL);
INSERT INTO project_phase (project_phase_id, project_id, phase_type_id, phase_status_id, fixed_start_time, scheduled_start_time, scheduled_end_time, actual_start_time, actual_end_time, duration, create_user, create_date, modify_user, modify_date) VALUES (100553, 100047, 13, 3, CURRENT + -8760 UNITS MINUTE, CURRENT + -8760 UNITS MINUTE, CURRENT + -5880 UNITS MINUTE, CURRENT + -8760 UNITS MINUTE, CURRENT + -5880 UNITS MINUTE, 172800000, 132456, CURRENT, 132456, CURRENT);
INSERT INTO project_phase (project_phase_id, project_id, phase_type_id, phase_status_id, fixed_start_time, scheduled_start_time, scheduled_end_time, actual_start_time, actual_end_time, duration, create_user, create_date, modify_user, modify_date) VALUES (100554, 100047, 14, 3, null, CURRENT + -5880 UNITS MINUTE, CURRENT + -5760 UNITS MINUTE, CURRENT + -5880 UNITS MINUTE, CURRENT + -5760 UNITS MINUTE, 7200000, 132456, CURRENT, 132456, CURRENT);
INSERT INTO project_phase (project_phase_id, project_id, phase_type_id, phase_status_id, fixed_start_time, scheduled_start_time, scheduled_end_time, actual_start_time, actual_end_time, duration, create_user, create_date, modify_user, modify_date) VALUES (100555, 100047, 1, 3, CURRENT + -5760 UNITS MINUTE, CURRENT + -5760 UNITS MINUTE, CURRENT + -2880 UNITS MINUTE, CURRENT + -5760 UNITS MINUTE, CURRENT + -2880 UNITS MINUTE, 172800000, 132456, CURRENT, 132456, CURRENT);
INSERT INTO project_phase (project_phase_id, project_id, phase_type_id, phase_status_id, fixed_start_time, scheduled_start_time, scheduled_end_time, actual_start_time, actual_end_time, duration, create_user, create_date, modify_user, modify_date) VALUES (100556, 100047, 2, 2, null, CURRENT + -5760 UNITS MINUTE, CURRENT + 0 UNITS MINUTE, CURRENT + -5760 UNITS MINUTE, null, 345600000, 132456, CURRENT, 132456, CURRENT);
INSERT INTO project_phase (project_phase_id, project_id, phase_type_id, phase_status_id, fixed_start_time, scheduled_start_time, scheduled_end_time, actual_start_time, actual_end_time, duration, create_user, create_date, modify_user, modify_date) VALUES (100557, 100047, 3, 1, null, CURRENT + 0 UNITS MINUTE, CURRENT + 720 UNITS MINUTE, null, null, 43200000, 132456, CURRENT, 132456, CURRENT);
INSERT INTO project_phase (project_phase_id, project_id, phase_type_id, phase_status_id, fixed_start_time, scheduled_start_time, scheduled_end_time, actual_start_time, actual_end_time, duration, create_user, create_date, modify_user, modify_date) VALUES (100558, 100047, 4, 1, null, CURRENT + 720 UNITS MINUTE, CURRENT + 3600 UNITS MINUTE, null, null, 172800000, 132456, CURRENT, 132456, CURRENT);
INSERT INTO project_phase (project_phase_id, project_id, phase_type_id, phase_status_id, fixed_start_time, scheduled_start_time, scheduled_end_time, actual_start_time, actual_end_time, duration, create_user, create_date, modify_user, modify_date) VALUES (100559, 100047, 5, 1, null, CURRENT + 3600 UNITS MINUTE, CURRENT + 5040 UNITS MINUTE, null, null, 86400000, 132456, CURRENT, 132456, CURRENT);
INSERT INTO project_phase (project_phase_id, project_id, phase_type_id, phase_status_id, fixed_start_time, scheduled_start_time, scheduled_end_time, actual_start_time, actual_end_time, duration, create_user, create_date, modify_user, modify_date) VALUES (100560, 100047, 6, 1, null, CURRENT + 5040 UNITS MINUTE, CURRENT + 5760 UNITS MINUTE, null, null, 43200000, 132456, CURRENT, 132456, CURRENT);
INSERT INTO project_phase (project_phase_id, project_id, phase_type_id, phase_status_id, fixed_start_time, scheduled_start_time, scheduled_end_time, actual_start_time, actual_end_time, duration, create_user, create_date, modify_user, modify_date) VALUES (100561, 100047, 7, 1, null, CURRENT + 5760 UNITS MINUTE, CURRENT + 6480 UNITS MINUTE, null, null, 43200000, 132456, CURRENT, 132456, CURRENT);
INSERT INTO project_phase (project_phase_id, project_id, phase_type_id, phase_status_id, fixed_start_time, scheduled_start_time, scheduled_end_time, actual_start_time, actual_end_time, duration, create_user, create_date, modify_user, modify_date) VALUES (100562, 100047, 9, 1, null, CURRENT + 6480 UNITS MINUTE, CURRENT + 7920 UNITS MINUTE, null, null, 86400000, 132456, CURRENT, 132456, CURRENT);
INSERT INTO project_phase (project_phase_id, project_id, phase_type_id, phase_status_id, fixed_start_time, scheduled_start_time, scheduled_end_time, actual_start_time, actual_end_time, duration, create_user, create_date, modify_user, modify_date) VALUES (100563, 100047, 10, 1, null, CURRENT + 7920 UNITS MINUTE, CURRENT + 8640 UNITS MINUTE, null, null, 43200000, 132456, CURRENT, 132456, CURRENT);
INSERT INTO project_phase (project_phase_id, project_id, phase_type_id, phase_status_id, fixed_start_time, scheduled_start_time, scheduled_end_time, actual_start_time, actual_end_time, duration, create_user, create_date, modify_user, modify_date) VALUES (100564, 100047, 11, 1, null, CURRENT + 8640 UNITS MINUTE, CURRENT + 15840 UNITS MINUTE, null, null, 432000000, 132456, CURRENT, 132456, CURRENT);
INSERT INTO phase_dependency (dependency_phase_id, dependent_phase_id, dependency_start, dependent_start, lag_time, create_user, create_date, modify_user, modify_date) VALUES (100553, 100554, 0, 1, 0, 132456, CURRENT, 132456, CURRENT);
INSERT INTO phase_dependency (dependency_phase_id, dependent_phase_id, dependency_start, dependent_start, lag_time, create_user, create_date, modify_user, modify_date) VALUES (100554, 100555, 0, 1, 0, 132456, CURRENT, 132456, CURRENT);
INSERT INTO phase_dependency (dependency_phase_id, dependent_phase_id, dependency_start, dependent_start, lag_time, create_user, create_date, modify_user, modify_date) VALUES (100555, 100556, 1, 1, 0, 132456, CURRENT, 132456, CURRENT);
INSERT INTO phase_dependency (dependency_phase_id, dependent_phase_id, dependency_start, dependent_start, lag_time, create_user, create_date, modify_user, modify_date) VALUES (100556, 100557, 0, 1, 0, 132456, CURRENT, 132456, CURRENT);
INSERT INTO phase_dependency (dependency_phase_id, dependent_phase_id, dependency_start, dependent_start, lag_time, create_user, create_date, modify_user, modify_date) VALUES (100557, 100558, 0, 1, 0, 132456, CURRENT, 132456, CURRENT);
INSERT INTO phase_dependency (dependency_phase_id, dependent_phase_id, dependency_start, dependent_start, lag_time, create_user, create_date, modify_user, modify_date) VALUES (100558, 100559, 0, 1, 0, 132456, CURRENT, 132456, CURRENT);
INSERT INTO phase_dependency (dependency_phase_id, dependent_phase_id, dependency_start, dependent_start, lag_time, create_user, create_date, modify_user, modify_date) VALUES (100559, 100560, 0, 1, 0, 132456, CURRENT, 132456, CURRENT);
INSERT INTO phase_dependency (dependency_phase_id, dependent_phase_id, dependency_start, dependent_start, lag_time, create_user, create_date, modify_user, modify_date) VALUES (100560, 100561, 0, 1, 0, 132456, CURRENT, 132456, CURRENT);
INSERT INTO phase_dependency (dependency_phase_id, dependent_phase_id, dependency_start, dependent_start, lag_time, create_user, create_date, modify_user, modify_date) VALUES (100561, 100562, 0, 1, 0, 132456, CURRENT, 132456, CURRENT);
INSERT INTO phase_dependency (dependency_phase_id, dependent_phase_id, dependency_start, dependent_start, lag_time, create_user, create_date, modify_user, modify_date) VALUES (100562, 100563, 0, 1, 0, 132456, CURRENT, 132456, CURRENT);
INSERT INTO phase_dependency (dependency_phase_id, dependent_phase_id, dependency_start, dependent_start, lag_time, create_user, create_date, modify_user, modify_date) VALUES (100563, 100564, 0, 1, 0, 132456, CURRENT, 132456, CURRENT);
INSERT INTO phase_criteria (project_phase_id, phase_criteria_type_id, parameter, create_user, create_date, modify_user, modify_date) VALUES (100554, 6, '1', 132456, CURRENT, 132456, CURRENT);
INSERT INTO phase_criteria (project_phase_id, phase_criteria_type_id, parameter, create_user, create_date, modify_user, modify_date) VALUES (100554, 1, '30000722', 132456, CURRENT, 132456, CURRENT);
INSERT INTO phase_criteria (project_phase_id, phase_criteria_type_id, parameter, create_user, create_date, modify_user, modify_date) VALUES (100555, 2, '0', 132456, CURRENT, 132456, CURRENT);
INSERT INTO phase_criteria (project_phase_id, phase_criteria_type_id, parameter, create_user, create_date, modify_user, modify_date) VALUES (100555, 5, 'No', 132456, CURRENT, 132456, CURRENT);
INSERT INTO phase_criteria (project_phase_id, phase_criteria_type_id, parameter, create_user, create_date, modify_user, modify_date) VALUES (100556, 3, '0', 132456, CURRENT, 132456, CURRENT);
INSERT INTO phase_criteria (project_phase_id, phase_criteria_type_id, parameter, create_user, create_date, modify_user, modify_date) VALUES (100556, 5, 'Yes', 132456, CURRENT, 132456, CURRENT);
INSERT INTO phase_criteria (project_phase_id, phase_criteria_type_id, parameter, create_user, create_date, modify_user, modify_date) VALUES (100557, 1, '30000412', 132456, CURRENT, 132456, CURRENT);
INSERT INTO phase_criteria (project_phase_id, phase_criteria_type_id, parameter, create_user, create_date, modify_user, modify_date) VALUES (100557, 5, 'No', 132456, CURRENT, 132456, CURRENT);
INSERT INTO phase_criteria (project_phase_id, phase_criteria_type_id, parameter, create_user, create_date, modify_user, modify_date) VALUES (100558, 6, '3', 132456, CURRENT, 132456, CURRENT);
INSERT INTO phase_criteria (project_phase_id, phase_criteria_type_id, parameter, create_user, create_date, modify_user, modify_date) VALUES (100558, 1, '30000413', 132456, CURRENT, 132456, CURRENT);
INSERT INTO phase_criteria (project_phase_id, phase_criteria_type_id, parameter, create_user, create_date, modify_user, modify_date) VALUES (100558, 5, 'No', 132456, CURRENT, 132456, CURRENT);
INSERT INTO phase_criteria (project_phase_id, phase_criteria_type_id, parameter, create_user, create_date, modify_user, modify_date) VALUES (100559, 4, 'No', 132456, CURRENT, 132456, CURRENT);
INSERT INTO phase_criteria (project_phase_id, phase_criteria_type_id, parameter, create_user, create_date, modify_user, modify_date) VALUES (100559, 5, 'No', 132456, CURRENT, 132456, CURRENT);
INSERT INTO phase_criteria (project_phase_id, phase_criteria_type_id, parameter, create_user, create_date, modify_user, modify_date) VALUES (100560, 5, 'No', 132456, CURRENT, 132456, CURRENT);
INSERT INTO phase_criteria (project_phase_id, phase_criteria_type_id, parameter, create_user, create_date, modify_user, modify_date) VALUES (100561, 5, 'No', 132456, CURRENT, 132456, CURRENT);
INSERT INTO phase_criteria (project_phase_id, phase_criteria_type_id, parameter, create_user, create_date, modify_user, modify_date) VALUES (100562, 5, 'No', 132456, CURRENT, 132456, CURRENT);
INSERT INTO phase_criteria (project_phase_id, phase_criteria_type_id, parameter, create_user, create_date, modify_user, modify_date) VALUES (100563, 5, 'No', 132456, CURRENT, 132456, CURRENT);
INSERT INTO phase_criteria (project_phase_id, phase_criteria_type_id, parameter, create_user, create_date, modify_user, modify_date) VALUES (100564, 6, '1', 132456, CURRENT, 132456, CURRENT);
INSERT INTO phase_criteria (project_phase_id, phase_criteria_type_id, parameter, create_user, create_date, modify_user, modify_date) VALUES (100564, 1, '30000720', 132456, CURRENT, 132456, CURRENT);
INSERT INTO review_auction (review_auction_id, project_id, review_auction_type_id) VALUES (110047, 100047, 3);
INSERT INTO review_auction (review_auction_id, project_id, review_auction_type_id) VALUES (100047, 100047, 2);
INSERT INTO project (project_id, project_status_id, project_category_id, create_user, create_date, modify_user, modify_date, tc_direct_project_id, project_studio_spec_id) VALUES (100048, 1, 14, 132456, CURRENT, 132456, CURRENT, 100001, NULL);
INSERT INTO project_phase (project_phase_id, project_id, phase_type_id, phase_status_id, fixed_start_time, scheduled_start_time, scheduled_end_time, actual_start_time, actual_end_time, duration, create_user, create_date, modify_user, modify_date) VALUES (100565, 100048, 13, 3, CURRENT + -15240 UNITS MINUTE, CURRENT + -15240 UNITS MINUTE, CURRENT + -12360 UNITS MINUTE, CURRENT + -15240 UNITS MINUTE, CURRENT + -12360 UNITS MINUTE, 172800000, 132456, CURRENT, 132456, CURRENT);
INSERT INTO project_phase (project_phase_id, project_id, phase_type_id, phase_status_id, fixed_start_time, scheduled_start_time, scheduled_end_time, actual_start_time, actual_end_time, duration, create_user, create_date, modify_user, modify_date) VALUES (100566, 100048, 14, 3, null, CURRENT + -12360 UNITS MINUTE, CURRENT + -12240 UNITS MINUTE, CURRENT + -12360 UNITS MINUTE, CURRENT + -12240 UNITS MINUTE, 7200000, 132456, CURRENT, 132456, CURRENT);
INSERT INTO project_phase (project_phase_id, project_id, phase_type_id, phase_status_id, fixed_start_time, scheduled_start_time, scheduled_end_time, actual_start_time, actual_end_time, duration, create_user, create_date, modify_user, modify_date) VALUES (100567, 100048, 1, 3, CURRENT + -12240 UNITS MINUTE, CURRENT + -12240 UNITS MINUTE, CURRENT + -9360 UNITS MINUTE, CURRENT + -12240 UNITS MINUTE, CURRENT + -9360 UNITS MINUTE, 172800000, 132456, CURRENT, 132456, CURRENT);
INSERT INTO project_phase (project_phase_id, project_id, phase_type_id, phase_status_id, fixed_start_time, scheduled_start_time, scheduled_end_time, actual_start_time, actual_end_time, duration, create_user, create_date, modify_user, modify_date) VALUES (100568, 100048, 2, 3, null, CURRENT + -12240 UNITS MINUTE, CURRENT + -5040 UNITS MINUTE, CURRENT + -12240 UNITS MINUTE, CURRENT + -5040 UNITS MINUTE, 432000000, 132456, CURRENT, 132456, CURRENT);
INSERT INTO project_phase (project_phase_id, project_id, phase_type_id, phase_status_id, fixed_start_time, scheduled_start_time, scheduled_end_time, actual_start_time, actual_end_time, duration, create_user, create_date, modify_user, modify_date) VALUES (100569, 100048, 3, 3, null, CURRENT + -5040 UNITS MINUTE, CURRENT + -4320 UNITS MINUTE, CURRENT + -5040 UNITS MINUTE, CURRENT + -4320 UNITS MINUTE, 43200000, 132456, CURRENT, 132456, CURRENT);
INSERT INTO project_phase (project_phase_id, project_id, phase_type_id, phase_status_id, fixed_start_time, scheduled_start_time, scheduled_end_time, actual_start_time, actual_end_time, duration, create_user, create_date, modify_user, modify_date) VALUES (100570, 100048, 4, 2, null, CURRENT + -4320 UNITS MINUTE, CURRENT + -1440 UNITS MINUTE, CURRENT + -4320 UNITS MINUTE, null, 172800000, 132456, CURRENT, 132456, CURRENT);
INSERT INTO project_phase (project_phase_id, project_id, phase_type_id, phase_status_id, fixed_start_time, scheduled_start_time, scheduled_end_time, actual_start_time, actual_end_time, duration, create_user, create_date, modify_user, modify_date) VALUES (100571, 100048, 5, 1, null, CURRENT + -1440 UNITS MINUTE, CURRENT + 0 UNITS MINUTE, null, null, 86400000, 132456, CURRENT, 132456, CURRENT);
INSERT INTO project_phase (project_phase_id, project_id, phase_type_id, phase_status_id, fixed_start_time, scheduled_start_time, scheduled_end_time, actual_start_time, actual_end_time, duration, create_user, create_date, modify_user, modify_date) VALUES (100572, 100048, 6, 1, null, CURRENT + 0 UNITS MINUTE, CURRENT + 720 UNITS MINUTE, null, null, 43200000, 132456, CURRENT, 132456, CURRENT);
INSERT INTO project_phase (project_phase_id, project_id, phase_type_id, phase_status_id, fixed_start_time, scheduled_start_time, scheduled_end_time, actual_start_time, actual_end_time, duration, create_user, create_date, modify_user, modify_date) VALUES (100573, 100048, 7, 1, null, CURRENT + 720 UNITS MINUTE, CURRENT + 1440 UNITS MINUTE, null, null, 43200000, 132456, CURRENT, 132456, CURRENT);
INSERT INTO project_phase (project_phase_id, project_id, phase_type_id, phase_status_id, fixed_start_time, scheduled_start_time, scheduled_end_time, actual_start_time, actual_end_time, duration, create_user, create_date, modify_user, modify_date) VALUES (100574, 100048, 9, 1, null, CURRENT + 1440 UNITS MINUTE, CURRENT + 2880 UNITS MINUTE, null, null, 86400000, 132456, CURRENT, 132456, CURRENT);
INSERT INTO project_phase (project_phase_id, project_id, phase_type_id, phase_status_id, fixed_start_time, scheduled_start_time, scheduled_end_time, actual_start_time, actual_end_time, duration, create_user, create_date, modify_user, modify_date) VALUES (100575, 100048, 10, 1, null, CURRENT + 2880 UNITS MINUTE, CURRENT + 3600 UNITS MINUTE, null, null, 43200000, 132456, CURRENT, 132456, CURRENT);
INSERT INTO project_phase (project_phase_id, project_id, phase_type_id, phase_status_id, fixed_start_time, scheduled_start_time, scheduled_end_time, actual_start_time, actual_end_time, duration, create_user, create_date, modify_user, modify_date) VALUES (100576, 100048, 11, 1, null, CURRENT + 3600 UNITS MINUTE, CURRENT + 10800 UNITS MINUTE, null, null, 432000000, 132456, CURRENT, 132456, CURRENT);
INSERT INTO phase_dependency (dependency_phase_id, dependent_phase_id, dependency_start, dependent_start, lag_time, create_user, create_date, modify_user, modify_date) VALUES (100565, 100566, 0, 1, 0, 132456, CURRENT, 132456, CURRENT);
INSERT INTO phase_dependency (dependency_phase_id, dependent_phase_id, dependency_start, dependent_start, lag_time, create_user, create_date, modify_user, modify_date) VALUES (100566, 100567, 0, 1, 0, 132456, CURRENT, 132456, CURRENT);
INSERT INTO phase_dependency (dependency_phase_id, dependent_phase_id, dependency_start, dependent_start, lag_time, create_user, create_date, modify_user, modify_date) VALUES (100567, 100568, 1, 1, 0, 132456, CURRENT, 132456, CURRENT);
INSERT INTO phase_dependency (dependency_phase_id, dependent_phase_id, dependency_start, dependent_start, lag_time, create_user, create_date, modify_user, modify_date) VALUES (100568, 100569, 0, 1, 0, 132456, CURRENT, 132456, CURRENT);
INSERT INTO phase_dependency (dependency_phase_id, dependent_phase_id, dependency_start, dependent_start, lag_time, create_user, create_date, modify_user, modify_date) VALUES (100569, 100570, 0, 1, 0, 132456, CURRENT, 132456, CURRENT);
INSERT INTO phase_dependency (dependency_phase_id, dependent_phase_id, dependency_start, dependent_start, lag_time, create_user, create_date, modify_user, modify_date) VALUES (100570, 100571, 0, 1, 0, 132456, CURRENT, 132456, CURRENT);
INSERT INTO phase_dependency (dependency_phase_id, dependent_phase_id, dependency_start, dependent_start, lag_time, create_user, create_date, modify_user, modify_date) VALUES (100571, 100572, 0, 1, 0, 132456, CURRENT, 132456, CURRENT);
INSERT INTO phase_dependency (dependency_phase_id, dependent_phase_id, dependency_start, dependent_start, lag_time, create_user, create_date, modify_user, modify_date) VALUES (100572, 100573, 0, 1, 0, 132456, CURRENT, 132456, CURRENT);
INSERT INTO phase_dependency (dependency_phase_id, dependent_phase_id, dependency_start, dependent_start, lag_time, create_user, create_date, modify_user, modify_date) VALUES (100573, 100574, 0, 1, 0, 132456, CURRENT, 132456, CURRENT);
INSERT INTO phase_dependency (dependency_phase_id, dependent_phase_id, dependency_start, dependent_start, lag_time, create_user, create_date, modify_user, modify_date) VALUES (100574, 100575, 0, 1, 0, 132456, CURRENT, 132456, CURRENT);
INSERT INTO phase_dependency (dependency_phase_id, dependent_phase_id, dependency_start, dependent_start, lag_time, create_user, create_date, modify_user, modify_date) VALUES (100575, 100576, 0, 1, 0, 132456, CURRENT, 132456, CURRENT);
INSERT INTO phase_criteria (project_phase_id, phase_criteria_type_id, parameter, create_user, create_date, modify_user, modify_date) VALUES (100566, 6, '1', 132456, CURRENT, 132456, CURRENT);
INSERT INTO phase_criteria (project_phase_id, phase_criteria_type_id, parameter, create_user, create_date, modify_user, modify_date) VALUES (100566, 1, '30000722', 132456, CURRENT, 132456, CURRENT);
INSERT INTO phase_criteria (project_phase_id, phase_criteria_type_id, parameter, create_user, create_date, modify_user, modify_date) VALUES (100567, 2, '0', 132456, CURRENT, 132456, CURRENT);
INSERT INTO phase_criteria (project_phase_id, phase_criteria_type_id, parameter, create_user, create_date, modify_user, modify_date) VALUES (100567, 5, 'No', 132456, CURRENT, 132456, CURRENT);
INSERT INTO phase_criteria (project_phase_id, phase_criteria_type_id, parameter, create_user, create_date, modify_user, modify_date) VALUES (100568, 3, '0', 132456, CURRENT, 132456, CURRENT);
INSERT INTO phase_criteria (project_phase_id, phase_criteria_type_id, parameter, create_user, create_date, modify_user, modify_date) VALUES (100568, 5, 'Yes', 132456, CURRENT, 132456, CURRENT);
INSERT INTO phase_criteria (project_phase_id, phase_criteria_type_id, parameter, create_user, create_date, modify_user, modify_date) VALUES (100569, 1, '30000410', 132456, CURRENT, 132456, CURRENT);
INSERT INTO phase_criteria (project_phase_id, phase_criteria_type_id, parameter, create_user, create_date, modify_user, modify_date) VALUES (100569, 5, 'No', 132456, CURRENT, 132456, CURRENT);
INSERT INTO phase_criteria (project_phase_id, phase_criteria_type_id, parameter, create_user, create_date, modify_user, modify_date) VALUES (100570, 6, '3', 132456, CURRENT, 132456, CURRENT);
INSERT INTO phase_criteria (project_phase_id, phase_criteria_type_id, parameter, create_user, create_date, modify_user, modify_date) VALUES (100570, 1, '30000411', 132456, CURRENT, 132456, CURRENT);
INSERT INTO phase_criteria (project_phase_id, phase_criteria_type_id, parameter, create_user, create_date, modify_user, modify_date) VALUES (100570, 5, 'No', 132456, CURRENT, 132456, CURRENT);
INSERT INTO phase_criteria (project_phase_id, phase_criteria_type_id, parameter, create_user, create_date, modify_user, modify_date) VALUES (100571, 4, 'No', 132456, CURRENT, 132456, CURRENT);
INSERT INTO phase_criteria (project_phase_id, phase_criteria_type_id, parameter, create_user, create_date, modify_user, modify_date) VALUES (100571, 5, 'No', 132456, CURRENT, 132456, CURRENT);
INSERT INTO phase_criteria (project_phase_id, phase_criteria_type_id, parameter, create_user, create_date, modify_user, modify_date) VALUES (100572, 5, 'No', 132456, CURRENT, 132456, CURRENT);
INSERT INTO phase_criteria (project_phase_id, phase_criteria_type_id, parameter, create_user, create_date, modify_user, modify_date) VALUES (100573, 5, 'No', 132456, CURRENT, 132456, CURRENT);
INSERT INTO phase_criteria (project_phase_id, phase_criteria_type_id, parameter, create_user, create_date, modify_user, modify_date) VALUES (100574, 5, 'No', 132456, CURRENT, 132456, CURRENT);
INSERT INTO phase_criteria (project_phase_id, phase_criteria_type_id, parameter, create_user, create_date, modify_user, modify_date) VALUES (100575, 5, 'No', 132456, CURRENT, 132456, CURRENT);
INSERT INTO phase_criteria (project_phase_id, phase_criteria_type_id, parameter, create_user, create_date, modify_user, modify_date) VALUES (100576, 6, '1', 132456, CURRENT, 132456, CURRENT);
INSERT INTO phase_criteria (project_phase_id, phase_criteria_type_id, parameter, create_user, create_date, modify_user, modify_date) VALUES (100576, 1, '30000720', 132456, CURRENT, 132456, CURRENT);
INSERT INTO review_auction (review_auction_id, project_id, review_auction_type_id) VALUES (110048, 100048, 3);
INSERT INTO review_auction (review_auction_id, project_id, review_auction_type_id) VALUES (100048, 100048, 1);
INSERT INTO project (project_id, project_status_id, project_category_id, create_user, create_date, modify_user, modify_date, tc_direct_project_id, project_studio_spec_id) VALUES (100049, 1, 14, 132456, CURRENT, 132456, CURRENT, 100001, NULL);
INSERT INTO project_phase (project_phase_id, project_id, phase_type_id, phase_status_id, fixed_start_time, scheduled_start_time, scheduled_end_time, actual_start_time, actual_end_time, duration, create_user, create_date, modify_user, modify_date) VALUES (100577, 100049, 13, 3, CURRENT + -2940 UNITS MINUTE, CURRENT + -2940 UNITS MINUTE, CURRENT + -60 UNITS MINUTE, CURRENT + -2940 UNITS MINUTE, CURRENT + -60 UNITS MINUTE, 172800000, 132456, CURRENT, 132456, CURRENT);
INSERT INTO project_phase (project_phase_id, project_id, phase_type_id, phase_status_id, fixed_start_time, scheduled_start_time, scheduled_end_time, actual_start_time, actual_end_time, duration, create_user, create_date, modify_user, modify_date) VALUES (100578, 100049, 14, 2, null, CURRENT + -60 UNITS MINUTE, CURRENT + 60 UNITS MINUTE, CURRENT + -60 UNITS MINUTE, null, 7200000, 132456, CURRENT, 132456, CURRENT);
INSERT INTO project_phase (project_phase_id, project_id, phase_type_id, phase_status_id, fixed_start_time, scheduled_start_time, scheduled_end_time, actual_start_time, actual_end_time, duration, create_user, create_date, modify_user, modify_date) VALUES (100579, 100049, 1, 1, CURRENT + 60 UNITS MINUTE, CURRENT + 60 UNITS MINUTE, CURRENT + 2940 UNITS MINUTE, null, null, 172800000, 132456, CURRENT, 132456, CURRENT);
INSERT INTO project_phase (project_phase_id, project_id, phase_type_id, phase_status_id, fixed_start_time, scheduled_start_time, scheduled_end_time, actual_start_time, actual_end_time, duration, create_user, create_date, modify_user, modify_date) VALUES (100580, 100049, 2, 1, null, CURRENT + 60 UNITS MINUTE, CURRENT + 7260 UNITS MINUTE, null, null, 432000000, 132456, CURRENT, 132456, CURRENT);
INSERT INTO project_phase (project_phase_id, project_id, phase_type_id, phase_status_id, fixed_start_time, scheduled_start_time, scheduled_end_time, actual_start_time, actual_end_time, duration, create_user, create_date, modify_user, modify_date) VALUES (100581, 100049, 3, 1, null, CURRENT + 7260 UNITS MINUTE, CURRENT + 7980 UNITS MINUTE, null, null, 43200000, 132456, CURRENT, 132456, CURRENT);
INSERT INTO project_phase (project_phase_id, project_id, phase_type_id, phase_status_id, fixed_start_time, scheduled_start_time, scheduled_end_time, actual_start_time, actual_end_time, duration, create_user, create_date, modify_user, modify_date) VALUES (100582, 100049, 4, 1, null, CURRENT + 7980 UNITS MINUTE, CURRENT + 10860 UNITS MINUTE, null, null, 172800000, 132456, CURRENT, 132456, CURRENT);
INSERT INTO project_phase (project_phase_id, project_id, phase_type_id, phase_status_id, fixed_start_time, scheduled_start_time, scheduled_end_time, actual_start_time, actual_end_time, duration, create_user, create_date, modify_user, modify_date) VALUES (100583, 100049, 5, 1, null, CURRENT + 10860 UNITS MINUTE, CURRENT + 12300 UNITS MINUTE, null, null, 86400000, 132456, CURRENT, 132456, CURRENT);
INSERT INTO project_phase (project_phase_id, project_id, phase_type_id, phase_status_id, fixed_start_time, scheduled_start_time, scheduled_end_time, actual_start_time, actual_end_time, duration, create_user, create_date, modify_user, modify_date) VALUES (100584, 100049, 6, 1, null, CURRENT + 12300 UNITS MINUTE, CURRENT + 13020 UNITS MINUTE, null, null, 43200000, 132456, CURRENT, 132456, CURRENT);
INSERT INTO project_phase (project_phase_id, project_id, phase_type_id, phase_status_id, fixed_start_time, scheduled_start_time, scheduled_end_time, actual_start_time, actual_end_time, duration, create_user, create_date, modify_user, modify_date) VALUES (100585, 100049, 7, 1, null, CURRENT + 13020 UNITS MINUTE, CURRENT + 13740 UNITS MINUTE, null, null, 43200000, 132456, CURRENT, 132456, CURRENT);
INSERT INTO project_phase (project_phase_id, project_id, phase_type_id, phase_status_id, fixed_start_time, scheduled_start_time, scheduled_end_time, actual_start_time, actual_end_time, duration, create_user, create_date, modify_user, modify_date) VALUES (100586, 100049, 9, 1, null, CURRENT + 13740 UNITS MINUTE, CURRENT + 15180 UNITS MINUTE, null, null, 86400000, 132456, CURRENT, 132456, CURRENT);
INSERT INTO project_phase (project_phase_id, project_id, phase_type_id, phase_status_id, fixed_start_time, scheduled_start_time, scheduled_end_time, actual_start_time, actual_end_time, duration, create_user, create_date, modify_user, modify_date) VALUES (100587, 100049, 10, 1, null, CURRENT + 15180 UNITS MINUTE, CURRENT + 15900 UNITS MINUTE, null, null, 43200000, 132456, CURRENT, 132456, CURRENT);
INSERT INTO project_phase (project_phase_id, project_id, phase_type_id, phase_status_id, fixed_start_time, scheduled_start_time, scheduled_end_time, actual_start_time, actual_end_time, duration, create_user, create_date, modify_user, modify_date) VALUES (100588, 100049, 11, 1, null, CURRENT + 15900 UNITS MINUTE, CURRENT + 23100 UNITS MINUTE, null, null, 432000000, 132456, CURRENT, 132456, CURRENT);
INSERT INTO phase_dependency (dependency_phase_id, dependent_phase_id, dependency_start, dependent_start, lag_time, create_user, create_date, modify_user, modify_date) VALUES (100577, 100578, 0, 1, 0, 132456, CURRENT, 132456, CURRENT);
INSERT INTO phase_dependency (dependency_phase_id, dependent_phase_id, dependency_start, dependent_start, lag_time, create_user, create_date, modify_user, modify_date) VALUES (100578, 100579, 0, 1, 0, 132456, CURRENT, 132456, CURRENT);
INSERT INTO phase_dependency (dependency_phase_id, dependent_phase_id, dependency_start, dependent_start, lag_time, create_user, create_date, modify_user, modify_date) VALUES (100579, 100580, 1, 1, 0, 132456, CURRENT, 132456, CURRENT);
INSERT INTO phase_dependency (dependency_phase_id, dependent_phase_id, dependency_start, dependent_start, lag_time, create_user, create_date, modify_user, modify_date) VALUES (100580, 100581, 0, 1, 0, 132456, CURRENT, 132456, CURRENT);
INSERT INTO phase_dependency (dependency_phase_id, dependent_phase_id, dependency_start, dependent_start, lag_time, create_user, create_date, modify_user, modify_date) VALUES (100581, 100582, 0, 1, 0, 132456, CURRENT, 132456, CURRENT);
INSERT INTO phase_dependency (dependency_phase_id, dependent_phase_id, dependency_start, dependent_start, lag_time, create_user, create_date, modify_user, modify_date) VALUES (100582, 100583, 0, 1, 0, 132456, CURRENT, 132456, CURRENT);
INSERT INTO phase_dependency (dependency_phase_id, dependent_phase_id, dependency_start, dependent_start, lag_time, create_user, create_date, modify_user, modify_date) VALUES (100583, 100584, 0, 1, 0, 132456, CURRENT, 132456, CURRENT);
INSERT INTO phase_dependency (dependency_phase_id, dependent_phase_id, dependency_start, dependent_start, lag_time, create_user, create_date, modify_user, modify_date) VALUES (100584, 100585, 0, 1, 0, 132456, CURRENT, 132456, CURRENT);
INSERT INTO phase_dependency (dependency_phase_id, dependent_phase_id, dependency_start, dependent_start, lag_time, create_user, create_date, modify_user, modify_date) VALUES (100585, 100586, 0, 1, 0, 132456, CURRENT, 132456, CURRENT);
INSERT INTO phase_dependency (dependency_phase_id, dependent_phase_id, dependency_start, dependent_start, lag_time, create_user, create_date, modify_user, modify_date) VALUES (100586, 100587, 0, 1, 0, 132456, CURRENT, 132456, CURRENT);
INSERT INTO phase_dependency (dependency_phase_id, dependent_phase_id, dependency_start, dependent_start, lag_time, create_user, create_date, modify_user, modify_date) VALUES (100587, 100588, 0, 1, 0, 132456, CURRENT, 132456, CURRENT);
INSERT INTO phase_criteria (project_phase_id, phase_criteria_type_id, parameter, create_user, create_date, modify_user, modify_date) VALUES (100578, 6, '1', 132456, CURRENT, 132456, CURRENT);
INSERT INTO phase_criteria (project_phase_id, phase_criteria_type_id, parameter, create_user, create_date, modify_user, modify_date) VALUES (100578, 1, '30000722', 132456, CURRENT, 132456, CURRENT);
INSERT INTO phase_criteria (project_phase_id, phase_criteria_type_id, parameter, create_user, create_date, modify_user, modify_date) VALUES (100579, 2, '0', 132456, CURRENT, 132456, CURRENT);
INSERT INTO phase_criteria (project_phase_id, phase_criteria_type_id, parameter, create_user, create_date, modify_user, modify_date) VALUES (100579, 5, 'No', 132456, CURRENT, 132456, CURRENT);
INSERT INTO phase_criteria (project_phase_id, phase_criteria_type_id, parameter, create_user, create_date, modify_user, modify_date) VALUES (100580, 3, '0', 132456, CURRENT, 132456, CURRENT);
INSERT INTO phase_criteria (project_phase_id, phase_criteria_type_id, parameter, create_user, create_date, modify_user, modify_date) VALUES (100580, 5, 'Yes', 132456, CURRENT, 132456, CURRENT);
INSERT INTO phase_criteria (project_phase_id, phase_criteria_type_id, parameter, create_user, create_date, modify_user, modify_date) VALUES (100581, 1, '30000410', 132456, CURRENT, 132456, CURRENT);
INSERT INTO phase_criteria (project_phase_id, phase_criteria_type_id, parameter, create_user, create_date, modify_user, modify_date) VALUES (100581, 5, 'No', 132456, CURRENT, 132456, CURRENT);
INSERT INTO phase_criteria (project_phase_id, phase_criteria_type_id, parameter, create_user, create_date, modify_user, modify_date) VALUES (100582, 6, '3', 132456, CURRENT, 132456, CURRENT);
INSERT INTO phase_criteria (project_phase_id, phase_criteria_type_id, parameter, create_user, create_date, modify_user, modify_date) VALUES (100582, 1, '30000411', 132456, CURRENT, 132456, CURRENT);
INSERT INTO phase_criteria (project_phase_id, phase_criteria_type_id, parameter, create_user, create_date, modify_user, modify_date) VALUES (100582, 5, 'No', 132456, CURRENT, 132456, CURRENT);
INSERT INTO phase_criteria (project_phase_id, phase_criteria_type_id, parameter, create_user, create_date, modify_user, modify_date) VALUES (100583, 4, 'No', 132456, CURRENT, 132456, CURRENT);
INSERT INTO phase_criteria (project_phase_id, phase_criteria_type_id, parameter, create_user, create_date, modify_user, modify_date) VALUES (100583, 5, 'No', 132456, CURRENT, 132456, CURRENT);
INSERT INTO phase_criteria (project_phase_id, phase_criteria_type_id, parameter, create_user, create_date, modify_user, modify_date) VALUES (100584, 5, 'No', 132456, CURRENT, 132456, CURRENT);
INSERT INTO phase_criteria (project_phase_id, phase_criteria_type_id, parameter, create_user, create_date, modify_user, modify_date) VALUES (100585, 5, 'No', 132456, CURRENT, 132456, CURRENT);
INSERT INTO phase_criteria (project_phase_id, phase_criteria_type_id, parameter, create_user, create_date, modify_user, modify_date) VALUES (100586, 5, 'No', 132456, CURRENT, 132456, CURRENT);
INSERT INTO phase_criteria (project_phase_id, phase_criteria_type_id, parameter, create_user, create_date, modify_user, modify_date) VALUES (100587, 5, 'No', 132456, CURRENT, 132456, CURRENT);
INSERT INTO phase_criteria (project_phase_id, phase_criteria_type_id, parameter, create_user, create_date, modify_user, modify_date) VALUES (100588, 6, '1', 132456, CURRENT, 132456, CURRENT);
INSERT INTO phase_criteria (project_phase_id, phase_criteria_type_id, parameter, create_user, create_date, modify_user, modify_date) VALUES (100588, 1, '30000720', 132456, CURRENT, 132456, CURRENT);
INSERT INTO review_auction (review_auction_id, project_id, review_auction_type_id) VALUES (110049, 100049, 3);
INSERT INTO review_auction (review_auction_id, project_id, review_auction_type_id) VALUES (100049, 100049, 1);
INSERT INTO project (project_id, project_status_id, project_category_id, create_user, create_date, modify_user, modify_date, tc_direct_project_id, project_studio_spec_id) VALUES (100050, 1, 2, 132456, CURRENT, 132456, CURRENT, 100001, NULL);
INSERT INTO project_phase (project_phase_id, project_id, phase_type_id, phase_status_id, fixed_start_time, scheduled_start_time, scheduled_end_time, actual_start_time, actual_end_time, duration, create_user, create_date, modify_user, modify_date) VALUES (100589, 100050, 13, 3, CURRENT + -2940 UNITS MINUTE, CURRENT + -2940 UNITS MINUTE, CURRENT + -60 UNITS MINUTE, CURRENT + -2940 UNITS MINUTE, CURRENT + -60 UNITS MINUTE, 172800000, 132456, CURRENT, 132456, CURRENT);
INSERT INTO project_phase (project_phase_id, project_id, phase_type_id, phase_status_id, fixed_start_time, scheduled_start_time, scheduled_end_time, actual_start_time, actual_end_time, duration, create_user, create_date, modify_user, modify_date) VALUES (100590, 100050, 14, 2, null, CURRENT + -60 UNITS MINUTE, CURRENT + 60 UNITS MINUTE, CURRENT + -60 UNITS MINUTE, null, 7200000, 132456, CURRENT, 132456, CURRENT);
INSERT INTO project_phase (project_phase_id, project_id, phase_type_id, phase_status_id, fixed_start_time, scheduled_start_time, scheduled_end_time, actual_start_time, actual_end_time, duration, create_user, create_date, modify_user, modify_date) VALUES (100591, 100050, 1, 1, CURRENT + 60 UNITS MINUTE, CURRENT + 60 UNITS MINUTE, CURRENT + 2940 UNITS MINUTE, null, null, 172800000, 132456, CURRENT, 132456, CURRENT);
INSERT INTO project_phase (project_phase_id, project_id, phase_type_id, phase_status_id, fixed_start_time, scheduled_start_time, scheduled_end_time, actual_start_time, actual_end_time, duration, create_user, create_date, modify_user, modify_date) VALUES (100592, 100050, 2, 1, null, CURRENT + 60 UNITS MINUTE, CURRENT + 5820 UNITS MINUTE, null, null, 345600000, 132456, CURRENT, 132456, CURRENT);
INSERT INTO project_phase (project_phase_id, project_id, phase_type_id, phase_status_id, fixed_start_time, scheduled_start_time, scheduled_end_time, actual_start_time, actual_end_time, duration, create_user, create_date, modify_user, modify_date) VALUES (100593, 100050, 3, 1, null, CURRENT + 5820 UNITS MINUTE, CURRENT + 6540 UNITS MINUTE, null, null, 43200000, 132456, CURRENT, 132456, CURRENT);
INSERT INTO project_phase (project_phase_id, project_id, phase_type_id, phase_status_id, fixed_start_time, scheduled_start_time, scheduled_end_time, actual_start_time, actual_end_time, duration, create_user, create_date, modify_user, modify_date) VALUES (100594, 100050, 4, 1, null, CURRENT + 6540 UNITS MINUTE, CURRENT + 9420 UNITS MINUTE, null, null, 172800000, 132456, CURRENT, 132456, CURRENT);
INSERT INTO project_phase (project_phase_id, project_id, phase_type_id, phase_status_id, fixed_start_time, scheduled_start_time, scheduled_end_time, actual_start_time, actual_end_time, duration, create_user, create_date, modify_user, modify_date) VALUES (100595, 100050, 5, 1, null, CURRENT + 9420 UNITS MINUTE, CURRENT + 10860 UNITS MINUTE, null, null, 86400000, 132456, CURRENT, 132456, CURRENT);
INSERT INTO project_phase (project_phase_id, project_id, phase_type_id, phase_status_id, fixed_start_time, scheduled_start_time, scheduled_end_time, actual_start_time, actual_end_time, duration, create_user, create_date, modify_user, modify_date) VALUES (100596, 100050, 6, 1, null, CURRENT + 10860 UNITS MINUTE, CURRENT + 11580 UNITS MINUTE, null, null, 43200000, 132456, CURRENT, 132456, CURRENT);
INSERT INTO project_phase (project_phase_id, project_id, phase_type_id, phase_status_id, fixed_start_time, scheduled_start_time, scheduled_end_time, actual_start_time, actual_end_time, duration, create_user, create_date, modify_user, modify_date) VALUES (100597, 100050, 7, 1, null, CURRENT + 11580 UNITS MINUTE, CURRENT + 12300 UNITS MINUTE, null, null, 43200000, 132456, CURRENT, 132456, CURRENT);
INSERT INTO project_phase (project_phase_id, project_id, phase_type_id, phase_status_id, fixed_start_time, scheduled_start_time, scheduled_end_time, actual_start_time, actual_end_time, duration, create_user, create_date, modify_user, modify_date) VALUES (100598, 100050, 9, 1, null, CURRENT + 12300 UNITS MINUTE, CURRENT + 13740 UNITS MINUTE, null, null, 86400000, 132456, CURRENT, 132456, CURRENT);
INSERT INTO project_phase (project_phase_id, project_id, phase_type_id, phase_status_id, fixed_start_time, scheduled_start_time, scheduled_end_time, actual_start_time, actual_end_time, duration, create_user, create_date, modify_user, modify_date) VALUES (100599, 100050, 10, 1, null, CURRENT + 13740 UNITS MINUTE, CURRENT + 14460 UNITS MINUTE, null, null, 43200000, 132456, CURRENT, 132456, CURRENT);
INSERT INTO project_phase (project_phase_id, project_id, phase_type_id, phase_status_id, fixed_start_time, scheduled_start_time, scheduled_end_time, actual_start_time, actual_end_time, duration, create_user, create_date, modify_user, modify_date) VALUES (100600, 100050, 11, 1, null, CURRENT + 14460 UNITS MINUTE, CURRENT + 21660 UNITS MINUTE, null, null, 432000000, 132456, CURRENT, 132456, CURRENT);
INSERT INTO phase_dependency (dependency_phase_id, dependent_phase_id, dependency_start, dependent_start, lag_time, create_user, create_date, modify_user, modify_date) VALUES (100589, 100590, 0, 1, 0, 132456, CURRENT, 132456, CURRENT);
INSERT INTO phase_dependency (dependency_phase_id, dependent_phase_id, dependency_start, dependent_start, lag_time, create_user, create_date, modify_user, modify_date) VALUES (100590, 100591, 0, 1, 0, 132456, CURRENT, 132456, CURRENT);
INSERT INTO phase_dependency (dependency_phase_id, dependent_phase_id, dependency_start, dependent_start, lag_time, create_user, create_date, modify_user, modify_date) VALUES (100591, 100592, 1, 1, 0, 132456, CURRENT, 132456, CURRENT);
INSERT INTO phase_dependency (dependency_phase_id, dependent_phase_id, dependency_start, dependent_start, lag_time, create_user, create_date, modify_user, modify_date) VALUES (100592, 100593, 0, 1, 0, 132456, CURRENT, 132456, CURRENT);
INSERT INTO phase_dependency (dependency_phase_id, dependent_phase_id, dependency_start, dependent_start, lag_time, create_user, create_date, modify_user, modify_date) VALUES (100593, 100594, 0, 1, 0, 132456, CURRENT, 132456, CURRENT);
INSERT INTO phase_dependency (dependency_phase_id, dependent_phase_id, dependency_start, dependent_start, lag_time, create_user, create_date, modify_user, modify_date) VALUES (100594, 100595, 0, 1, 0, 132456, CURRENT, 132456, CURRENT);
INSERT INTO phase_dependency (dependency_phase_id, dependent_phase_id, dependency_start, dependent_start, lag_time, create_user, create_date, modify_user, modify_date) VALUES (100595, 100596, 0, 1, 0, 132456, CURRENT, 132456, CURRENT);
INSERT INTO phase_dependency (dependency_phase_id, dependent_phase_id, dependency_start, dependent_start, lag_time, create_user, create_date, modify_user, modify_date) VALUES (100596, 100597, 0, 1, 0, 132456, CURRENT, 132456, CURRENT);
INSERT INTO phase_dependency (dependency_phase_id, dependent_phase_id, dependency_start, dependent_start, lag_time, create_user, create_date, modify_user, modify_date) VALUES (100597, 100598, 0, 1, 0, 132456, CURRENT, 132456, CURRENT);
INSERT INTO phase_dependency (dependency_phase_id, dependent_phase_id, dependency_start, dependent_start, lag_time, create_user, create_date, modify_user, modify_date) VALUES (100598, 100599, 0, 1, 0, 132456, CURRENT, 132456, CURRENT);
INSERT INTO phase_dependency (dependency_phase_id, dependent_phase_id, dependency_start, dependent_start, lag_time, create_user, create_date, modify_user, modify_date) VALUES (100599, 100600, 0, 1, 0, 132456, CURRENT, 132456, CURRENT);
INSERT INTO phase_criteria (project_phase_id, phase_criteria_type_id, parameter, create_user, create_date, modify_user, modify_date) VALUES (100590, 6, '1', 132456, CURRENT, 132456, CURRENT);
INSERT INTO phase_criteria (project_phase_id, phase_criteria_type_id, parameter, create_user, create_date, modify_user, modify_date) VALUES (100590, 1, '30000722', 132456, CURRENT, 132456, CURRENT);
INSERT INTO phase_criteria (project_phase_id, phase_criteria_type_id, parameter, create_user, create_date, modify_user, modify_date) VALUES (100591, 2, '0', 132456, CURRENT, 132456, CURRENT);
INSERT INTO phase_criteria (project_phase_id, phase_criteria_type_id, parameter, create_user, create_date, modify_user, modify_date) VALUES (100591, 5, 'No', 132456, CURRENT, 132456, CURRENT);
INSERT INTO phase_criteria (project_phase_id, phase_criteria_type_id, parameter, create_user, create_date, modify_user, modify_date) VALUES (100592, 3, '0', 132456, CURRENT, 132456, CURRENT);
INSERT INTO phase_criteria (project_phase_id, phase_criteria_type_id, parameter, create_user, create_date, modify_user, modify_date) VALUES (100592, 5, 'Yes', 132456, CURRENT, 132456, CURRENT);
INSERT INTO phase_criteria (project_phase_id, phase_criteria_type_id, parameter, create_user, create_date, modify_user, modify_date) VALUES (100593, 1, '30000412', 132456, CURRENT, 132456, CURRENT);
INSERT INTO phase_criteria (project_phase_id, phase_criteria_type_id, parameter, create_user, create_date, modify_user, modify_date) VALUES (100593, 5, 'No', 132456, CURRENT, 132456, CURRENT);
INSERT INTO phase_criteria (project_phase_id, phase_criteria_type_id, parameter, create_user, create_date, modify_user, modify_date) VALUES (100594, 6, '3', 132456, CURRENT, 132456, CURRENT);
INSERT INTO phase_criteria (project_phase_id, phase_criteria_type_id, parameter, create_user, create_date, modify_user, modify_date) VALUES (100594, 1, '30000413', 132456, CURRENT, 132456, CURRENT);
INSERT INTO phase_criteria (project_phase_id, phase_criteria_type_id, parameter, create_user, create_date, modify_user, modify_date) VALUES (100594, 5, 'No', 132456, CURRENT, 132456, CURRENT);
INSERT INTO phase_criteria (project_phase_id, phase_criteria_type_id, parameter, create_user, create_date, modify_user, modify_date) VALUES (100595, 4, 'No', 132456, CURRENT, 132456, CURRENT);
INSERT INTO phase_criteria (project_phase_id, phase_criteria_type_id, parameter, create_user, create_date, modify_user, modify_date) VALUES (100595, 5, 'No', 132456, CURRENT, 132456, CURRENT);
INSERT INTO phase_criteria (project_phase_id, phase_criteria_type_id, parameter, create_user, create_date, modify_user, modify_date) VALUES (100596, 5, 'No', 132456, CURRENT, 132456, CURRENT);
INSERT INTO phase_criteria (project_phase_id, phase_criteria_type_id, parameter, create_user, create_date, modify_user, modify_date) VALUES (100597, 5, 'No', 132456, CURRENT, 132456, CURRENT);
INSERT INTO phase_criteria (project_phase_id, phase_criteria_type_id, parameter, create_user, create_date, modify_user, modify_date) VALUES (100598, 5, 'No', 132456, CURRENT, 132456, CURRENT);
INSERT INTO phase_criteria (project_phase_id, phase_criteria_type_id, parameter, create_user, create_date, modify_user, modify_date) VALUES (100599, 5, 'No', 132456, CURRENT, 132456, CURRENT);
INSERT INTO phase_criteria (project_phase_id, phase_criteria_type_id, parameter, create_user, create_date, modify_user, modify_date) VALUES (100600, 6, '1', 132456, CURRENT, 132456, CURRENT);
INSERT INTO phase_criteria (project_phase_id, phase_criteria_type_id, parameter, create_user, create_date, modify_user, modify_date) VALUES (100600, 1, '30000720', 132456, CURRENT, 132456, CURRENT);
INSERT INTO review_auction (review_auction_id, project_id, review_auction_type_id) VALUES (110050, 100050, 3);
INSERT INTO review_auction (review_auction_id, project_id, review_auction_type_id) VALUES (100050, 100050, 2);

INSERT INTO project_info (project_id, project_info_type_id, value, create_user, create_date, modify_user, modify_date) VALUES (100001, 1, '100001', 132456, CURRENT, 132456, CURRENT);
INSERT INTO project_info (project_id, project_info_type_id, value, create_user, create_date, modify_user, modify_date) VALUES (100001, 2, '100001', 132456, CURRENT, 132456, CURRENT);
INSERT INTO project_info (project_id, project_info_type_id, value, create_user, create_date, modify_user, modify_date) VALUES (100001, 3, '100001', 132456, CURRENT, 132456, CURRENT);
INSERT INTO project_info (project_id, project_info_type_id, value, create_user, create_date, modify_user, modify_date) VALUES (100001, 4, '100002', 132456, CURRENT, 132456, CURRENT);
INSERT INTO project_info (project_id, project_info_type_id, value, create_user, create_date, modify_user, modify_date) VALUES (100001, 5, '9926572', 132456, CURRENT, 132456, CURRENT);
INSERT INTO project_info (project_id, project_info_type_id, value, create_user, create_date, modify_user, modify_date) VALUES (100001, 6, 'Client 100001 Billing Account 1 Project 1 Module Assembly Contest 1', 132456, CURRENT, 132456, CURRENT);
INSERT INTO project_info (project_id, project_info_type_id, value, create_user, create_date, modify_user, modify_date) VALUES (100001, 7, '1.0', 132456, CURRENT, 132456, CURRENT);
INSERT INTO project_info (project_id, project_info_type_id, value, create_user, create_date, modify_user, modify_date) VALUES (100001, 8, '', 132456, CURRENT, 132456, CURRENT);
INSERT INTO project_info (project_id, project_info_type_id, value, create_user, create_date, modify_user, modify_date) VALUES (100001, 11, 'On', 132456, CURRENT, 132456, CURRENT);
INSERT INTO project_info (project_id, project_info_type_id, value, create_user, create_date, modify_user, modify_date) VALUES (100001, 9, 'Off', 132456, CURRENT, 132456, CURRENT);
INSERT INTO project_info (project_id, project_info_type_id, value, create_user, create_date, modify_user, modify_date) VALUES (100001, 10, 'On', 132456, CURRENT, 132456, CURRENT);
INSERT INTO project_info (project_id, project_info_type_id, value, create_user, create_date, modify_user, modify_date) VALUES (100001, 12, 'Yes', 132456, CURRENT, 132456, CURRENT);
INSERT INTO project_info (project_id, project_info_type_id, value, create_user, create_date, modify_user, modify_date) VALUES (100001, 13, 'Yes', 132456, CURRENT, 132456, CURRENT);
INSERT INTO project_info (project_id, project_info_type_id, value, create_user, create_date, modify_user, modify_date) VALUES (100001, 14, 'Open', 132456, CURRENT, 132456, CURRENT);
INSERT INTO project_info (project_id, project_info_type_id, value, create_user, create_date, modify_user, modify_date) VALUES (100001, 16, '1200.0', 132456, CURRENT, 132456, CURRENT);
INSERT INTO project_info (project_id, project_info_type_id, value, create_user, create_date, modify_user, modify_date) VALUES (100001, 17, '', 132456, CURRENT, 132456, CURRENT);
INSERT INTO project_info (project_id, project_info_type_id, value, create_user, create_date, modify_user, modify_date) VALUES (100001, 26, 'On', 132456, CURRENT, 132456, CURRENT);
INSERT INTO project_info (project_id, project_info_type_id, value, create_user, create_date, modify_user, modify_date) VALUES (100001, 30, '540.0', 132456, CURRENT, 132456, CURRENT);
INSERT INTO project_info (project_id, project_info_type_id, value, create_user, create_date, modify_user, modify_date) VALUES (100001, 31, '6001.0', 132456, CURRENT, 132456, CURRENT);
INSERT INTO project_info (project_id, project_info_type_id, value, create_user, create_date, modify_user, modify_date) VALUES (100001, 33, '761.0', 132456, CURRENT, 132456, CURRENT);
INSERT INTO project_info (project_id, project_info_type_id, value, create_user, create_date, modify_user, modify_date) VALUES (100001, 35, '30.0', 132456, CURRENT, 132456, CURRENT);
INSERT INTO project_info (project_id, project_info_type_id, value, create_user, create_date, modify_user, modify_date) VALUES (100001, 36, '1200.0', 132456, CURRENT, 132456, CURRENT);
INSERT INTO project_info (project_id, project_info_type_id, value, create_user, create_date, modify_user, modify_date) VALUES (100001, 37, '600.0', 132456, CURRENT, 132456, CURRENT);
INSERT INTO project_info (project_id, project_info_type_id, value, create_user, create_date, modify_user, modify_date) VALUES (100001, 45, 'true', 132456, CURRENT, 132456, CURRENT);
INSERT INTO project_info (project_id, project_info_type_id, value, create_user, create_date, modify_user, modify_date) VALUES (100001, 47, 'true', 132456, CURRENT, 132456, CURRENT);
INSERT INTO project_info (project_id, project_info_type_id, value, create_user, create_date, modify_user, modify_date) VALUES (100001, 38, '380.0', 132456, CURRENT, 132456, CURRENT);
INSERT INTO project_info (project_id, project_info_type_id, value, create_user, create_date, modify_user, modify_date) VALUES (100001, 39, '0.0', 132456, CURRENT, 132456, CURRENT);
INSERT INTO project_info (project_id, project_info_type_id, value, create_user, create_date, modify_user, modify_date) VALUES (100001, 40, 'C', 132456, CURRENT, 132456, CURRENT);
INSERT INTO project_info (project_id, project_info_type_id, value, create_user, create_date, modify_user, modify_date) VALUES (100001, 32, '100001', 132456, CURRENT, 132456, CURRENT);
INSERT INTO project_info (project_id, project_info_type_id, value, create_user, create_date, modify_user, modify_date) VALUES (100001, 41, 'true', 132456, CURRENT, 132456, CURRENT);
INSERT INTO project_info (project_id, project_info_type_id, value, create_user, create_date, modify_user, modify_date) VALUES (100001, 43, 'true', 132456, CURRENT, 132456, CURRENT);
INSERT INTO project_info (project_id, project_info_type_id, value, create_user, create_date, modify_user, modify_date) VALUES (100001, 44, 'false', 132456, CURRENT, 132456, CURRENT);
INSERT INTO project_info (project_id, project_info_type_id, value, create_user, create_date, modify_user, modify_date) VALUES (100001, 46, 'true', 132456, CURRENT, 132456, CURRENT);
INSERT INTO project_info (project_id, project_info_type_id, value, create_user, create_date, modify_user, modify_date) VALUES (100001, 48, 'true', 132456, CURRENT, 132456, CURRENT);
INSERT INTO project_info (project_id, project_info_type_id, value, create_user, create_date, modify_user, modify_date) VALUES (100001, 21, '02.11.2013 16:21 MSK', 132456, CURRENT, 132456, CURRENT);
INSERT INTO project_info (project_id, project_info_type_id, value, create_user, create_date, modify_user, modify_date) VALUES (100001, 49, '500', 132456, CURRENT, 132456, CURRENT);
INSERT INTO project_info (project_id, project_info_type_id, value, create_user, create_date, modify_user, modify_date) VALUES (100001, 59, 'true', 132456, CURRENT, 132456, CURRENT);
INSERT INTO resource (resource_id, resource_role_id, project_id, project_phase_id, create_user, create_date, modify_user, modify_date) VALUES (100001, 13, 100001, NULL, 132456, CURRENT, 132456, CURRENT);
INSERT INTO resource (resource_id, resource_role_id, project_id, project_phase_id, create_user, create_date, modify_user, modify_date) VALUES (100002, 13, 100001, NULL, 132456, CURRENT, 132456, CURRENT);
INSERT INTO resource (resource_id, resource_role_id, project_id, project_phase_id, create_user, create_date, modify_user, modify_date) VALUES (100003, 14, 100001, NULL, 132456, CURRENT, 132456, CURRENT);
INSERT INTO resource (resource_id, resource_role_id, project_id, project_phase_id, create_user, create_date, modify_user, modify_date) VALUES (100004, 10, 100001, NULL, 132456, CURRENT, 132456, CURRENT);
INSERT INTO resource_info (resource_id, resource_info_type_id, value, create_user, create_date, modify_user, modify_date) VALUES (100001, 1, '132456', 132456, CURRENT, 132456, CURRENT);
INSERT INTO resource_info (resource_id, resource_info_type_id, value, create_user, create_date, modify_user, modify_date) VALUES (100001, 2, 'heffan', 132456, CURRENT, 132456, CURRENT);
INSERT INTO resource_info (resource_id, resource_info_type_id, value, create_user, create_date, modify_user, modify_date) VALUES (100001, 8, 'N/A', 132456, CURRENT, 132456, CURRENT);
INSERT INTO resource_info (resource_id, resource_info_type_id, value, create_user, create_date, modify_user, modify_date) VALUES (100001, 6, '01.26.2013 03:22 PM', 132456, CURRENT, 132456, CURRENT);
INSERT INTO resource_info (resource_id, resource_info_type_id, value, create_user, create_date, modify_user, modify_date) VALUES (100002, 1, '22770213', 132456, CURRENT, 132456, CURRENT);
INSERT INTO resource_info (resource_id, resource_info_type_id, value, create_user, create_date, modify_user, modify_date) VALUES (100002, 2, 'Applications', 132456, CURRENT, 132456, CURRENT);
INSERT INTO resource_info (resource_id, resource_info_type_id, value, create_user, create_date, modify_user, modify_date) VALUES (100002, 8, 'N/A', 132456, CURRENT, 132456, CURRENT);
INSERT INTO resource_info (resource_id, resource_info_type_id, value, create_user, create_date, modify_user, modify_date) VALUES (100002, 6, '01.26.2013 03:23 PM', 132456, CURRENT, 132456, CURRENT);
INSERT INTO resource_info (resource_id, resource_info_type_id, value, create_user, create_date, modify_user, modify_date) VALUES (100003, 1, '132458', 132456, CURRENT, 132456, CURRENT);
INSERT INTO resource_info (resource_id, resource_info_type_id, value, create_user, create_date, modify_user, modify_date) VALUES (100003, 2, 'user', 132456, CURRENT, 132456, CURRENT);
INSERT INTO resource_info (resource_id, resource_info_type_id, value, create_user, create_date, modify_user, modify_date) VALUES (100003, 8, 'N/A', 132456, CURRENT, 132456, CURRENT);
INSERT INTO resource_info (resource_id, resource_info_type_id, value, create_user, create_date, modify_user, modify_date) VALUES (100003, 6, '01.26.2013 03:24 PM', 132456, CURRENT, 132456, CURRENT);
INSERT INTO resource_info (resource_id, resource_info_type_id, value, create_user, create_date, modify_user, modify_date) VALUES (100004, 1, '132458', 132456, CURRENT, 132456, CURRENT);
INSERT INTO resource_info (resource_id, resource_info_type_id, value, create_user, create_date, modify_user, modify_date) VALUES (100004, 2, 'user', 132456, CURRENT, 132456, CURRENT);
INSERT INTO resource_info (resource_id, resource_info_type_id, value, create_user, create_date, modify_user, modify_date) VALUES (100004, 8, 'N/A', 132456, CURRENT, 132456, CURRENT);
INSERT INTO resource_info (resource_id, resource_info_type_id, value, create_user, create_date, modify_user, modify_date) VALUES (100004, 6, '01.26.2013 03:25 PM', 132456, CURRENT, 132456, CURRENT);
INSERT INTO project_info (project_id, project_info_type_id, value, create_user, create_date, modify_user, modify_date) VALUES (100002, 1, '100002', 132456, CURRENT, 132456, CURRENT);
INSERT INTO project_info (project_id, project_info_type_id, value, create_user, create_date, modify_user, modify_date) VALUES (100002, 2, '100002', 132456, CURRENT, 132456, CURRENT);
INSERT INTO project_info (project_id, project_info_type_id, value, create_user, create_date, modify_user, modify_date) VALUES (100002, 3, '100002', 132456, CURRENT, 132456, CURRENT);
INSERT INTO project_info (project_id, project_info_type_id, value, create_user, create_date, modify_user, modify_date) VALUES (100002, 4, '100003', 132456, CURRENT, 132456, CURRENT);
INSERT INTO project_info (project_id, project_info_type_id, value, create_user, create_date, modify_user, modify_date) VALUES (100002, 5, '27202909', 132456, CURRENT, 132456, CURRENT);
INSERT INTO project_info (project_id, project_info_type_id, value, create_user, create_date, modify_user, modify_date) VALUES (100002, 6, 'Client 100001 Billing Account 1 Project 1 Module Assembly Contest 2', 132456, CURRENT, 132456, CURRENT);
INSERT INTO project_info (project_id, project_info_type_id, value, create_user, create_date, modify_user, modify_date) VALUES (100002, 7, '1.0', 132456, CURRENT, 132456, CURRENT);
INSERT INTO project_info (project_id, project_info_type_id, value, create_user, create_date, modify_user, modify_date) VALUES (100002, 8, '', 132456, CURRENT, 132456, CURRENT);
INSERT INTO project_info (project_id, project_info_type_id, value, create_user, create_date, modify_user, modify_date) VALUES (100002, 11, 'On', 132456, CURRENT, 132456, CURRENT);
INSERT INTO project_info (project_id, project_info_type_id, value, create_user, create_date, modify_user, modify_date) VALUES (100002, 9, 'Off', 132456, CURRENT, 132456, CURRENT);
INSERT INTO project_info (project_id, project_info_type_id, value, create_user, create_date, modify_user, modify_date) VALUES (100002, 10, 'On', 132456, CURRENT, 132456, CURRENT);
INSERT INTO project_info (project_id, project_info_type_id, value, create_user, create_date, modify_user, modify_date) VALUES (100002, 12, 'Yes', 132456, CURRENT, 132456, CURRENT);
INSERT INTO project_info (project_id, project_info_type_id, value, create_user, create_date, modify_user, modify_date) VALUES (100002, 13, 'Yes', 132456, CURRENT, 132456, CURRENT);
INSERT INTO project_info (project_id, project_info_type_id, value, create_user, create_date, modify_user, modify_date) VALUES (100002, 14, 'Open', 132456, CURRENT, 132456, CURRENT);
INSERT INTO project_info (project_id, project_info_type_id, value, create_user, create_date, modify_user, modify_date) VALUES (100002, 16, '800.0', 132456, CURRENT, 132456, CURRENT);
INSERT INTO project_info (project_id, project_info_type_id, value, create_user, create_date, modify_user, modify_date) VALUES (100002, 17, '', 132456, CURRENT, 132456, CURRENT);
INSERT INTO project_info (project_id, project_info_type_id, value, create_user, create_date, modify_user, modify_date) VALUES (100002, 26, 'On', 132456, CURRENT, 132456, CURRENT);
INSERT INTO project_info (project_id, project_info_type_id, value, create_user, create_date, modify_user, modify_date) VALUES (100002, 30, '360.0', 132456, CURRENT, 132456, CURRENT);
INSERT INTO project_info (project_id, project_info_type_id, value, create_user, create_date, modify_user, modify_date) VALUES (100002, 31, '6001.0', 132456, CURRENT, 132456, CURRENT);
INSERT INTO project_info (project_id, project_info_type_id, value, create_user, create_date, modify_user, modify_date) VALUES (100002, 33, '605.0', 132456, CURRENT, 132456, CURRENT);
INSERT INTO project_info (project_id, project_info_type_id, value, create_user, create_date, modify_user, modify_date) VALUES (100002, 35, '30.0', 132456, CURRENT, 132456, CURRENT);
INSERT INTO project_info (project_id, project_info_type_id, value, create_user, create_date, modify_user, modify_date) VALUES (100002, 36, '800.0', 132456, CURRENT, 132456, CURRENT);
INSERT INTO project_info (project_id, project_info_type_id, value, create_user, create_date, modify_user, modify_date) VALUES (100002, 37, '400.0', 132456, CURRENT, 132456, CURRENT);
INSERT INTO project_info (project_id, project_info_type_id, value, create_user, create_date, modify_user, modify_date) VALUES (100002, 45, 'true', 132456, CURRENT, 132456, CURRENT);
INSERT INTO project_info (project_id, project_info_type_id, value, create_user, create_date, modify_user, modify_date) VALUES (100002, 47, 'true', 132456, CURRENT, 132456, CURRENT);
INSERT INTO project_info (project_id, project_info_type_id, value, create_user, create_date, modify_user, modify_date) VALUES (100002, 38, '240.0', 132456, CURRENT, 132456, CURRENT);
INSERT INTO project_info (project_id, project_info_type_id, value, create_user, create_date, modify_user, modify_date) VALUES (100002, 39, '0.0', 132456, CURRENT, 132456, CURRENT);
INSERT INTO project_info (project_id, project_info_type_id, value, create_user, create_date, modify_user, modify_date) VALUES (100002, 40, 'A', 132456, CURRENT, 132456, CURRENT);
INSERT INTO project_info (project_id, project_info_type_id, value, create_user, create_date, modify_user, modify_date) VALUES (100002, 32, '100001', 132456, CURRENT, 132456, CURRENT);
INSERT INTO project_info (project_id, project_info_type_id, value, create_user, create_date, modify_user, modify_date) VALUES (100002, 41, 'true', 132456, CURRENT, 132456, CURRENT);
INSERT INTO project_info (project_id, project_info_type_id, value, create_user, create_date, modify_user, modify_date) VALUES (100002, 43, 'true', 132456, CURRENT, 132456, CURRENT);
INSERT INTO project_info (project_id, project_info_type_id, value, create_user, create_date, modify_user, modify_date) VALUES (100002, 44, 'false', 132456, CURRENT, 132456, CURRENT);
INSERT INTO project_info (project_id, project_info_type_id, value, create_user, create_date, modify_user, modify_date) VALUES (100002, 46, 'true', 132456, CURRENT, 132456, CURRENT);
INSERT INTO project_info (project_id, project_info_type_id, value, create_user, create_date, modify_user, modify_date) VALUES (100002, 48, 'true', 132456, CURRENT, 132456, CURRENT);
INSERT INTO project_info (project_id, project_info_type_id, value, create_user, create_date, modify_user, modify_date) VALUES (100002, 21, '02.03.2013 03:21 MSK', 132456, CURRENT, 132456, CURRENT);
INSERT INTO project_info (project_id, project_info_type_id, value, create_user, create_date, modify_user, modify_date) VALUES (100002, 49, '500', 132456, CURRENT, 132456, CURRENT);
INSERT INTO project_info (project_id, project_info_type_id, value, create_user, create_date, modify_user, modify_date) VALUES (100002, 59, 'true', 132456, CURRENT, 132456, CURRENT);
INSERT INTO resource (resource_id, resource_role_id, project_id, project_phase_id, create_user, create_date, modify_user, modify_date) VALUES (100005, 13, 100002, NULL, 132456, CURRENT, 132456, CURRENT);
INSERT INTO resource (resource_id, resource_role_id, project_id, project_phase_id, create_user, create_date, modify_user, modify_date) VALUES (100006, 13, 100002, NULL, 132456, CURRENT, 132456, CURRENT);
INSERT INTO resource (resource_id, resource_role_id, project_id, project_phase_id, create_user, create_date, modify_user, modify_date) VALUES (100007, 14, 100002, NULL, 132456, CURRENT, 132456, CURRENT);
INSERT INTO resource (resource_id, resource_role_id, project_id, project_phase_id, create_user, create_date, modify_user, modify_date) VALUES (100008, 10, 100002, NULL, 132456, CURRENT, 132456, CURRENT);
INSERT INTO resource_info (resource_id, resource_info_type_id, value, create_user, create_date, modify_user, modify_date) VALUES (100005, 1, '132456', 132456, CURRENT, 132456, CURRENT);
INSERT INTO resource_info (resource_id, resource_info_type_id, value, create_user, create_date, modify_user, modify_date) VALUES (100005, 2, 'heffan', 132456, CURRENT, 132456, CURRENT);
INSERT INTO resource_info (resource_id, resource_info_type_id, value, create_user, create_date, modify_user, modify_date) VALUES (100005, 8, 'N/A', 132456, CURRENT, 132456, CURRENT);
INSERT INTO resource_info (resource_id, resource_info_type_id, value, create_user, create_date, modify_user, modify_date) VALUES (100005, 6, '01.26.2013 03:22 PM', 132456, CURRENT, 132456, CURRENT);
INSERT INTO resource_info (resource_id, resource_info_type_id, value, create_user, create_date, modify_user, modify_date) VALUES (100006, 1, '22770213', 132456, CURRENT, 132456, CURRENT);
INSERT INTO resource_info (resource_id, resource_info_type_id, value, create_user, create_date, modify_user, modify_date) VALUES (100006, 2, 'Applications', 132456, CURRENT, 132456, CURRENT);
INSERT INTO resource_info (resource_id, resource_info_type_id, value, create_user, create_date, modify_user, modify_date) VALUES (100006, 8, 'N/A', 132456, CURRENT, 132456, CURRENT);
INSERT INTO resource_info (resource_id, resource_info_type_id, value, create_user, create_date, modify_user, modify_date) VALUES (100006, 6, '01.26.2013 03:23 PM', 132456, CURRENT, 132456, CURRENT);
INSERT INTO resource_info (resource_id, resource_info_type_id, value, create_user, create_date, modify_user, modify_date) VALUES (100007, 1, '132458', 132456, CURRENT, 132456, CURRENT);
INSERT INTO resource_info (resource_id, resource_info_type_id, value, create_user, create_date, modify_user, modify_date) VALUES (100007, 2, 'user', 132456, CURRENT, 132456, CURRENT);
INSERT INTO resource_info (resource_id, resource_info_type_id, value, create_user, create_date, modify_user, modify_date) VALUES (100007, 8, 'N/A', 132456, CURRENT, 132456, CURRENT);
INSERT INTO resource_info (resource_id, resource_info_type_id, value, create_user, create_date, modify_user, modify_date) VALUES (100007, 6, '01.26.2013 03:24 PM', 132456, CURRENT, 132456, CURRENT);
INSERT INTO resource_info (resource_id, resource_info_type_id, value, create_user, create_date, modify_user, modify_date) VALUES (100008, 1, '132458', 132456, CURRENT, 132456, CURRENT);
INSERT INTO resource_info (resource_id, resource_info_type_id, value, create_user, create_date, modify_user, modify_date) VALUES (100008, 2, 'user', 132456, CURRENT, 132456, CURRENT);
INSERT INTO resource_info (resource_id, resource_info_type_id, value, create_user, create_date, modify_user, modify_date) VALUES (100008, 8, 'N/A', 132456, CURRENT, 132456, CURRENT);
INSERT INTO resource_info (resource_id, resource_info_type_id, value, create_user, create_date, modify_user, modify_date) VALUES (100008, 6, '01.26.2013 03:25 PM', 132456, CURRENT, 132456, CURRENT);
INSERT INTO project_info (project_id, project_info_type_id, value, create_user, create_date, modify_user, modify_date) VALUES (100003, 1, '100003', 132456, CURRENT, 132456, CURRENT);
INSERT INTO project_info (project_id, project_info_type_id, value, create_user, create_date, modify_user, modify_date) VALUES (100003, 2, '100003', 132456, CURRENT, 132456, CURRENT);
INSERT INTO project_info (project_id, project_info_type_id, value, create_user, create_date, modify_user, modify_date) VALUES (100003, 3, '100003', 132456, CURRENT, 132456, CURRENT);
INSERT INTO project_info (project_id, project_info_type_id, value, create_user, create_date, modify_user, modify_date) VALUES (100003, 4, '100004', 132456, CURRENT, 132456, CURRENT);
INSERT INTO project_info (project_id, project_info_type_id, value, create_user, create_date, modify_user, modify_date) VALUES (100003, 5, '27202903', 132456, CURRENT, 132456, CURRENT);
INSERT INTO project_info (project_id, project_info_type_id, value, create_user, create_date, modify_user, modify_date) VALUES (100003, 6, 'Client 100001 Billing Account 1 Project 1 Development Contest 3', 132456, CURRENT, 132456, CURRENT);
INSERT INTO project_info (project_id, project_info_type_id, value, create_user, create_date, modify_user, modify_date) VALUES (100003, 7, '1.0', 132456, CURRENT, 132456, CURRENT);
INSERT INTO project_info (project_id, project_info_type_id, value, create_user, create_date, modify_user, modify_date) VALUES (100003, 8, '', 132456, CURRENT, 132456, CURRENT);
INSERT INTO project_info (project_id, project_info_type_id, value, create_user, create_date, modify_user, modify_date) VALUES (100003, 11, 'On', 132456, CURRENT, 132456, CURRENT);
INSERT INTO project_info (project_id, project_info_type_id, value, create_user, create_date, modify_user, modify_date) VALUES (100003, 9, 'Off', 132456, CURRENT, 132456, CURRENT);
INSERT INTO project_info (project_id, project_info_type_id, value, create_user, create_date, modify_user, modify_date) VALUES (100003, 10, 'On', 132456, CURRENT, 132456, CURRENT);
INSERT INTO project_info (project_id, project_info_type_id, value, create_user, create_date, modify_user, modify_date) VALUES (100003, 12, 'Yes', 132456, CURRENT, 132456, CURRENT);
INSERT INTO project_info (project_id, project_info_type_id, value, create_user, create_date, modify_user, modify_date) VALUES (100003, 13, 'Yes', 132456, CURRENT, 132456, CURRENT);
INSERT INTO project_info (project_id, project_info_type_id, value, create_user, create_date, modify_user, modify_date) VALUES (100003, 14, 'Open', 132456, CURRENT, 132456, CURRENT);
INSERT INTO project_info (project_id, project_info_type_id, value, create_user, create_date, modify_user, modify_date) VALUES (100003, 16, '1200.0', 132456, CURRENT, 132456, CURRENT);
INSERT INTO project_info (project_id, project_info_type_id, value, create_user, create_date, modify_user, modify_date) VALUES (100003, 17, '', 132456, CURRENT, 132456, CURRENT);
INSERT INTO project_info (project_id, project_info_type_id, value, create_user, create_date, modify_user, modify_date) VALUES (100003, 26, 'On', 132456, CURRENT, 132456, CURRENT);
INSERT INTO project_info (project_id, project_info_type_id, value, create_user, create_date, modify_user, modify_date) VALUES (100003, 30, '540.0', 132456, CURRENT, 132456, CURRENT);
INSERT INTO project_info (project_id, project_info_type_id, value, create_user, create_date, modify_user, modify_date) VALUES (100003, 31, '6001.0', 132456, CURRENT, 132456, CURRENT);
INSERT INTO project_info (project_id, project_info_type_id, value, create_user, create_date, modify_user, modify_date) VALUES (100003, 33, '761.0', 132456, CURRENT, 132456, CURRENT);
INSERT INTO project_info (project_id, project_info_type_id, value, create_user, create_date, modify_user, modify_date) VALUES (100003, 35, '30.0', 132456, CURRENT, 132456, CURRENT);
INSERT INTO project_info (project_id, project_info_type_id, value, create_user, create_date, modify_user, modify_date) VALUES (100003, 36, '1200.0', 132456, CURRENT, 132456, CURRENT);
INSERT INTO project_info (project_id, project_info_type_id, value, create_user, create_date, modify_user, modify_date) VALUES (100003, 37, '600.0', 132456, CURRENT, 132456, CURRENT);
INSERT INTO project_info (project_id, project_info_type_id, value, create_user, create_date, modify_user, modify_date) VALUES (100003, 45, 'true', 132456, CURRENT, 132456, CURRENT);
INSERT INTO project_info (project_id, project_info_type_id, value, create_user, create_date, modify_user, modify_date) VALUES (100003, 47, 'true', 132456, CURRENT, 132456, CURRENT);
INSERT INTO project_info (project_id, project_info_type_id, value, create_user, create_date, modify_user, modify_date) VALUES (100003, 38, '380.0', 132456, CURRENT, 132456, CURRENT);
INSERT INTO project_info (project_id, project_info_type_id, value, create_user, create_date, modify_user, modify_date) VALUES (100003, 39, '0.0', 132456, CURRENT, 132456, CURRENT);
INSERT INTO project_info (project_id, project_info_type_id, value, create_user, create_date, modify_user, modify_date) VALUES (100003, 40, 'C', 132456, CURRENT, 132456, CURRENT);
INSERT INTO project_info (project_id, project_info_type_id, value, create_user, create_date, modify_user, modify_date) VALUES (100003, 32, '100001', 132456, CURRENT, 132456, CURRENT);
INSERT INTO project_info (project_id, project_info_type_id, value, create_user, create_date, modify_user, modify_date) VALUES (100003, 41, 'true', 132456, CURRENT, 132456, CURRENT);
INSERT INTO project_info (project_id, project_info_type_id, value, create_user, create_date, modify_user, modify_date) VALUES (100003, 43, 'true', 132456, CURRENT, 132456, CURRENT);
INSERT INTO project_info (project_id, project_info_type_id, value, create_user, create_date, modify_user, modify_date) VALUES (100003, 44, 'false', 132456, CURRENT, 132456, CURRENT);
INSERT INTO project_info (project_id, project_info_type_id, value, create_user, create_date, modify_user, modify_date) VALUES (100003, 46, 'true', 132456, CURRENT, 132456, CURRENT);
INSERT INTO project_info (project_id, project_info_type_id, value, create_user, create_date, modify_user, modify_date) VALUES (100003, 48, 'true', 132456, CURRENT, 132456, CURRENT);
INSERT INTO project_info (project_id, project_info_type_id, value, create_user, create_date, modify_user, modify_date) VALUES (100003, 21, '02.06.2013 15:21 MSK', 132456, CURRENT, 132456, CURRENT);
INSERT INTO project_info (project_id, project_info_type_id, value, create_user, create_date, modify_user, modify_date) VALUES (100003, 49, '500', 132456, CURRENT, 132456, CURRENT);
INSERT INTO project_info (project_id, project_info_type_id, value, create_user, create_date, modify_user, modify_date) VALUES (100003, 59, 'true', 132456, CURRENT, 132456, CURRENT);
INSERT INTO resource (resource_id, resource_role_id, project_id, project_phase_id, create_user, create_date, modify_user, modify_date) VALUES (100009, 13, 100003, NULL, 132456, CURRENT, 132456, CURRENT);
INSERT INTO resource (resource_id, resource_role_id, project_id, project_phase_id, create_user, create_date, modify_user, modify_date) VALUES (100010, 13, 100003, NULL, 132456, CURRENT, 132456, CURRENT);
INSERT INTO resource (resource_id, resource_role_id, project_id, project_phase_id, create_user, create_date, modify_user, modify_date) VALUES (100011, 14, 100003, NULL, 132456, CURRENT, 132456, CURRENT);
INSERT INTO resource (resource_id, resource_role_id, project_id, project_phase_id, create_user, create_date, modify_user, modify_date) VALUES (100012, 10, 100003, NULL, 132456, CURRENT, 132456, CURRENT);
INSERT INTO resource_info (resource_id, resource_info_type_id, value, create_user, create_date, modify_user, modify_date) VALUES (100009, 1, '132456', 132456, CURRENT, 132456, CURRENT);
INSERT INTO resource_info (resource_id, resource_info_type_id, value, create_user, create_date, modify_user, modify_date) VALUES (100009, 2, 'heffan', 132456, CURRENT, 132456, CURRENT);
INSERT INTO resource_info (resource_id, resource_info_type_id, value, create_user, create_date, modify_user, modify_date) VALUES (100009, 8, 'N/A', 132456, CURRENT, 132456, CURRENT);
INSERT INTO resource_info (resource_id, resource_info_type_id, value, create_user, create_date, modify_user, modify_date) VALUES (100009, 6, '01.26.2013 03:22 PM', 132456, CURRENT, 132456, CURRENT);
INSERT INTO resource_info (resource_id, resource_info_type_id, value, create_user, create_date, modify_user, modify_date) VALUES (100010, 1, '22719217', 132456, CURRENT, 132456, CURRENT);
INSERT INTO resource_info (resource_id, resource_info_type_id, value, create_user, create_date, modify_user, modify_date) VALUES (100010, 2, 'Components', 132456, CURRENT, 132456, CURRENT);
INSERT INTO resource_info (resource_id, resource_info_type_id, value, create_user, create_date, modify_user, modify_date) VALUES (100010, 8, 'N/A', 132456, CURRENT, 132456, CURRENT);
INSERT INTO resource_info (resource_id, resource_info_type_id, value, create_user, create_date, modify_user, modify_date) VALUES (100010, 6, '01.26.2013 03:23 PM', 132456, CURRENT, 132456, CURRENT);
INSERT INTO resource_info (resource_id, resource_info_type_id, value, create_user, create_date, modify_user, modify_date) VALUES (100011, 1, '132458', 132456, CURRENT, 132456, CURRENT);
INSERT INTO resource_info (resource_id, resource_info_type_id, value, create_user, create_date, modify_user, modify_date) VALUES (100011, 2, 'user', 132456, CURRENT, 132456, CURRENT);
INSERT INTO resource_info (resource_id, resource_info_type_id, value, create_user, create_date, modify_user, modify_date) VALUES (100011, 8, 'N/A', 132456, CURRENT, 132456, CURRENT);
INSERT INTO resource_info (resource_id, resource_info_type_id, value, create_user, create_date, modify_user, modify_date) VALUES (100011, 6, '01.26.2013 03:24 PM', 132456, CURRENT, 132456, CURRENT);
INSERT INTO resource_info (resource_id, resource_info_type_id, value, create_user, create_date, modify_user, modify_date) VALUES (100012, 1, '132458', 132456, CURRENT, 132456, CURRENT);
INSERT INTO resource_info (resource_id, resource_info_type_id, value, create_user, create_date, modify_user, modify_date) VALUES (100012, 2, 'user', 132456, CURRENT, 132456, CURRENT);
INSERT INTO resource_info (resource_id, resource_info_type_id, value, create_user, create_date, modify_user, modify_date) VALUES (100012, 8, 'N/A', 132456, CURRENT, 132456, CURRENT);
INSERT INTO resource_info (resource_id, resource_info_type_id, value, create_user, create_date, modify_user, modify_date) VALUES (100012, 6, '01.26.2013 03:25 PM', 132456, CURRENT, 132456, CURRENT);
INSERT INTO project_info (project_id, project_info_type_id, value, create_user, create_date, modify_user, modify_date) VALUES (100004, 1, '100004', 132456, CURRENT, 132456, CURRENT);
INSERT INTO project_info (project_id, project_info_type_id, value, create_user, create_date, modify_user, modify_date) VALUES (100004, 2, '100004', 132456, CURRENT, 132456, CURRENT);
INSERT INTO project_info (project_id, project_info_type_id, value, create_user, create_date, modify_user, modify_date) VALUES (100004, 3, '100004', 132456, CURRENT, 132456, CURRENT);
INSERT INTO project_info (project_id, project_info_type_id, value, create_user, create_date, modify_user, modify_date) VALUES (100004, 4, '100005', 132456, CURRENT, 132456, CURRENT);
INSERT INTO project_info (project_id, project_info_type_id, value, create_user, create_date, modify_user, modify_date) VALUES (100004, 5, '9926572', 132456, CURRENT, 132456, CURRENT);
INSERT INTO project_info (project_id, project_info_type_id, value, create_user, create_date, modify_user, modify_date) VALUES (100004, 6, 'Client 100001 Billing Account 1 Project 1 Development Contest 4', 132456, CURRENT, 132456, CURRENT);
INSERT INTO project_info (project_id, project_info_type_id, value, create_user, create_date, modify_user, modify_date) VALUES (100004, 7, '1.0', 132456, CURRENT, 132456, CURRENT);
INSERT INTO project_info (project_id, project_info_type_id, value, create_user, create_date, modify_user, modify_date) VALUES (100004, 8, '', 132456, CURRENT, 132456, CURRENT);
INSERT INTO project_info (project_id, project_info_type_id, value, create_user, create_date, modify_user, modify_date) VALUES (100004, 11, 'On', 132456, CURRENT, 132456, CURRENT);
INSERT INTO project_info (project_id, project_info_type_id, value, create_user, create_date, modify_user, modify_date) VALUES (100004, 9, 'Off', 132456, CURRENT, 132456, CURRENT);
INSERT INTO project_info (project_id, project_info_type_id, value, create_user, create_date, modify_user, modify_date) VALUES (100004, 10, 'On', 132456, CURRENT, 132456, CURRENT);
INSERT INTO project_info (project_id, project_info_type_id, value, create_user, create_date, modify_user, modify_date) VALUES (100004, 12, 'Yes', 132456, CURRENT, 132456, CURRENT);
INSERT INTO project_info (project_id, project_info_type_id, value, create_user, create_date, modify_user, modify_date) VALUES (100004, 13, 'Yes', 132456, CURRENT, 132456, CURRENT);
INSERT INTO project_info (project_id, project_info_type_id, value, create_user, create_date, modify_user, modify_date) VALUES (100004, 14, 'Open', 132456, CURRENT, 132456, CURRENT);
INSERT INTO project_info (project_id, project_info_type_id, value, create_user, create_date, modify_user, modify_date) VALUES (100004, 16, '1000.0', 132456, CURRENT, 132456, CURRENT);
INSERT INTO project_info (project_id, project_info_type_id, value, create_user, create_date, modify_user, modify_date) VALUES (100004, 17, '', 132456, CURRENT, 132456, CURRENT);
INSERT INTO project_info (project_id, project_info_type_id, value, create_user, create_date, modify_user, modify_date) VALUES (100004, 26, 'On', 132456, CURRENT, 132456, CURRENT);
INSERT INTO project_info (project_id, project_info_type_id, value, create_user, create_date, modify_user, modify_date) VALUES (100004, 30, '450.0', 132456, CURRENT, 132456, CURRENT);
INSERT INTO project_info (project_id, project_info_type_id, value, create_user, create_date, modify_user, modify_date) VALUES (100004, 31, '6001.0', 132456, CURRENT, 132456, CURRENT);
INSERT INTO project_info (project_id, project_info_type_id, value, create_user, create_date, modify_user, modify_date) VALUES (100004, 33, '683.0', 132456, CURRENT, 132456, CURRENT);
INSERT INTO project_info (project_id, project_info_type_id, value, create_user, create_date, modify_user, modify_date) VALUES (100004, 35, '30.0', 132456, CURRENT, 132456, CURRENT);
INSERT INTO project_info (project_id, project_info_type_id, value, create_user, create_date, modify_user, modify_date) VALUES (100004, 36, '1000.0', 132456, CURRENT, 132456, CURRENT);
INSERT INTO project_info (project_id, project_info_type_id, value, create_user, create_date, modify_user, modify_date) VALUES (100004, 37, '500.0', 132456, CURRENT, 132456, CURRENT);
INSERT INTO project_info (project_id, project_info_type_id, value, create_user, create_date, modify_user, modify_date) VALUES (100004, 45, 'true', 132456, CURRENT, 132456, CURRENT);
INSERT INTO project_info (project_id, project_info_type_id, value, create_user, create_date, modify_user, modify_date) VALUES (100004, 47, 'true', 132456, CURRENT, 132456, CURRENT);
INSERT INTO project_info (project_id, project_info_type_id, value, create_user, create_date, modify_user, modify_date) VALUES (100004, 38, '300.0', 132456, CURRENT, 132456, CURRENT);
INSERT INTO project_info (project_id, project_info_type_id, value, create_user, create_date, modify_user, modify_date) VALUES (100004, 39, '0.0', 132456, CURRENT, 132456, CURRENT);
INSERT INTO project_info (project_id, project_info_type_id, value, create_user, create_date, modify_user, modify_date) VALUES (100004, 40, 'B', 132456, CURRENT, 132456, CURRENT);
INSERT INTO project_info (project_id, project_info_type_id, value, create_user, create_date, modify_user, modify_date) VALUES (100004, 32, '100001', 132456, CURRENT, 132456, CURRENT);
INSERT INTO project_info (project_id, project_info_type_id, value, create_user, create_date, modify_user, modify_date) VALUES (100004, 41, 'true', 132456, CURRENT, 132456, CURRENT);
INSERT INTO project_info (project_id, project_info_type_id, value, create_user, create_date, modify_user, modify_date) VALUES (100004, 43, 'true', 132456, CURRENT, 132456, CURRENT);
INSERT INTO project_info (project_id, project_info_type_id, value, create_user, create_date, modify_user, modify_date) VALUES (100004, 44, 'false', 132456, CURRENT, 132456, CURRENT);
INSERT INTO project_info (project_id, project_info_type_id, value, create_user, create_date, modify_user, modify_date) VALUES (100004, 46, 'true', 132456, CURRENT, 132456, CURRENT);
INSERT INTO project_info (project_id, project_info_type_id, value, create_user, create_date, modify_user, modify_date) VALUES (100004, 48, 'true', 132456, CURRENT, 132456, CURRENT);
INSERT INTO project_info (project_id, project_info_type_id, value, create_user, create_date, modify_user, modify_date) VALUES (100004, 21, '02.03.2013 03:21 MSK', 132456, CURRENT, 132456, CURRENT);
INSERT INTO project_info (project_id, project_info_type_id, value, create_user, create_date, modify_user, modify_date) VALUES (100004, 49, '500', 132456, CURRENT, 132456, CURRENT);
INSERT INTO project_info (project_id, project_info_type_id, value, create_user, create_date, modify_user, modify_date) VALUES (100004, 59, 'true', 132456, CURRENT, 132456, CURRENT);
INSERT INTO resource (resource_id, resource_role_id, project_id, project_phase_id, create_user, create_date, modify_user, modify_date) VALUES (100013, 13, 100004, NULL, 132456, CURRENT, 132456, CURRENT);
INSERT INTO resource (resource_id, resource_role_id, project_id, project_phase_id, create_user, create_date, modify_user, modify_date) VALUES (100014, 13, 100004, NULL, 132456, CURRENT, 132456, CURRENT);
INSERT INTO resource (resource_id, resource_role_id, project_id, project_phase_id, create_user, create_date, modify_user, modify_date) VALUES (100015, 14, 100004, NULL, 132456, CURRENT, 132456, CURRENT);
INSERT INTO resource (resource_id, resource_role_id, project_id, project_phase_id, create_user, create_date, modify_user, modify_date) VALUES (100016, 10, 100004, NULL, 132456, CURRENT, 132456, CURRENT);
INSERT INTO resource_info (resource_id, resource_info_type_id, value, create_user, create_date, modify_user, modify_date) VALUES (100013, 1, '132456', 132456, CURRENT, 132456, CURRENT);
INSERT INTO resource_info (resource_id, resource_info_type_id, value, create_user, create_date, modify_user, modify_date) VALUES (100013, 2, 'heffan', 132456, CURRENT, 132456, CURRENT);
INSERT INTO resource_info (resource_id, resource_info_type_id, value, create_user, create_date, modify_user, modify_date) VALUES (100013, 8, 'N/A', 132456, CURRENT, 132456, CURRENT);
INSERT INTO resource_info (resource_id, resource_info_type_id, value, create_user, create_date, modify_user, modify_date) VALUES (100013, 6, '01.26.2013 03:22 PM', 132456, CURRENT, 132456, CURRENT);
INSERT INTO resource_info (resource_id, resource_info_type_id, value, create_user, create_date, modify_user, modify_date) VALUES (100014, 1, '22719217', 132456, CURRENT, 132456, CURRENT);
INSERT INTO resource_info (resource_id, resource_info_type_id, value, create_user, create_date, modify_user, modify_date) VALUES (100014, 2, 'Components', 132456, CURRENT, 132456, CURRENT);
INSERT INTO resource_info (resource_id, resource_info_type_id, value, create_user, create_date, modify_user, modify_date) VALUES (100014, 8, 'N/A', 132456, CURRENT, 132456, CURRENT);
INSERT INTO resource_info (resource_id, resource_info_type_id, value, create_user, create_date, modify_user, modify_date) VALUES (100014, 6, '01.26.2013 03:23 PM', 132456, CURRENT, 132456, CURRENT);
INSERT INTO resource_info (resource_id, resource_info_type_id, value, create_user, create_date, modify_user, modify_date) VALUES (100015, 1, '132458', 132456, CURRENT, 132456, CURRENT);
INSERT INTO resource_info (resource_id, resource_info_type_id, value, create_user, create_date, modify_user, modify_date) VALUES (100015, 2, 'user', 132456, CURRENT, 132456, CURRENT);
INSERT INTO resource_info (resource_id, resource_info_type_id, value, create_user, create_date, modify_user, modify_date) VALUES (100015, 8, 'N/A', 132456, CURRENT, 132456, CURRENT);
INSERT INTO resource_info (resource_id, resource_info_type_id, value, create_user, create_date, modify_user, modify_date) VALUES (100015, 6, '01.26.2013 03:24 PM', 132456, CURRENT, 132456, CURRENT);
INSERT INTO resource_info (resource_id, resource_info_type_id, value, create_user, create_date, modify_user, modify_date) VALUES (100016, 1, '132458', 132456, CURRENT, 132456, CURRENT);
INSERT INTO resource_info (resource_id, resource_info_type_id, value, create_user, create_date, modify_user, modify_date) VALUES (100016, 2, 'user', 132456, CURRENT, 132456, CURRENT);
INSERT INTO resource_info (resource_id, resource_info_type_id, value, create_user, create_date, modify_user, modify_date) VALUES (100016, 8, 'N/A', 132456, CURRENT, 132456, CURRENT);
INSERT INTO resource_info (resource_id, resource_info_type_id, value, create_user, create_date, modify_user, modify_date) VALUES (100016, 6, '01.26.2013 03:25 PM', 132456, CURRENT, 132456, CURRENT);
INSERT INTO project_info (project_id, project_info_type_id, value, create_user, create_date, modify_user, modify_date) VALUES (100005, 1, '100005', 132456, CURRENT, 132456, CURRENT);
INSERT INTO project_info (project_id, project_info_type_id, value, create_user, create_date, modify_user, modify_date) VALUES (100005, 2, '100005', 132456, CURRENT, 132456, CURRENT);
INSERT INTO project_info (project_id, project_info_type_id, value, create_user, create_date, modify_user, modify_date) VALUES (100005, 3, '100005', 132456, CURRENT, 132456, CURRENT);
INSERT INTO project_info (project_id, project_info_type_id, value, create_user, create_date, modify_user, modify_date) VALUES (100005, 4, '100006', 132456, CURRENT, 132456, CURRENT);
INSERT INTO project_info (project_id, project_info_type_id, value, create_user, create_date, modify_user, modify_date) VALUES (100005, 5, '8459260', 132456, CURRENT, 132456, CURRENT);
INSERT INTO project_info (project_id, project_info_type_id, value, create_user, create_date, modify_user, modify_date) VALUES (100005, 6, 'Client 100001 Billing Account 1 Project 1 Module Assembly Contest 5', 132456, CURRENT, 132456, CURRENT);
INSERT INTO project_info (project_id, project_info_type_id, value, create_user, create_date, modify_user, modify_date) VALUES (100005, 7, '1.0', 132456, CURRENT, 132456, CURRENT);
INSERT INTO project_info (project_id, project_info_type_id, value, create_user, create_date, modify_user, modify_date) VALUES (100005, 8, '', 132456, CURRENT, 132456, CURRENT);
INSERT INTO project_info (project_id, project_info_type_id, value, create_user, create_date, modify_user, modify_date) VALUES (100005, 11, 'On', 132456, CURRENT, 132456, CURRENT);
INSERT INTO project_info (project_id, project_info_type_id, value, create_user, create_date, modify_user, modify_date) VALUES (100005, 9, 'Off', 132456, CURRENT, 132456, CURRENT);
INSERT INTO project_info (project_id, project_info_type_id, value, create_user, create_date, modify_user, modify_date) VALUES (100005, 10, 'On', 132456, CURRENT, 132456, CURRENT);
INSERT INTO project_info (project_id, project_info_type_id, value, create_user, create_date, modify_user, modify_date) VALUES (100005, 12, 'Yes', 132456, CURRENT, 132456, CURRENT);
INSERT INTO project_info (project_id, project_info_type_id, value, create_user, create_date, modify_user, modify_date) VALUES (100005, 13, 'Yes', 132456, CURRENT, 132456, CURRENT);
INSERT INTO project_info (project_id, project_info_type_id, value, create_user, create_date, modify_user, modify_date) VALUES (100005, 14, 'Open', 132456, CURRENT, 132456, CURRENT);
INSERT INTO project_info (project_id, project_info_type_id, value, create_user, create_date, modify_user, modify_date) VALUES (100005, 16, '1200.0', 132456, CURRENT, 132456, CURRENT);
INSERT INTO project_info (project_id, project_info_type_id, value, create_user, create_date, modify_user, modify_date) VALUES (100005, 17, '', 132456, CURRENT, 132456, CURRENT);
INSERT INTO project_info (project_id, project_info_type_id, value, create_user, create_date, modify_user, modify_date) VALUES (100005, 26, 'On', 132456, CURRENT, 132456, CURRENT);
INSERT INTO project_info (project_id, project_info_type_id, value, create_user, create_date, modify_user, modify_date) VALUES (100005, 30, '540.0', 132456, CURRENT, 132456, CURRENT);
INSERT INTO project_info (project_id, project_info_type_id, value, create_user, create_date, modify_user, modify_date) VALUES (100005, 31, '6001.0', 132456, CURRENT, 132456, CURRENT);
INSERT INTO project_info (project_id, project_info_type_id, value, create_user, create_date, modify_user, modify_date) VALUES (100005, 33, '761.0', 132456, CURRENT, 132456, CURRENT);
INSERT INTO project_info (project_id, project_info_type_id, value, create_user, create_date, modify_user, modify_date) VALUES (100005, 35, '30.0', 132456, CURRENT, 132456, CURRENT);
INSERT INTO project_info (project_id, project_info_type_id, value, create_user, create_date, modify_user, modify_date) VALUES (100005, 36, '1200.0', 132456, CURRENT, 132456, CURRENT);
INSERT INTO project_info (project_id, project_info_type_id, value, create_user, create_date, modify_user, modify_date) VALUES (100005, 37, '600.0', 132456, CURRENT, 132456, CURRENT);
INSERT INTO project_info (project_id, project_info_type_id, value, create_user, create_date, modify_user, modify_date) VALUES (100005, 45, 'true', 132456, CURRENT, 132456, CURRENT);
INSERT INTO project_info (project_id, project_info_type_id, value, create_user, create_date, modify_user, modify_date) VALUES (100005, 47, 'true', 132456, CURRENT, 132456, CURRENT);
INSERT INTO project_info (project_id, project_info_type_id, value, create_user, create_date, modify_user, modify_date) VALUES (100005, 38, '380.0', 132456, CURRENT, 132456, CURRENT);
INSERT INTO project_info (project_id, project_info_type_id, value, create_user, create_date, modify_user, modify_date) VALUES (100005, 39, '0.0', 132456, CURRENT, 132456, CURRENT);
INSERT INTO project_info (project_id, project_info_type_id, value, create_user, create_date, modify_user, modify_date) VALUES (100005, 40, 'C', 132456, CURRENT, 132456, CURRENT);
INSERT INTO project_info (project_id, project_info_type_id, value, create_user, create_date, modify_user, modify_date) VALUES (100005, 32, '100001', 132456, CURRENT, 132456, CURRENT);
INSERT INTO project_info (project_id, project_info_type_id, value, create_user, create_date, modify_user, modify_date) VALUES (100005, 41, 'true', 132456, CURRENT, 132456, CURRENT);
INSERT INTO project_info (project_id, project_info_type_id, value, create_user, create_date, modify_user, modify_date) VALUES (100005, 43, 'true', 132456, CURRENT, 132456, CURRENT);
INSERT INTO project_info (project_id, project_info_type_id, value, create_user, create_date, modify_user, modify_date) VALUES (100005, 44, 'false', 132456, CURRENT, 132456, CURRENT);
INSERT INTO project_info (project_id, project_info_type_id, value, create_user, create_date, modify_user, modify_date) VALUES (100005, 46, 'true', 132456, CURRENT, 132456, CURRENT);
INSERT INTO project_info (project_id, project_info_type_id, value, create_user, create_date, modify_user, modify_date) VALUES (100005, 48, 'true', 132456, CURRENT, 132456, CURRENT);
INSERT INTO project_info (project_id, project_info_type_id, value, create_user, create_date, modify_user, modify_date) VALUES (100005, 21, '02.11.2013 16:21 MSK', 132456, CURRENT, 132456, CURRENT);
INSERT INTO project_info (project_id, project_info_type_id, value, create_user, create_date, modify_user, modify_date) VALUES (100005, 49, '500', 132456, CURRENT, 132456, CURRENT);
INSERT INTO project_info (project_id, project_info_type_id, value, create_user, create_date, modify_user, modify_date) VALUES (100005, 59, 'true', 132456, CURRENT, 132456, CURRENT);
INSERT INTO resource (resource_id, resource_role_id, project_id, project_phase_id, create_user, create_date, modify_user, modify_date) VALUES (100017, 13, 100005, NULL, 132456, CURRENT, 132456, CURRENT);
INSERT INTO resource (resource_id, resource_role_id, project_id, project_phase_id, create_user, create_date, modify_user, modify_date) VALUES (100018, 13, 100005, NULL, 132456, CURRENT, 132456, CURRENT);
INSERT INTO resource (resource_id, resource_role_id, project_id, project_phase_id, create_user, create_date, modify_user, modify_date) VALUES (100019, 14, 100005, NULL, 132456, CURRENT, 132456, CURRENT);
INSERT INTO resource (resource_id, resource_role_id, project_id, project_phase_id, create_user, create_date, modify_user, modify_date) VALUES (100020, 10, 100005, NULL, 132456, CURRENT, 132456, CURRENT);
INSERT INTO resource_info (resource_id, resource_info_type_id, value, create_user, create_date, modify_user, modify_date) VALUES (100017, 1, '132456', 132456, CURRENT, 132456, CURRENT);
INSERT INTO resource_info (resource_id, resource_info_type_id, value, create_user, create_date, modify_user, modify_date) VALUES (100017, 2, 'heffan', 132456, CURRENT, 132456, CURRENT);
INSERT INTO resource_info (resource_id, resource_info_type_id, value, create_user, create_date, modify_user, modify_date) VALUES (100017, 8, 'N/A', 132456, CURRENT, 132456, CURRENT);
INSERT INTO resource_info (resource_id, resource_info_type_id, value, create_user, create_date, modify_user, modify_date) VALUES (100017, 6, '01.26.2013 03:22 PM', 132456, CURRENT, 132456, CURRENT);
INSERT INTO resource_info (resource_id, resource_info_type_id, value, create_user, create_date, modify_user, modify_date) VALUES (100018, 1, '22770213', 132456, CURRENT, 132456, CURRENT);
INSERT INTO resource_info (resource_id, resource_info_type_id, value, create_user, create_date, modify_user, modify_date) VALUES (100018, 2, 'Applications', 132456, CURRENT, 132456, CURRENT);
INSERT INTO resource_info (resource_id, resource_info_type_id, value, create_user, create_date, modify_user, modify_date) VALUES (100018, 8, 'N/A', 132456, CURRENT, 132456, CURRENT);
INSERT INTO resource_info (resource_id, resource_info_type_id, value, create_user, create_date, modify_user, modify_date) VALUES (100018, 6, '01.26.2013 03:23 PM', 132456, CURRENT, 132456, CURRENT);
INSERT INTO resource_info (resource_id, resource_info_type_id, value, create_user, create_date, modify_user, modify_date) VALUES (100019, 1, '132458', 132456, CURRENT, 132456, CURRENT);
INSERT INTO resource_info (resource_id, resource_info_type_id, value, create_user, create_date, modify_user, modify_date) VALUES (100019, 2, 'user', 132456, CURRENT, 132456, CURRENT);
INSERT INTO resource_info (resource_id, resource_info_type_id, value, create_user, create_date, modify_user, modify_date) VALUES (100019, 8, 'N/A', 132456, CURRENT, 132456, CURRENT);
INSERT INTO resource_info (resource_id, resource_info_type_id, value, create_user, create_date, modify_user, modify_date) VALUES (100019, 6, '01.26.2013 03:24 PM', 132456, CURRENT, 132456, CURRENT);
INSERT INTO resource_info (resource_id, resource_info_type_id, value, create_user, create_date, modify_user, modify_date) VALUES (100020, 1, '132458', 132456, CURRENT, 132456, CURRENT);
INSERT INTO resource_info (resource_id, resource_info_type_id, value, create_user, create_date, modify_user, modify_date) VALUES (100020, 2, 'user', 132456, CURRENT, 132456, CURRENT);
INSERT INTO resource_info (resource_id, resource_info_type_id, value, create_user, create_date, modify_user, modify_date) VALUES (100020, 8, 'N/A', 132456, CURRENT, 132456, CURRENT);
INSERT INTO resource_info (resource_id, resource_info_type_id, value, create_user, create_date, modify_user, modify_date) VALUES (100020, 6, '01.26.2013 03:25 PM', 132456, CURRENT, 132456, CURRENT);
INSERT INTO project_info (project_id, project_info_type_id, value, create_user, create_date, modify_user, modify_date) VALUES (100006, 1, '100006', 132456, CURRENT, 132456, CURRENT);
INSERT INTO project_info (project_id, project_info_type_id, value, create_user, create_date, modify_user, modify_date) VALUES (100006, 2, '100006', 132456, CURRENT, 132456, CURRENT);
INSERT INTO project_info (project_id, project_info_type_id, value, create_user, create_date, modify_user, modify_date) VALUES (100006, 3, '100006', 132456, CURRENT, 132456, CURRENT);
INSERT INTO project_info (project_id, project_info_type_id, value, create_user, create_date, modify_user, modify_date) VALUES (100006, 4, '100007', 132456, CURRENT, 132456, CURRENT);
INSERT INTO project_info (project_id, project_info_type_id, value, create_user, create_date, modify_user, modify_date) VALUES (100006, 5, '27202911', 132456, CURRENT, 132456, CURRENT);
INSERT INTO project_info (project_id, project_info_type_id, value, create_user, create_date, modify_user, modify_date) VALUES (100006, 6, 'Client 100001 Billing Account 1 Project 1 Module Assembly Contest 6', 132456, CURRENT, 132456, CURRENT);
INSERT INTO project_info (project_id, project_info_type_id, value, create_user, create_date, modify_user, modify_date) VALUES (100006, 7, '1.0', 132456, CURRENT, 132456, CURRENT);
INSERT INTO project_info (project_id, project_info_type_id, value, create_user, create_date, modify_user, modify_date) VALUES (100006, 8, '', 132456, CURRENT, 132456, CURRENT);
INSERT INTO project_info (project_id, project_info_type_id, value, create_user, create_date, modify_user, modify_date) VALUES (100006, 11, 'On', 132456, CURRENT, 132456, CURRENT);
INSERT INTO project_info (project_id, project_info_type_id, value, create_user, create_date, modify_user, modify_date) VALUES (100006, 9, 'Off', 132456, CURRENT, 132456, CURRENT);
INSERT INTO project_info (project_id, project_info_type_id, value, create_user, create_date, modify_user, modify_date) VALUES (100006, 10, 'On', 132456, CURRENT, 132456, CURRENT);
INSERT INTO project_info (project_id, project_info_type_id, value, create_user, create_date, modify_user, modify_date) VALUES (100006, 12, 'Yes', 132456, CURRENT, 132456, CURRENT);
INSERT INTO project_info (project_id, project_info_type_id, value, create_user, create_date, modify_user, modify_date) VALUES (100006, 13, 'Yes', 132456, CURRENT, 132456, CURRENT);
INSERT INTO project_info (project_id, project_info_type_id, value, create_user, create_date, modify_user, modify_date) VALUES (100006, 14, 'Open', 132456, CURRENT, 132456, CURRENT);
INSERT INTO project_info (project_id, project_info_type_id, value, create_user, create_date, modify_user, modify_date) VALUES (100006, 16, '1200.0', 132456, CURRENT, 132456, CURRENT);
INSERT INTO project_info (project_id, project_info_type_id, value, create_user, create_date, modify_user, modify_date) VALUES (100006, 17, '', 132456, CURRENT, 132456, CURRENT);
INSERT INTO project_info (project_id, project_info_type_id, value, create_user, create_date, modify_user, modify_date) VALUES (100006, 26, 'On', 132456, CURRENT, 132456, CURRENT);
INSERT INTO project_info (project_id, project_info_type_id, value, create_user, create_date, modify_user, modify_date) VALUES (100006, 30, '540.0', 132456, CURRENT, 132456, CURRENT);
INSERT INTO project_info (project_id, project_info_type_id, value, create_user, create_date, modify_user, modify_date) VALUES (100006, 31, '6001.0', 132456, CURRENT, 132456, CURRENT);
INSERT INTO project_info (project_id, project_info_type_id, value, create_user, create_date, modify_user, modify_date) VALUES (100006, 33, '761.0', 132456, CURRENT, 132456, CURRENT);
INSERT INTO project_info (project_id, project_info_type_id, value, create_user, create_date, modify_user, modify_date) VALUES (100006, 35, '30.0', 132456, CURRENT, 132456, CURRENT);
INSERT INTO project_info (project_id, project_info_type_id, value, create_user, create_date, modify_user, modify_date) VALUES (100006, 36, '1200.0', 132456, CURRENT, 132456, CURRENT);
INSERT INTO project_info (project_id, project_info_type_id, value, create_user, create_date, modify_user, modify_date) VALUES (100006, 37, '600.0', 132456, CURRENT, 132456, CURRENT);
INSERT INTO project_info (project_id, project_info_type_id, value, create_user, create_date, modify_user, modify_date) VALUES (100006, 45, 'true', 132456, CURRENT, 132456, CURRENT);
INSERT INTO project_info (project_id, project_info_type_id, value, create_user, create_date, modify_user, modify_date) VALUES (100006, 47, 'true', 132456, CURRENT, 132456, CURRENT);
INSERT INTO project_info (project_id, project_info_type_id, value, create_user, create_date, modify_user, modify_date) VALUES (100006, 38, '380.0', 132456, CURRENT, 132456, CURRENT);
INSERT INTO project_info (project_id, project_info_type_id, value, create_user, create_date, modify_user, modify_date) VALUES (100006, 39, '0.0', 132456, CURRENT, 132456, CURRENT);
INSERT INTO project_info (project_id, project_info_type_id, value, create_user, create_date, modify_user, modify_date) VALUES (100006, 40, 'C', 132456, CURRENT, 132456, CURRENT);
INSERT INTO project_info (project_id, project_info_type_id, value, create_user, create_date, modify_user, modify_date) VALUES (100006, 32, '100001', 132456, CURRENT, 132456, CURRENT);
INSERT INTO project_info (project_id, project_info_type_id, value, create_user, create_date, modify_user, modify_date) VALUES (100006, 41, 'true', 132456, CURRENT, 132456, CURRENT);
INSERT INTO project_info (project_id, project_info_type_id, value, create_user, create_date, modify_user, modify_date) VALUES (100006, 43, 'true', 132456, CURRENT, 132456, CURRENT);
INSERT INTO project_info (project_id, project_info_type_id, value, create_user, create_date, modify_user, modify_date) VALUES (100006, 44, 'false', 132456, CURRENT, 132456, CURRENT);
INSERT INTO project_info (project_id, project_info_type_id, value, create_user, create_date, modify_user, modify_date) VALUES (100006, 46, 'true', 132456, CURRENT, 132456, CURRENT);
INSERT INTO project_info (project_id, project_info_type_id, value, create_user, create_date, modify_user, modify_date) VALUES (100006, 48, 'true', 132456, CURRENT, 132456, CURRENT);
INSERT INTO project_info (project_id, project_info_type_id, value, create_user, create_date, modify_user, modify_date) VALUES (100006, 21, '02.11.2013 16:21 MSK', 132456, CURRENT, 132456, CURRENT);
INSERT INTO project_info (project_id, project_info_type_id, value, create_user, create_date, modify_user, modify_date) VALUES (100006, 49, '500', 132456, CURRENT, 132456, CURRENT);
INSERT INTO project_info (project_id, project_info_type_id, value, create_user, create_date, modify_user, modify_date) VALUES (100006, 59, 'true', 132456, CURRENT, 132456, CURRENT);
INSERT INTO resource (resource_id, resource_role_id, project_id, project_phase_id, create_user, create_date, modify_user, modify_date) VALUES (100021, 13, 100006, NULL, 132456, CURRENT, 132456, CURRENT);
INSERT INTO resource (resource_id, resource_role_id, project_id, project_phase_id, create_user, create_date, modify_user, modify_date) VALUES (100022, 13, 100006, NULL, 132456, CURRENT, 132456, CURRENT);
INSERT INTO resource (resource_id, resource_role_id, project_id, project_phase_id, create_user, create_date, modify_user, modify_date) VALUES (100023, 14, 100006, NULL, 132456, CURRENT, 132456, CURRENT);
INSERT INTO resource (resource_id, resource_role_id, project_id, project_phase_id, create_user, create_date, modify_user, modify_date) VALUES (100024, 10, 100006, NULL, 132456, CURRENT, 132456, CURRENT);
INSERT INTO resource_info (resource_id, resource_info_type_id, value, create_user, create_date, modify_user, modify_date) VALUES (100021, 1, '132456', 132456, CURRENT, 132456, CURRENT);
INSERT INTO resource_info (resource_id, resource_info_type_id, value, create_user, create_date, modify_user, modify_date) VALUES (100021, 2, 'heffan', 132456, CURRENT, 132456, CURRENT);
INSERT INTO resource_info (resource_id, resource_info_type_id, value, create_user, create_date, modify_user, modify_date) VALUES (100021, 8, 'N/A', 132456, CURRENT, 132456, CURRENT);
INSERT INTO resource_info (resource_id, resource_info_type_id, value, create_user, create_date, modify_user, modify_date) VALUES (100021, 6, '01.26.2013 03:22 PM', 132456, CURRENT, 132456, CURRENT);
INSERT INTO resource_info (resource_id, resource_info_type_id, value, create_user, create_date, modify_user, modify_date) VALUES (100022, 1, '22770213', 132456, CURRENT, 132456, CURRENT);
INSERT INTO resource_info (resource_id, resource_info_type_id, value, create_user, create_date, modify_user, modify_date) VALUES (100022, 2, 'Applications', 132456, CURRENT, 132456, CURRENT);
INSERT INTO resource_info (resource_id, resource_info_type_id, value, create_user, create_date, modify_user, modify_date) VALUES (100022, 8, 'N/A', 132456, CURRENT, 132456, CURRENT);
INSERT INTO resource_info (resource_id, resource_info_type_id, value, create_user, create_date, modify_user, modify_date) VALUES (100022, 6, '01.26.2013 03:23 PM', 132456, CURRENT, 132456, CURRENT);
INSERT INTO resource_info (resource_id, resource_info_type_id, value, create_user, create_date, modify_user, modify_date) VALUES (100023, 1, '132458', 132456, CURRENT, 132456, CURRENT);
INSERT INTO resource_info (resource_id, resource_info_type_id, value, create_user, create_date, modify_user, modify_date) VALUES (100023, 2, 'user', 132456, CURRENT, 132456, CURRENT);
INSERT INTO resource_info (resource_id, resource_info_type_id, value, create_user, create_date, modify_user, modify_date) VALUES (100023, 8, 'N/A', 132456, CURRENT, 132456, CURRENT);
INSERT INTO resource_info (resource_id, resource_info_type_id, value, create_user, create_date, modify_user, modify_date) VALUES (100023, 6, '01.26.2013 03:24 PM', 132456, CURRENT, 132456, CURRENT);
INSERT INTO resource_info (resource_id, resource_info_type_id, value, create_user, create_date, modify_user, modify_date) VALUES (100024, 1, '132458', 132456, CURRENT, 132456, CURRENT);
INSERT INTO resource_info (resource_id, resource_info_type_id, value, create_user, create_date, modify_user, modify_date) VALUES (100024, 2, 'user', 132456, CURRENT, 132456, CURRENT);
INSERT INTO resource_info (resource_id, resource_info_type_id, value, create_user, create_date, modify_user, modify_date) VALUES (100024, 8, 'N/A', 132456, CURRENT, 132456, CURRENT);
INSERT INTO resource_info (resource_id, resource_info_type_id, value, create_user, create_date, modify_user, modify_date) VALUES (100024, 6, '01.26.2013 03:25 PM', 132456, CURRENT, 132456, CURRENT);
INSERT INTO project_info (project_id, project_info_type_id, value, create_user, create_date, modify_user, modify_date) VALUES (100007, 1, '100007', 132456, CURRENT, 132456, CURRENT);
INSERT INTO project_info (project_id, project_info_type_id, value, create_user, create_date, modify_user, modify_date) VALUES (100007, 2, '100007', 132456, CURRENT, 132456, CURRENT);
INSERT INTO project_info (project_id, project_info_type_id, value, create_user, create_date, modify_user, modify_date) VALUES (100007, 3, '100007', 132456, CURRENT, 132456, CURRENT);
INSERT INTO project_info (project_id, project_info_type_id, value, create_user, create_date, modify_user, modify_date) VALUES (100007, 4, '100008', 132456, CURRENT, 132456, CURRENT);
INSERT INTO project_info (project_id, project_info_type_id, value, create_user, create_date, modify_user, modify_date) VALUES (100007, 5, '27202913', 132456, CURRENT, 132456, CURRENT);
INSERT INTO project_info (project_id, project_info_type_id, value, create_user, create_date, modify_user, modify_date) VALUES (100007, 6, 'Client 100001 Billing Account 1 Project 1 Module Assembly Contest 7', 132456, CURRENT, 132456, CURRENT);
INSERT INTO project_info (project_id, project_info_type_id, value, create_user, create_date, modify_user, modify_date) VALUES (100007, 7, '1.0', 132456, CURRENT, 132456, CURRENT);
INSERT INTO project_info (project_id, project_info_type_id, value, create_user, create_date, modify_user, modify_date) VALUES (100007, 8, '', 132456, CURRENT, 132456, CURRENT);
INSERT INTO project_info (project_id, project_info_type_id, value, create_user, create_date, modify_user, modify_date) VALUES (100007, 11, 'On', 132456, CURRENT, 132456, CURRENT);
INSERT INTO project_info (project_id, project_info_type_id, value, create_user, create_date, modify_user, modify_date) VALUES (100007, 9, 'Off', 132456, CURRENT, 132456, CURRENT);
INSERT INTO project_info (project_id, project_info_type_id, value, create_user, create_date, modify_user, modify_date) VALUES (100007, 10, 'On', 132456, CURRENT, 132456, CURRENT);
INSERT INTO project_info (project_id, project_info_type_id, value, create_user, create_date, modify_user, modify_date) VALUES (100007, 12, 'Yes', 132456, CURRENT, 132456, CURRENT);
INSERT INTO project_info (project_id, project_info_type_id, value, create_user, create_date, modify_user, modify_date) VALUES (100007, 13, 'Yes', 132456, CURRENT, 132456, CURRENT);
INSERT INTO project_info (project_id, project_info_type_id, value, create_user, create_date, modify_user, modify_date) VALUES (100007, 14, 'Open', 132456, CURRENT, 132456, CURRENT);
INSERT INTO project_info (project_id, project_info_type_id, value, create_user, create_date, modify_user, modify_date) VALUES (100007, 16, '1000.0', 132456, CURRENT, 132456, CURRENT);
INSERT INTO project_info (project_id, project_info_type_id, value, create_user, create_date, modify_user, modify_date) VALUES (100007, 17, '', 132456, CURRENT, 132456, CURRENT);
INSERT INTO project_info (project_id, project_info_type_id, value, create_user, create_date, modify_user, modify_date) VALUES (100007, 26, 'On', 132456, CURRENT, 132456, CURRENT);
INSERT INTO project_info (project_id, project_info_type_id, value, create_user, create_date, modify_user, modify_date) VALUES (100007, 30, '450.0', 132456, CURRENT, 132456, CURRENT);
INSERT INTO project_info (project_id, project_info_type_id, value, create_user, create_date, modify_user, modify_date) VALUES (100007, 31, '6001.0', 132456, CURRENT, 132456, CURRENT);
INSERT INTO project_info (project_id, project_info_type_id, value, create_user, create_date, modify_user, modify_date) VALUES (100007, 33, '683.0', 132456, CURRENT, 132456, CURRENT);
INSERT INTO project_info (project_id, project_info_type_id, value, create_user, create_date, modify_user, modify_date) VALUES (100007, 35, '30.0', 132456, CURRENT, 132456, CURRENT);
INSERT INTO project_info (project_id, project_info_type_id, value, create_user, create_date, modify_user, modify_date) VALUES (100007, 36, '1000.0', 132456, CURRENT, 132456, CURRENT);
INSERT INTO project_info (project_id, project_info_type_id, value, create_user, create_date, modify_user, modify_date) VALUES (100007, 37, '500.0', 132456, CURRENT, 132456, CURRENT);
INSERT INTO project_info (project_id, project_info_type_id, value, create_user, create_date, modify_user, modify_date) VALUES (100007, 45, 'true', 132456, CURRENT, 132456, CURRENT);
INSERT INTO project_info (project_id, project_info_type_id, value, create_user, create_date, modify_user, modify_date) VALUES (100007, 47, 'true', 132456, CURRENT, 132456, CURRENT);
INSERT INTO project_info (project_id, project_info_type_id, value, create_user, create_date, modify_user, modify_date) VALUES (100007, 38, '300.0', 132456, CURRENT, 132456, CURRENT);
INSERT INTO project_info (project_id, project_info_type_id, value, create_user, create_date, modify_user, modify_date) VALUES (100007, 39, '0.0', 132456, CURRENT, 132456, CURRENT);
INSERT INTO project_info (project_id, project_info_type_id, value, create_user, create_date, modify_user, modify_date) VALUES (100007, 40, 'B', 132456, CURRENT, 132456, CURRENT);
INSERT INTO project_info (project_id, project_info_type_id, value, create_user, create_date, modify_user, modify_date) VALUES (100007, 32, '100001', 132456, CURRENT, 132456, CURRENT);
INSERT INTO project_info (project_id, project_info_type_id, value, create_user, create_date, modify_user, modify_date) VALUES (100007, 41, 'true', 132456, CURRENT, 132456, CURRENT);
INSERT INTO project_info (project_id, project_info_type_id, value, create_user, create_date, modify_user, modify_date) VALUES (100007, 43, 'true', 132456, CURRENT, 132456, CURRENT);
INSERT INTO project_info (project_id, project_info_type_id, value, create_user, create_date, modify_user, modify_date) VALUES (100007, 44, 'false', 132456, CURRENT, 132456, CURRENT);
INSERT INTO project_info (project_id, project_info_type_id, value, create_user, create_date, modify_user, modify_date) VALUES (100007, 46, 'true', 132456, CURRENT, 132456, CURRENT);
INSERT INTO project_info (project_id, project_info_type_id, value, create_user, create_date, modify_user, modify_date) VALUES (100007, 48, 'true', 132456, CURRENT, 132456, CURRENT);
INSERT INTO project_info (project_id, project_info_type_id, value, create_user, create_date, modify_user, modify_date) VALUES (100007, 21, '02.11.2013 16:21 MSK', 132456, CURRENT, 132456, CURRENT);
INSERT INTO project_info (project_id, project_info_type_id, value, create_user, create_date, modify_user, modify_date) VALUES (100007, 49, '500', 132456, CURRENT, 132456, CURRENT);
INSERT INTO project_info (project_id, project_info_type_id, value, create_user, create_date, modify_user, modify_date) VALUES (100007, 59, 'true', 132456, CURRENT, 132456, CURRENT);
INSERT INTO resource (resource_id, resource_role_id, project_id, project_phase_id, create_user, create_date, modify_user, modify_date) VALUES (100025, 13, 100007, NULL, 132456, CURRENT, 132456, CURRENT);
INSERT INTO resource (resource_id, resource_role_id, project_id, project_phase_id, create_user, create_date, modify_user, modify_date) VALUES (100026, 13, 100007, NULL, 132456, CURRENT, 132456, CURRENT);
INSERT INTO resource (resource_id, resource_role_id, project_id, project_phase_id, create_user, create_date, modify_user, modify_date) VALUES (100027, 14, 100007, NULL, 132456, CURRENT, 132456, CURRENT);
INSERT INTO resource (resource_id, resource_role_id, project_id, project_phase_id, create_user, create_date, modify_user, modify_date) VALUES (100028, 10, 100007, NULL, 132456, CURRENT, 132456, CURRENT);
INSERT INTO resource_info (resource_id, resource_info_type_id, value, create_user, create_date, modify_user, modify_date) VALUES (100025, 1, '132456', 132456, CURRENT, 132456, CURRENT);
INSERT INTO resource_info (resource_id, resource_info_type_id, value, create_user, create_date, modify_user, modify_date) VALUES (100025, 2, 'heffan', 132456, CURRENT, 132456, CURRENT);
INSERT INTO resource_info (resource_id, resource_info_type_id, value, create_user, create_date, modify_user, modify_date) VALUES (100025, 8, 'N/A', 132456, CURRENT, 132456, CURRENT);
INSERT INTO resource_info (resource_id, resource_info_type_id, value, create_user, create_date, modify_user, modify_date) VALUES (100025, 6, '01.26.2013 03:22 PM', 132456, CURRENT, 132456, CURRENT);
INSERT INTO resource_info (resource_id, resource_info_type_id, value, create_user, create_date, modify_user, modify_date) VALUES (100026, 1, '22770213', 132456, CURRENT, 132456, CURRENT);
INSERT INTO resource_info (resource_id, resource_info_type_id, value, create_user, create_date, modify_user, modify_date) VALUES (100026, 2, 'Applications', 132456, CURRENT, 132456, CURRENT);
INSERT INTO resource_info (resource_id, resource_info_type_id, value, create_user, create_date, modify_user, modify_date) VALUES (100026, 8, 'N/A', 132456, CURRENT, 132456, CURRENT);
INSERT INTO resource_info (resource_id, resource_info_type_id, value, create_user, create_date, modify_user, modify_date) VALUES (100026, 6, '01.26.2013 03:23 PM', 132456, CURRENT, 132456, CURRENT);
INSERT INTO resource_info (resource_id, resource_info_type_id, value, create_user, create_date, modify_user, modify_date) VALUES (100027, 1, '132458', 132456, CURRENT, 132456, CURRENT);
INSERT INTO resource_info (resource_id, resource_info_type_id, value, create_user, create_date, modify_user, modify_date) VALUES (100027, 2, 'user', 132456, CURRENT, 132456, CURRENT);
INSERT INTO resource_info (resource_id, resource_info_type_id, value, create_user, create_date, modify_user, modify_date) VALUES (100027, 8, 'N/A', 132456, CURRENT, 132456, CURRENT);
INSERT INTO resource_info (resource_id, resource_info_type_id, value, create_user, create_date, modify_user, modify_date) VALUES (100027, 6, '01.26.2013 03:24 PM', 132456, CURRENT, 132456, CURRENT);
INSERT INTO resource_info (resource_id, resource_info_type_id, value, create_user, create_date, modify_user, modify_date) VALUES (100028, 1, '132458', 132456, CURRENT, 132456, CURRENT);
INSERT INTO resource_info (resource_id, resource_info_type_id, value, create_user, create_date, modify_user, modify_date) VALUES (100028, 2, 'user', 132456, CURRENT, 132456, CURRENT);
INSERT INTO resource_info (resource_id, resource_info_type_id, value, create_user, create_date, modify_user, modify_date) VALUES (100028, 8, 'N/A', 132456, CURRENT, 132456, CURRENT);
INSERT INTO resource_info (resource_id, resource_info_type_id, value, create_user, create_date, modify_user, modify_date) VALUES (100028, 6, '01.26.2013 03:25 PM', 132456, CURRENT, 132456, CURRENT);
INSERT INTO project_info (project_id, project_info_type_id, value, create_user, create_date, modify_user, modify_date) VALUES (100008, 1, '100008', 132456, CURRENT, 132456, CURRENT);
INSERT INTO project_info (project_id, project_info_type_id, value, create_user, create_date, modify_user, modify_date) VALUES (100008, 2, '100008', 132456, CURRENT, 132456, CURRENT);
INSERT INTO project_info (project_id, project_info_type_id, value, create_user, create_date, modify_user, modify_date) VALUES (100008, 3, '100008', 132456, CURRENT, 132456, CURRENT);
INSERT INTO project_info (project_id, project_info_type_id, value, create_user, create_date, modify_user, modify_date) VALUES (100008, 4, '100009', 132456, CURRENT, 132456, CURRENT);
INSERT INTO project_info (project_id, project_info_type_id, value, create_user, create_date, modify_user, modify_date) VALUES (100008, 5, '27202913', 132456, CURRENT, 132456, CURRENT);
INSERT INTO project_info (project_id, project_info_type_id, value, create_user, create_date, modify_user, modify_date) VALUES (100008, 6, 'Client 100001 Billing Account 1 Project 1 Development Contest 8', 132456, CURRENT, 132456, CURRENT);
INSERT INTO project_info (project_id, project_info_type_id, value, create_user, create_date, modify_user, modify_date) VALUES (100008, 7, '1.0', 132456, CURRENT, 132456, CURRENT);
INSERT INTO project_info (project_id, project_info_type_id, value, create_user, create_date, modify_user, modify_date) VALUES (100008, 8, '', 132456, CURRENT, 132456, CURRENT);
INSERT INTO project_info (project_id, project_info_type_id, value, create_user, create_date, modify_user, modify_date) VALUES (100008, 11, 'On', 132456, CURRENT, 132456, CURRENT);
INSERT INTO project_info (project_id, project_info_type_id, value, create_user, create_date, modify_user, modify_date) VALUES (100008, 9, 'Off', 132456, CURRENT, 132456, CURRENT);
INSERT INTO project_info (project_id, project_info_type_id, value, create_user, create_date, modify_user, modify_date) VALUES (100008, 10, 'On', 132456, CURRENT, 132456, CURRENT);
INSERT INTO project_info (project_id, project_info_type_id, value, create_user, create_date, modify_user, modify_date) VALUES (100008, 12, 'Yes', 132456, CURRENT, 132456, CURRENT);
INSERT INTO project_info (project_id, project_info_type_id, value, create_user, create_date, modify_user, modify_date) VALUES (100008, 13, 'Yes', 132456, CURRENT, 132456, CURRENT);
INSERT INTO project_info (project_id, project_info_type_id, value, create_user, create_date, modify_user, modify_date) VALUES (100008, 14, 'Open', 132456, CURRENT, 132456, CURRENT);
INSERT INTO project_info (project_id, project_info_type_id, value, create_user, create_date, modify_user, modify_date) VALUES (100008, 16, '1000.0', 132456, CURRENT, 132456, CURRENT);
INSERT INTO project_info (project_id, project_info_type_id, value, create_user, create_date, modify_user, modify_date) VALUES (100008, 17, '', 132456, CURRENT, 132456, CURRENT);
INSERT INTO project_info (project_id, project_info_type_id, value, create_user, create_date, modify_user, modify_date) VALUES (100008, 26, 'On', 132456, CURRENT, 132456, CURRENT);
INSERT INTO project_info (project_id, project_info_type_id, value, create_user, create_date, modify_user, modify_date) VALUES (100008, 30, '450.0', 132456, CURRENT, 132456, CURRENT);
INSERT INTO project_info (project_id, project_info_type_id, value, create_user, create_date, modify_user, modify_date) VALUES (100008, 31, '6001.0', 132456, CURRENT, 132456, CURRENT);
INSERT INTO project_info (project_id, project_info_type_id, value, create_user, create_date, modify_user, modify_date) VALUES (100008, 33, '683.0', 132456, CURRENT, 132456, CURRENT);
INSERT INTO project_info (project_id, project_info_type_id, value, create_user, create_date, modify_user, modify_date) VALUES (100008, 35, '30.0', 132456, CURRENT, 132456, CURRENT);
INSERT INTO project_info (project_id, project_info_type_id, value, create_user, create_date, modify_user, modify_date) VALUES (100008, 36, '1000.0', 132456, CURRENT, 132456, CURRENT);
INSERT INTO project_info (project_id, project_info_type_id, value, create_user, create_date, modify_user, modify_date) VALUES (100008, 37, '500.0', 132456, CURRENT, 132456, CURRENT);
INSERT INTO project_info (project_id, project_info_type_id, value, create_user, create_date, modify_user, modify_date) VALUES (100008, 45, 'true', 132456, CURRENT, 132456, CURRENT);
INSERT INTO project_info (project_id, project_info_type_id, value, create_user, create_date, modify_user, modify_date) VALUES (100008, 47, 'true', 132456, CURRENT, 132456, CURRENT);
INSERT INTO project_info (project_id, project_info_type_id, value, create_user, create_date, modify_user, modify_date) VALUES (100008, 38, '300.0', 132456, CURRENT, 132456, CURRENT);
INSERT INTO project_info (project_id, project_info_type_id, value, create_user, create_date, modify_user, modify_date) VALUES (100008, 39, '0.0', 132456, CURRENT, 132456, CURRENT);
INSERT INTO project_info (project_id, project_info_type_id, value, create_user, create_date, modify_user, modify_date) VALUES (100008, 40, 'B', 132456, CURRENT, 132456, CURRENT);
INSERT INTO project_info (project_id, project_info_type_id, value, create_user, create_date, modify_user, modify_date) VALUES (100008, 32, '100001', 132456, CURRENT, 132456, CURRENT);
INSERT INTO project_info (project_id, project_info_type_id, value, create_user, create_date, modify_user, modify_date) VALUES (100008, 41, 'true', 132456, CURRENT, 132456, CURRENT);
INSERT INTO project_info (project_id, project_info_type_id, value, create_user, create_date, modify_user, modify_date) VALUES (100008, 43, 'true', 132456, CURRENT, 132456, CURRENT);
INSERT INTO project_info (project_id, project_info_type_id, value, create_user, create_date, modify_user, modify_date) VALUES (100008, 44, 'false', 132456, CURRENT, 132456, CURRENT);
INSERT INTO project_info (project_id, project_info_type_id, value, create_user, create_date, modify_user, modify_date) VALUES (100008, 46, 'true', 132456, CURRENT, 132456, CURRENT);
INSERT INTO project_info (project_id, project_info_type_id, value, create_user, create_date, modify_user, modify_date) VALUES (100008, 48, 'true', 132456, CURRENT, 132456, CURRENT);
INSERT INTO project_info (project_id, project_info_type_id, value, create_user, create_date, modify_user, modify_date) VALUES (100008, 21, '02.06.2013 15:21 MSK', 132456, CURRENT, 132456, CURRENT);
INSERT INTO project_info (project_id, project_info_type_id, value, create_user, create_date, modify_user, modify_date) VALUES (100008, 49, '500', 132456, CURRENT, 132456, CURRENT);
INSERT INTO project_info (project_id, project_info_type_id, value, create_user, create_date, modify_user, modify_date) VALUES (100008, 59, 'true', 132456, CURRENT, 132456, CURRENT);
INSERT INTO resource (resource_id, resource_role_id, project_id, project_phase_id, create_user, create_date, modify_user, modify_date) VALUES (100029, 13, 100008, NULL, 132456, CURRENT, 132456, CURRENT);
INSERT INTO resource (resource_id, resource_role_id, project_id, project_phase_id, create_user, create_date, modify_user, modify_date) VALUES (100030, 13, 100008, NULL, 132456, CURRENT, 132456, CURRENT);
INSERT INTO resource (resource_id, resource_role_id, project_id, project_phase_id, create_user, create_date, modify_user, modify_date) VALUES (100031, 14, 100008, NULL, 132456, CURRENT, 132456, CURRENT);
INSERT INTO resource (resource_id, resource_role_id, project_id, project_phase_id, create_user, create_date, modify_user, modify_date) VALUES (100032, 10, 100008, NULL, 132456, CURRENT, 132456, CURRENT);
INSERT INTO resource_info (resource_id, resource_info_type_id, value, create_user, create_date, modify_user, modify_date) VALUES (100029, 1, '132456', 132456, CURRENT, 132456, CURRENT);
INSERT INTO resource_info (resource_id, resource_info_type_id, value, create_user, create_date, modify_user, modify_date) VALUES (100029, 2, 'heffan', 132456, CURRENT, 132456, CURRENT);
INSERT INTO resource_info (resource_id, resource_info_type_id, value, create_user, create_date, modify_user, modify_date) VALUES (100029, 8, 'N/A', 132456, CURRENT, 132456, CURRENT);
INSERT INTO resource_info (resource_id, resource_info_type_id, value, create_user, create_date, modify_user, modify_date) VALUES (100029, 6, '01.26.2013 03:22 PM', 132456, CURRENT, 132456, CURRENT);
INSERT INTO resource_info (resource_id, resource_info_type_id, value, create_user, create_date, modify_user, modify_date) VALUES (100030, 1, '22719217', 132456, CURRENT, 132456, CURRENT);
INSERT INTO resource_info (resource_id, resource_info_type_id, value, create_user, create_date, modify_user, modify_date) VALUES (100030, 2, 'Components', 132456, CURRENT, 132456, CURRENT);
INSERT INTO resource_info (resource_id, resource_info_type_id, value, create_user, create_date, modify_user, modify_date) VALUES (100030, 8, 'N/A', 132456, CURRENT, 132456, CURRENT);
INSERT INTO resource_info (resource_id, resource_info_type_id, value, create_user, create_date, modify_user, modify_date) VALUES (100030, 6, '01.26.2013 03:23 PM', 132456, CURRENT, 132456, CURRENT);
INSERT INTO resource_info (resource_id, resource_info_type_id, value, create_user, create_date, modify_user, modify_date) VALUES (100031, 1, '132458', 132456, CURRENT, 132456, CURRENT);
INSERT INTO resource_info (resource_id, resource_info_type_id, value, create_user, create_date, modify_user, modify_date) VALUES (100031, 2, 'user', 132456, CURRENT, 132456, CURRENT);
INSERT INTO resource_info (resource_id, resource_info_type_id, value, create_user, create_date, modify_user, modify_date) VALUES (100031, 8, 'N/A', 132456, CURRENT, 132456, CURRENT);
INSERT INTO resource_info (resource_id, resource_info_type_id, value, create_user, create_date, modify_user, modify_date) VALUES (100031, 6, '01.26.2013 03:24 PM', 132456, CURRENT, 132456, CURRENT);
INSERT INTO resource_info (resource_id, resource_info_type_id, value, create_user, create_date, modify_user, modify_date) VALUES (100032, 1, '132458', 132456, CURRENT, 132456, CURRENT);
INSERT INTO resource_info (resource_id, resource_info_type_id, value, create_user, create_date, modify_user, modify_date) VALUES (100032, 2, 'user', 132456, CURRENT, 132456, CURRENT);
INSERT INTO resource_info (resource_id, resource_info_type_id, value, create_user, create_date, modify_user, modify_date) VALUES (100032, 8, 'N/A', 132456, CURRENT, 132456, CURRENT);
INSERT INTO resource_info (resource_id, resource_info_type_id, value, create_user, create_date, modify_user, modify_date) VALUES (100032, 6, '01.26.2013 03:25 PM', 132456, CURRENT, 132456, CURRENT);
INSERT INTO project_info (project_id, project_info_type_id, value, create_user, create_date, modify_user, modify_date) VALUES (100009, 1, '100009', 132456, CURRENT, 132456, CURRENT);
INSERT INTO project_info (project_id, project_info_type_id, value, create_user, create_date, modify_user, modify_date) VALUES (100009, 2, '100009', 132456, CURRENT, 132456, CURRENT);
INSERT INTO project_info (project_id, project_info_type_id, value, create_user, create_date, modify_user, modify_date) VALUES (100009, 3, '100009', 132456, CURRENT, 132456, CURRENT);
INSERT INTO project_info (project_id, project_info_type_id, value, create_user, create_date, modify_user, modify_date) VALUES (100009, 4, '100010', 132456, CURRENT, 132456, CURRENT);
INSERT INTO project_info (project_id, project_info_type_id, value, create_user, create_date, modify_user, modify_date) VALUES (100009, 5, '5801777', 132456, CURRENT, 132456, CURRENT);
INSERT INTO project_info (project_id, project_info_type_id, value, create_user, create_date, modify_user, modify_date) VALUES (100009, 6, 'Client 100001 Billing Account 1 Project 1 Development Contest 9', 132456, CURRENT, 132456, CURRENT);
INSERT INTO project_info (project_id, project_info_type_id, value, create_user, create_date, modify_user, modify_date) VALUES (100009, 7, '1.0', 132456, CURRENT, 132456, CURRENT);
INSERT INTO project_info (project_id, project_info_type_id, value, create_user, create_date, modify_user, modify_date) VALUES (100009, 8, '', 132456, CURRENT, 132456, CURRENT);
INSERT INTO project_info (project_id, project_info_type_id, value, create_user, create_date, modify_user, modify_date) VALUES (100009, 11, 'On', 132456, CURRENT, 132456, CURRENT);
INSERT INTO project_info (project_id, project_info_type_id, value, create_user, create_date, modify_user, modify_date) VALUES (100009, 9, 'Off', 132456, CURRENT, 132456, CURRENT);
INSERT INTO project_info (project_id, project_info_type_id, value, create_user, create_date, modify_user, modify_date) VALUES (100009, 10, 'On', 132456, CURRENT, 132456, CURRENT);
INSERT INTO project_info (project_id, project_info_type_id, value, create_user, create_date, modify_user, modify_date) VALUES (100009, 12, 'Yes', 132456, CURRENT, 132456, CURRENT);
INSERT INTO project_info (project_id, project_info_type_id, value, create_user, create_date, modify_user, modify_date) VALUES (100009, 13, 'Yes', 132456, CURRENT, 132456, CURRENT);
INSERT INTO project_info (project_id, project_info_type_id, value, create_user, create_date, modify_user, modify_date) VALUES (100009, 14, 'Open', 132456, CURRENT, 132456, CURRENT);
INSERT INTO project_info (project_id, project_info_type_id, value, create_user, create_date, modify_user, modify_date) VALUES (100009, 16, '1200.0', 132456, CURRENT, 132456, CURRENT);
INSERT INTO project_info (project_id, project_info_type_id, value, create_user, create_date, modify_user, modify_date) VALUES (100009, 17, '', 132456, CURRENT, 132456, CURRENT);
INSERT INTO project_info (project_id, project_info_type_id, value, create_user, create_date, modify_user, modify_date) VALUES (100009, 26, 'On', 132456, CURRENT, 132456, CURRENT);
INSERT INTO project_info (project_id, project_info_type_id, value, create_user, create_date, modify_user, modify_date) VALUES (100009, 30, '540.0', 132456, CURRENT, 132456, CURRENT);
INSERT INTO project_info (project_id, project_info_type_id, value, create_user, create_date, modify_user, modify_date) VALUES (100009, 31, '6001.0', 132456, CURRENT, 132456, CURRENT);
INSERT INTO project_info (project_id, project_info_type_id, value, create_user, create_date, modify_user, modify_date) VALUES (100009, 33, '761.0', 132456, CURRENT, 132456, CURRENT);
INSERT INTO project_info (project_id, project_info_type_id, value, create_user, create_date, modify_user, modify_date) VALUES (100009, 35, '30.0', 132456, CURRENT, 132456, CURRENT);
INSERT INTO project_info (project_id, project_info_type_id, value, create_user, create_date, modify_user, modify_date) VALUES (100009, 36, '1200.0', 132456, CURRENT, 132456, CURRENT);
INSERT INTO project_info (project_id, project_info_type_id, value, create_user, create_date, modify_user, modify_date) VALUES (100009, 37, '600.0', 132456, CURRENT, 132456, CURRENT);
INSERT INTO project_info (project_id, project_info_type_id, value, create_user, create_date, modify_user, modify_date) VALUES (100009, 45, 'true', 132456, CURRENT, 132456, CURRENT);
INSERT INTO project_info (project_id, project_info_type_id, value, create_user, create_date, modify_user, modify_date) VALUES (100009, 47, 'true', 132456, CURRENT, 132456, CURRENT);
INSERT INTO project_info (project_id, project_info_type_id, value, create_user, create_date, modify_user, modify_date) VALUES (100009, 38, '380.0', 132456, CURRENT, 132456, CURRENT);
INSERT INTO project_info (project_id, project_info_type_id, value, create_user, create_date, modify_user, modify_date) VALUES (100009, 39, '0.0', 132456, CURRENT, 132456, CURRENT);
INSERT INTO project_info (project_id, project_info_type_id, value, create_user, create_date, modify_user, modify_date) VALUES (100009, 40, 'C', 132456, CURRENT, 132456, CURRENT);
INSERT INTO project_info (project_id, project_info_type_id, value, create_user, create_date, modify_user, modify_date) VALUES (100009, 32, '100001', 132456, CURRENT, 132456, CURRENT);
INSERT INTO project_info (project_id, project_info_type_id, value, create_user, create_date, modify_user, modify_date) VALUES (100009, 41, 'true', 132456, CURRENT, 132456, CURRENT);
INSERT INTO project_info (project_id, project_info_type_id, value, create_user, create_date, modify_user, modify_date) VALUES (100009, 43, 'true', 132456, CURRENT, 132456, CURRENT);
INSERT INTO project_info (project_id, project_info_type_id, value, create_user, create_date, modify_user, modify_date) VALUES (100009, 44, 'false', 132456, CURRENT, 132456, CURRENT);
INSERT INTO project_info (project_id, project_info_type_id, value, create_user, create_date, modify_user, modify_date) VALUES (100009, 46, 'true', 132456, CURRENT, 132456, CURRENT);
INSERT INTO project_info (project_id, project_info_type_id, value, create_user, create_date, modify_user, modify_date) VALUES (100009, 48, 'true', 132456, CURRENT, 132456, CURRENT);
INSERT INTO project_info (project_id, project_info_type_id, value, create_user, create_date, modify_user, modify_date) VALUES (100009, 21, '02.06.2013 15:21 MSK', 132456, CURRENT, 132456, CURRENT);
INSERT INTO project_info (project_id, project_info_type_id, value, create_user, create_date, modify_user, modify_date) VALUES (100009, 49, '500', 132456, CURRENT, 132456, CURRENT);
INSERT INTO project_info (project_id, project_info_type_id, value, create_user, create_date, modify_user, modify_date) VALUES (100009, 59, 'true', 132456, CURRENT, 132456, CURRENT);
INSERT INTO resource (resource_id, resource_role_id, project_id, project_phase_id, create_user, create_date, modify_user, modify_date) VALUES (100033, 13, 100009, NULL, 132456, CURRENT, 132456, CURRENT);
INSERT INTO resource (resource_id, resource_role_id, project_id, project_phase_id, create_user, create_date, modify_user, modify_date) VALUES (100034, 13, 100009, NULL, 132456, CURRENT, 132456, CURRENT);
INSERT INTO resource (resource_id, resource_role_id, project_id, project_phase_id, create_user, create_date, modify_user, modify_date) VALUES (100035, 14, 100009, NULL, 132456, CURRENT, 132456, CURRENT);
INSERT INTO resource (resource_id, resource_role_id, project_id, project_phase_id, create_user, create_date, modify_user, modify_date) VALUES (100036, 10, 100009, NULL, 132456, CURRENT, 132456, CURRENT);
INSERT INTO resource_info (resource_id, resource_info_type_id, value, create_user, create_date, modify_user, modify_date) VALUES (100033, 1, '132456', 132456, CURRENT, 132456, CURRENT);
INSERT INTO resource_info (resource_id, resource_info_type_id, value, create_user, create_date, modify_user, modify_date) VALUES (100033, 2, 'heffan', 132456, CURRENT, 132456, CURRENT);
INSERT INTO resource_info (resource_id, resource_info_type_id, value, create_user, create_date, modify_user, modify_date) VALUES (100033, 8, 'N/A', 132456, CURRENT, 132456, CURRENT);
INSERT INTO resource_info (resource_id, resource_info_type_id, value, create_user, create_date, modify_user, modify_date) VALUES (100033, 6, '01.26.2013 03:22 PM', 132456, CURRENT, 132456, CURRENT);
INSERT INTO resource_info (resource_id, resource_info_type_id, value, create_user, create_date, modify_user, modify_date) VALUES (100034, 1, '22719217', 132456, CURRENT, 132456, CURRENT);
INSERT INTO resource_info (resource_id, resource_info_type_id, value, create_user, create_date, modify_user, modify_date) VALUES (100034, 2, 'Components', 132456, CURRENT, 132456, CURRENT);
INSERT INTO resource_info (resource_id, resource_info_type_id, value, create_user, create_date, modify_user, modify_date) VALUES (100034, 8, 'N/A', 132456, CURRENT, 132456, CURRENT);
INSERT INTO resource_info (resource_id, resource_info_type_id, value, create_user, create_date, modify_user, modify_date) VALUES (100034, 6, '01.26.2013 03:23 PM', 132456, CURRENT, 132456, CURRENT);
INSERT INTO resource_info (resource_id, resource_info_type_id, value, create_user, create_date, modify_user, modify_date) VALUES (100035, 1, '132458', 132456, CURRENT, 132456, CURRENT);
INSERT INTO resource_info (resource_id, resource_info_type_id, value, create_user, create_date, modify_user, modify_date) VALUES (100035, 2, 'user', 132456, CURRENT, 132456, CURRENT);
INSERT INTO resource_info (resource_id, resource_info_type_id, value, create_user, create_date, modify_user, modify_date) VALUES (100035, 8, 'N/A', 132456, CURRENT, 132456, CURRENT);
INSERT INTO resource_info (resource_id, resource_info_type_id, value, create_user, create_date, modify_user, modify_date) VALUES (100035, 6, '01.26.2013 03:24 PM', 132456, CURRENT, 132456, CURRENT);
INSERT INTO resource_info (resource_id, resource_info_type_id, value, create_user, create_date, modify_user, modify_date) VALUES (100036, 1, '132458', 132456, CURRENT, 132456, CURRENT);
INSERT INTO resource_info (resource_id, resource_info_type_id, value, create_user, create_date, modify_user, modify_date) VALUES (100036, 2, 'user', 132456, CURRENT, 132456, CURRENT);
INSERT INTO resource_info (resource_id, resource_info_type_id, value, create_user, create_date, modify_user, modify_date) VALUES (100036, 8, 'N/A', 132456, CURRENT, 132456, CURRENT);
INSERT INTO resource_info (resource_id, resource_info_type_id, value, create_user, create_date, modify_user, modify_date) VALUES (100036, 6, '01.26.2013 03:25 PM', 132456, CURRENT, 132456, CURRENT);
INSERT INTO project_info (project_id, project_info_type_id, value, create_user, create_date, modify_user, modify_date) VALUES (100010, 1, '100010', 132456, CURRENT, 132456, CURRENT);
INSERT INTO project_info (project_id, project_info_type_id, value, create_user, create_date, modify_user, modify_date) VALUES (100010, 2, '100010', 132456, CURRENT, 132456, CURRENT);
INSERT INTO project_info (project_id, project_info_type_id, value, create_user, create_date, modify_user, modify_date) VALUES (100010, 3, '100010', 132456, CURRENT, 132456, CURRENT);
INSERT INTO project_info (project_id, project_info_type_id, value, create_user, create_date, modify_user, modify_date) VALUES (100010, 4, '100011', 132456, CURRENT, 132456, CURRENT);
INSERT INTO project_info (project_id, project_info_type_id, value, create_user, create_date, modify_user, modify_date) VALUES (100010, 5, '27202913', 132456, CURRENT, 132456, CURRENT);
INSERT INTO project_info (project_id, project_info_type_id, value, create_user, create_date, modify_user, modify_date) VALUES (100010, 6, 'Client 100001 Billing Account 1 Project 1 Design Contest 10', 132456, CURRENT, 132456, CURRENT);
INSERT INTO project_info (project_id, project_info_type_id, value, create_user, create_date, modify_user, modify_date) VALUES (100010, 7, '1.0', 132456, CURRENT, 132456, CURRENT);
INSERT INTO project_info (project_id, project_info_type_id, value, create_user, create_date, modify_user, modify_date) VALUES (100010, 8, '', 132456, CURRENT, 132456, CURRENT);
INSERT INTO project_info (project_id, project_info_type_id, value, create_user, create_date, modify_user, modify_date) VALUES (100010, 11, 'On', 132456, CURRENT, 132456, CURRENT);
INSERT INTO project_info (project_id, project_info_type_id, value, create_user, create_date, modify_user, modify_date) VALUES (100010, 9, 'Off', 132456, CURRENT, 132456, CURRENT);
INSERT INTO project_info (project_id, project_info_type_id, value, create_user, create_date, modify_user, modify_date) VALUES (100010, 10, 'On', 132456, CURRENT, 132456, CURRENT);
INSERT INTO project_info (project_id, project_info_type_id, value, create_user, create_date, modify_user, modify_date) VALUES (100010, 12, 'Yes', 132456, CURRENT, 132456, CURRENT);
INSERT INTO project_info (project_id, project_info_type_id, value, create_user, create_date, modify_user, modify_date) VALUES (100010, 13, 'Yes', 132456, CURRENT, 132456, CURRENT);
INSERT INTO project_info (project_id, project_info_type_id, value, create_user, create_date, modify_user, modify_date) VALUES (100010, 14, 'Open', 132456, CURRENT, 132456, CURRENT);
INSERT INTO project_info (project_id, project_info_type_id, value, create_user, create_date, modify_user, modify_date) VALUES (100010, 16, '800.0', 132456, CURRENT, 132456, CURRENT);
INSERT INTO project_info (project_id, project_info_type_id, value, create_user, create_date, modify_user, modify_date) VALUES (100010, 17, '', 132456, CURRENT, 132456, CURRENT);
INSERT INTO project_info (project_id, project_info_type_id, value, create_user, create_date, modify_user, modify_date) VALUES (100010, 26, 'On', 132456, CURRENT, 132456, CURRENT);
INSERT INTO project_info (project_id, project_info_type_id, value, create_user, create_date, modify_user, modify_date) VALUES (100010, 30, '360.0', 132456, CURRENT, 132456, CURRENT);
INSERT INTO project_info (project_id, project_info_type_id, value, create_user, create_date, modify_user, modify_date) VALUES (100010, 31, '6001.0', 132456, CURRENT, 132456, CURRENT);
INSERT INTO project_info (project_id, project_info_type_id, value, create_user, create_date, modify_user, modify_date) VALUES (100010, 33, '605.0', 132456, CURRENT, 132456, CURRENT);
INSERT INTO project_info (project_id, project_info_type_id, value, create_user, create_date, modify_user, modify_date) VALUES (100010, 35, '30.0', 132456, CURRENT, 132456, CURRENT);
INSERT INTO project_info (project_id, project_info_type_id, value, create_user, create_date, modify_user, modify_date) VALUES (100010, 36, '800.0', 132456, CURRENT, 132456, CURRENT);
INSERT INTO project_info (project_id, project_info_type_id, value, create_user, create_date, modify_user, modify_date) VALUES (100010, 37, '400.0', 132456, CURRENT, 132456, CURRENT);
INSERT INTO project_info (project_id, project_info_type_id, value, create_user, create_date, modify_user, modify_date) VALUES (100010, 45, 'true', 132456, CURRENT, 132456, CURRENT);
INSERT INTO project_info (project_id, project_info_type_id, value, create_user, create_date, modify_user, modify_date) VALUES (100010, 47, 'true', 132456, CURRENT, 132456, CURRENT);
INSERT INTO project_info (project_id, project_info_type_id, value, create_user, create_date, modify_user, modify_date) VALUES (100010, 38, '240.0', 132456, CURRENT, 132456, CURRENT);
INSERT INTO project_info (project_id, project_info_type_id, value, create_user, create_date, modify_user, modify_date) VALUES (100010, 39, '0.0', 132456, CURRENT, 132456, CURRENT);
INSERT INTO project_info (project_id, project_info_type_id, value, create_user, create_date, modify_user, modify_date) VALUES (100010, 40, 'A', 132456, CURRENT, 132456, CURRENT);
INSERT INTO project_info (project_id, project_info_type_id, value, create_user, create_date, modify_user, modify_date) VALUES (100010, 32, '100001', 132456, CURRENT, 132456, CURRENT);
INSERT INTO project_info (project_id, project_info_type_id, value, create_user, create_date, modify_user, modify_date) VALUES (100010, 41, 'true', 132456, CURRENT, 132456, CURRENT);
INSERT INTO project_info (project_id, project_info_type_id, value, create_user, create_date, modify_user, modify_date) VALUES (100010, 43, 'true', 132456, CURRENT, 132456, CURRENT);
INSERT INTO project_info (project_id, project_info_type_id, value, create_user, create_date, modify_user, modify_date) VALUES (100010, 44, 'false', 132456, CURRENT, 132456, CURRENT);
INSERT INTO project_info (project_id, project_info_type_id, value, create_user, create_date, modify_user, modify_date) VALUES (100010, 46, 'true', 132456, CURRENT, 132456, CURRENT);
INSERT INTO project_info (project_id, project_info_type_id, value, create_user, create_date, modify_user, modify_date) VALUES (100010, 48, 'true', 132456, CURRENT, 132456, CURRENT);
INSERT INTO project_info (project_id, project_info_type_id, value, create_user, create_date, modify_user, modify_date) VALUES (100010, 21, '02.10.2013 16:21 MSK', 132456, CURRENT, 132456, CURRENT);
INSERT INTO project_info (project_id, project_info_type_id, value, create_user, create_date, modify_user, modify_date) VALUES (100010, 49, '500', 132456, CURRENT, 132456, CURRENT);
INSERT INTO project_info (project_id, project_info_type_id, value, create_user, create_date, modify_user, modify_date) VALUES (100010, 59, 'true', 132456, CURRENT, 132456, CURRENT);
INSERT INTO resource (resource_id, resource_role_id, project_id, project_phase_id, create_user, create_date, modify_user, modify_date) VALUES (100037, 13, 100010, NULL, 132456, CURRENT, 132456, CURRENT);
INSERT INTO resource (resource_id, resource_role_id, project_id, project_phase_id, create_user, create_date, modify_user, modify_date) VALUES (100038, 13, 100010, NULL, 132456, CURRENT, 132456, CURRENT);
INSERT INTO resource (resource_id, resource_role_id, project_id, project_phase_id, create_user, create_date, modify_user, modify_date) VALUES (100039, 14, 100010, NULL, 132456, CURRENT, 132456, CURRENT);
INSERT INTO resource (resource_id, resource_role_id, project_id, project_phase_id, create_user, create_date, modify_user, modify_date) VALUES (100040, 10, 100010, NULL, 132456, CURRENT, 132456, CURRENT);
INSERT INTO resource_info (resource_id, resource_info_type_id, value, create_user, create_date, modify_user, modify_date) VALUES (100037, 1, '132456', 132456, CURRENT, 132456, CURRENT);
INSERT INTO resource_info (resource_id, resource_info_type_id, value, create_user, create_date, modify_user, modify_date) VALUES (100037, 2, 'heffan', 132456, CURRENT, 132456, CURRENT);
INSERT INTO resource_info (resource_id, resource_info_type_id, value, create_user, create_date, modify_user, modify_date) VALUES (100037, 8, 'N/A', 132456, CURRENT, 132456, CURRENT);
INSERT INTO resource_info (resource_id, resource_info_type_id, value, create_user, create_date, modify_user, modify_date) VALUES (100037, 6, '01.26.2013 03:22 PM', 132456, CURRENT, 132456, CURRENT);
INSERT INTO resource_info (resource_id, resource_info_type_id, value, create_user, create_date, modify_user, modify_date) VALUES (100038, 1, '22719217', 132456, CURRENT, 132456, CURRENT);
INSERT INTO resource_info (resource_id, resource_info_type_id, value, create_user, create_date, modify_user, modify_date) VALUES (100038, 2, 'Components', 132456, CURRENT, 132456, CURRENT);
INSERT INTO resource_info (resource_id, resource_info_type_id, value, create_user, create_date, modify_user, modify_date) VALUES (100038, 8, 'N/A', 132456, CURRENT, 132456, CURRENT);
INSERT INTO resource_info (resource_id, resource_info_type_id, value, create_user, create_date, modify_user, modify_date) VALUES (100038, 6, '01.26.2013 03:23 PM', 132456, CURRENT, 132456, CURRENT);
INSERT INTO resource_info (resource_id, resource_info_type_id, value, create_user, create_date, modify_user, modify_date) VALUES (100039, 1, '132458', 132456, CURRENT, 132456, CURRENT);
INSERT INTO resource_info (resource_id, resource_info_type_id, value, create_user, create_date, modify_user, modify_date) VALUES (100039, 2, 'user', 132456, CURRENT, 132456, CURRENT);
INSERT INTO resource_info (resource_id, resource_info_type_id, value, create_user, create_date, modify_user, modify_date) VALUES (100039, 8, 'N/A', 132456, CURRENT, 132456, CURRENT);
INSERT INTO resource_info (resource_id, resource_info_type_id, value, create_user, create_date, modify_user, modify_date) VALUES (100039, 6, '01.26.2013 03:24 PM', 132456, CURRENT, 132456, CURRENT);
INSERT INTO resource_info (resource_id, resource_info_type_id, value, create_user, create_date, modify_user, modify_date) VALUES (100040, 1, '132458', 132456, CURRENT, 132456, CURRENT);
INSERT INTO resource_info (resource_id, resource_info_type_id, value, create_user, create_date, modify_user, modify_date) VALUES (100040, 2, 'user', 132456, CURRENT, 132456, CURRENT);
INSERT INTO resource_info (resource_id, resource_info_type_id, value, create_user, create_date, modify_user, modify_date) VALUES (100040, 8, 'N/A', 132456, CURRENT, 132456, CURRENT);
INSERT INTO resource_info (resource_id, resource_info_type_id, value, create_user, create_date, modify_user, modify_date) VALUES (100040, 6, '01.26.2013 03:25 PM', 132456, CURRENT, 132456, CURRENT);
INSERT INTO project_info (project_id, project_info_type_id, value, create_user, create_date, modify_user, modify_date) VALUES (100011, 1, '100011', 132456, CURRENT, 132456, CURRENT);
INSERT INTO project_info (project_id, project_info_type_id, value, create_user, create_date, modify_user, modify_date) VALUES (100011, 2, '100011', 132456, CURRENT, 132456, CURRENT);
INSERT INTO project_info (project_id, project_info_type_id, value, create_user, create_date, modify_user, modify_date) VALUES (100011, 3, '100011', 132456, CURRENT, 132456, CURRENT);
INSERT INTO project_info (project_id, project_info_type_id, value, create_user, create_date, modify_user, modify_date) VALUES (100011, 4, '100012', 132456, CURRENT, 132456, CURRENT);
INSERT INTO project_info (project_id, project_info_type_id, value, create_user, create_date, modify_user, modify_date) VALUES (100011, 5, '5801777', 132456, CURRENT, 132456, CURRENT);
INSERT INTO project_info (project_id, project_info_type_id, value, create_user, create_date, modify_user, modify_date) VALUES (100011, 6, 'Client 100001 Billing Account 1 Project 1 Development Contest 11', 132456, CURRENT, 132456, CURRENT);
INSERT INTO project_info (project_id, project_info_type_id, value, create_user, create_date, modify_user, modify_date) VALUES (100011, 7, '1.0', 132456, CURRENT, 132456, CURRENT);
INSERT INTO project_info (project_id, project_info_type_id, value, create_user, create_date, modify_user, modify_date) VALUES (100011, 8, '', 132456, CURRENT, 132456, CURRENT);
INSERT INTO project_info (project_id, project_info_type_id, value, create_user, create_date, modify_user, modify_date) VALUES (100011, 11, 'On', 132456, CURRENT, 132456, CURRENT);
INSERT INTO project_info (project_id, project_info_type_id, value, create_user, create_date, modify_user, modify_date) VALUES (100011, 9, 'Off', 132456, CURRENT, 132456, CURRENT);
INSERT INTO project_info (project_id, project_info_type_id, value, create_user, create_date, modify_user, modify_date) VALUES (100011, 10, 'On', 132456, CURRENT, 132456, CURRENT);
INSERT INTO project_info (project_id, project_info_type_id, value, create_user, create_date, modify_user, modify_date) VALUES (100011, 12, 'Yes', 132456, CURRENT, 132456, CURRENT);
INSERT INTO project_info (project_id, project_info_type_id, value, create_user, create_date, modify_user, modify_date) VALUES (100011, 13, 'Yes', 132456, CURRENT, 132456, CURRENT);
INSERT INTO project_info (project_id, project_info_type_id, value, create_user, create_date, modify_user, modify_date) VALUES (100011, 14, 'Open', 132456, CURRENT, 132456, CURRENT);
INSERT INTO project_info (project_id, project_info_type_id, value, create_user, create_date, modify_user, modify_date) VALUES (100011, 16, '800.0', 132456, CURRENT, 132456, CURRENT);
INSERT INTO project_info (project_id, project_info_type_id, value, create_user, create_date, modify_user, modify_date) VALUES (100011, 17, '', 132456, CURRENT, 132456, CURRENT);
INSERT INTO project_info (project_id, project_info_type_id, value, create_user, create_date, modify_user, modify_date) VALUES (100011, 26, 'On', 132456, CURRENT, 132456, CURRENT);
INSERT INTO project_info (project_id, project_info_type_id, value, create_user, create_date, modify_user, modify_date) VALUES (100011, 30, '360.0', 132456, CURRENT, 132456, CURRENT);
INSERT INTO project_info (project_id, project_info_type_id, value, create_user, create_date, modify_user, modify_date) VALUES (100011, 31, '6001.0', 132456, CURRENT, 132456, CURRENT);
INSERT INTO project_info (project_id, project_info_type_id, value, create_user, create_date, modify_user, modify_date) VALUES (100011, 33, '605.0', 132456, CURRENT, 132456, CURRENT);
INSERT INTO project_info (project_id, project_info_type_id, value, create_user, create_date, modify_user, modify_date) VALUES (100011, 35, '30.0', 132456, CURRENT, 132456, CURRENT);
INSERT INTO project_info (project_id, project_info_type_id, value, create_user, create_date, modify_user, modify_date) VALUES (100011, 36, '800.0', 132456, CURRENT, 132456, CURRENT);
INSERT INTO project_info (project_id, project_info_type_id, value, create_user, create_date, modify_user, modify_date) VALUES (100011, 37, '400.0', 132456, CURRENT, 132456, CURRENT);
INSERT INTO project_info (project_id, project_info_type_id, value, create_user, create_date, modify_user, modify_date) VALUES (100011, 45, 'true', 132456, CURRENT, 132456, CURRENT);
INSERT INTO project_info (project_id, project_info_type_id, value, create_user, create_date, modify_user, modify_date) VALUES (100011, 47, 'true', 132456, CURRENT, 132456, CURRENT);
INSERT INTO project_info (project_id, project_info_type_id, value, create_user, create_date, modify_user, modify_date) VALUES (100011, 38, '240.0', 132456, CURRENT, 132456, CURRENT);
INSERT INTO project_info (project_id, project_info_type_id, value, create_user, create_date, modify_user, modify_date) VALUES (100011, 39, '0.0', 132456, CURRENT, 132456, CURRENT);
INSERT INTO project_info (project_id, project_info_type_id, value, create_user, create_date, modify_user, modify_date) VALUES (100011, 40, 'A', 132456, CURRENT, 132456, CURRENT);
INSERT INTO project_info (project_id, project_info_type_id, value, create_user, create_date, modify_user, modify_date) VALUES (100011, 32, '100001', 132456, CURRENT, 132456, CURRENT);
INSERT INTO project_info (project_id, project_info_type_id, value, create_user, create_date, modify_user, modify_date) VALUES (100011, 41, 'true', 132456, CURRENT, 132456, CURRENT);
INSERT INTO project_info (project_id, project_info_type_id, value, create_user, create_date, modify_user, modify_date) VALUES (100011, 43, 'true', 132456, CURRENT, 132456, CURRENT);
INSERT INTO project_info (project_id, project_info_type_id, value, create_user, create_date, modify_user, modify_date) VALUES (100011, 44, 'false', 132456, CURRENT, 132456, CURRENT);
INSERT INTO project_info (project_id, project_info_type_id, value, create_user, create_date, modify_user, modify_date) VALUES (100011, 46, 'true', 132456, CURRENT, 132456, CURRENT);
INSERT INTO project_info (project_id, project_info_type_id, value, create_user, create_date, modify_user, modify_date) VALUES (100011, 48, 'true', 132456, CURRENT, 132456, CURRENT);
INSERT INTO project_info (project_id, project_info_type_id, value, create_user, create_date, modify_user, modify_date) VALUES (100011, 21, '02.06.2013 15:21 MSK', 132456, CURRENT, 132456, CURRENT);
INSERT INTO project_info (project_id, project_info_type_id, value, create_user, create_date, modify_user, modify_date) VALUES (100011, 49, '500', 132456, CURRENT, 132456, CURRENT);
INSERT INTO project_info (project_id, project_info_type_id, value, create_user, create_date, modify_user, modify_date) VALUES (100011, 59, 'true', 132456, CURRENT, 132456, CURRENT);
INSERT INTO resource (resource_id, resource_role_id, project_id, project_phase_id, create_user, create_date, modify_user, modify_date) VALUES (100041, 13, 100011, NULL, 132456, CURRENT, 132456, CURRENT);
INSERT INTO resource (resource_id, resource_role_id, project_id, project_phase_id, create_user, create_date, modify_user, modify_date) VALUES (100042, 13, 100011, NULL, 132456, CURRENT, 132456, CURRENT);
INSERT INTO resource (resource_id, resource_role_id, project_id, project_phase_id, create_user, create_date, modify_user, modify_date) VALUES (100043, 14, 100011, NULL, 132456, CURRENT, 132456, CURRENT);
INSERT INTO resource (resource_id, resource_role_id, project_id, project_phase_id, create_user, create_date, modify_user, modify_date) VALUES (100044, 10, 100011, NULL, 132456, CURRENT, 132456, CURRENT);
INSERT INTO resource_info (resource_id, resource_info_type_id, value, create_user, create_date, modify_user, modify_date) VALUES (100041, 1, '132456', 132456, CURRENT, 132456, CURRENT);
INSERT INTO resource_info (resource_id, resource_info_type_id, value, create_user, create_date, modify_user, modify_date) VALUES (100041, 2, 'heffan', 132456, CURRENT, 132456, CURRENT);
INSERT INTO resource_info (resource_id, resource_info_type_id, value, create_user, create_date, modify_user, modify_date) VALUES (100041, 8, 'N/A', 132456, CURRENT, 132456, CURRENT);
INSERT INTO resource_info (resource_id, resource_info_type_id, value, create_user, create_date, modify_user, modify_date) VALUES (100041, 6, '01.26.2013 03:22 PM', 132456, CURRENT, 132456, CURRENT);
INSERT INTO resource_info (resource_id, resource_info_type_id, value, create_user, create_date, modify_user, modify_date) VALUES (100042, 1, '22719217', 132456, CURRENT, 132456, CURRENT);
INSERT INTO resource_info (resource_id, resource_info_type_id, value, create_user, create_date, modify_user, modify_date) VALUES (100042, 2, 'Components', 132456, CURRENT, 132456, CURRENT);
INSERT INTO resource_info (resource_id, resource_info_type_id, value, create_user, create_date, modify_user, modify_date) VALUES (100042, 8, 'N/A', 132456, CURRENT, 132456, CURRENT);
INSERT INTO resource_info (resource_id, resource_info_type_id, value, create_user, create_date, modify_user, modify_date) VALUES (100042, 6, '01.26.2013 03:23 PM', 132456, CURRENT, 132456, CURRENT);
INSERT INTO resource_info (resource_id, resource_info_type_id, value, create_user, create_date, modify_user, modify_date) VALUES (100043, 1, '132458', 132456, CURRENT, 132456, CURRENT);
INSERT INTO resource_info (resource_id, resource_info_type_id, value, create_user, create_date, modify_user, modify_date) VALUES (100043, 2, 'user', 132456, CURRENT, 132456, CURRENT);
INSERT INTO resource_info (resource_id, resource_info_type_id, value, create_user, create_date, modify_user, modify_date) VALUES (100043, 8, 'N/A', 132456, CURRENT, 132456, CURRENT);
INSERT INTO resource_info (resource_id, resource_info_type_id, value, create_user, create_date, modify_user, modify_date) VALUES (100043, 6, '01.26.2013 03:24 PM', 132456, CURRENT, 132456, CURRENT);
INSERT INTO resource_info (resource_id, resource_info_type_id, value, create_user, create_date, modify_user, modify_date) VALUES (100044, 1, '132458', 132456, CURRENT, 132456, CURRENT);
INSERT INTO resource_info (resource_id, resource_info_type_id, value, create_user, create_date, modify_user, modify_date) VALUES (100044, 2, 'user', 132456, CURRENT, 132456, CURRENT);
INSERT INTO resource_info (resource_id, resource_info_type_id, value, create_user, create_date, modify_user, modify_date) VALUES (100044, 8, 'N/A', 132456, CURRENT, 132456, CURRENT);
INSERT INTO resource_info (resource_id, resource_info_type_id, value, create_user, create_date, modify_user, modify_date) VALUES (100044, 6, '01.26.2013 03:25 PM', 132456, CURRENT, 132456, CURRENT);
INSERT INTO project_info (project_id, project_info_type_id, value, create_user, create_date, modify_user, modify_date) VALUES (100012, 1, '100012', 132456, CURRENT, 132456, CURRENT);
INSERT INTO project_info (project_id, project_info_type_id, value, create_user, create_date, modify_user, modify_date) VALUES (100012, 2, '100012', 132456, CURRENT, 132456, CURRENT);
INSERT INTO project_info (project_id, project_info_type_id, value, create_user, create_date, modify_user, modify_date) VALUES (100012, 3, '100012', 132456, CURRENT, 132456, CURRENT);
INSERT INTO project_info (project_id, project_info_type_id, value, create_user, create_date, modify_user, modify_date) VALUES (100012, 4, '100013', 132456, CURRENT, 132456, CURRENT);
INSERT INTO project_info (project_id, project_info_type_id, value, create_user, create_date, modify_user, modify_date) VALUES (100012, 5, '9926572', 132456, CURRENT, 132456, CURRENT);
INSERT INTO project_info (project_id, project_info_type_id, value, create_user, create_date, modify_user, modify_date) VALUES (100012, 6, 'Client 100001 Billing Account 1 Project 1 Development Contest 12', 132456, CURRENT, 132456, CURRENT);
INSERT INTO project_info (project_id, project_info_type_id, value, create_user, create_date, modify_user, modify_date) VALUES (100012, 7, '1.0', 132456, CURRENT, 132456, CURRENT);
INSERT INTO project_info (project_id, project_info_type_id, value, create_user, create_date, modify_user, modify_date) VALUES (100012, 8, '', 132456, CURRENT, 132456, CURRENT);
INSERT INTO project_info (project_id, project_info_type_id, value, create_user, create_date, modify_user, modify_date) VALUES (100012, 11, 'On', 132456, CURRENT, 132456, CURRENT);
INSERT INTO project_info (project_id, project_info_type_id, value, create_user, create_date, modify_user, modify_date) VALUES (100012, 9, 'Off', 132456, CURRENT, 132456, CURRENT);
INSERT INTO project_info (project_id, project_info_type_id, value, create_user, create_date, modify_user, modify_date) VALUES (100012, 10, 'On', 132456, CURRENT, 132456, CURRENT);
INSERT INTO project_info (project_id, project_info_type_id, value, create_user, create_date, modify_user, modify_date) VALUES (100012, 12, 'Yes', 132456, CURRENT, 132456, CURRENT);
INSERT INTO project_info (project_id, project_info_type_id, value, create_user, create_date, modify_user, modify_date) VALUES (100012, 13, 'Yes', 132456, CURRENT, 132456, CURRENT);
INSERT INTO project_info (project_id, project_info_type_id, value, create_user, create_date, modify_user, modify_date) VALUES (100012, 14, 'Open', 132456, CURRENT, 132456, CURRENT);
INSERT INTO project_info (project_id, project_info_type_id, value, create_user, create_date, modify_user, modify_date) VALUES (100012, 16, '1000.0', 132456, CURRENT, 132456, CURRENT);
INSERT INTO project_info (project_id, project_info_type_id, value, create_user, create_date, modify_user, modify_date) VALUES (100012, 17, '', 132456, CURRENT, 132456, CURRENT);
INSERT INTO project_info (project_id, project_info_type_id, value, create_user, create_date, modify_user, modify_date) VALUES (100012, 26, 'On', 132456, CURRENT, 132456, CURRENT);
INSERT INTO project_info (project_id, project_info_type_id, value, create_user, create_date, modify_user, modify_date) VALUES (100012, 30, '450.0', 132456, CURRENT, 132456, CURRENT);
INSERT INTO project_info (project_id, project_info_type_id, value, create_user, create_date, modify_user, modify_date) VALUES (100012, 31, '6001.0', 132456, CURRENT, 132456, CURRENT);
INSERT INTO project_info (project_id, project_info_type_id, value, create_user, create_date, modify_user, modify_date) VALUES (100012, 33, '683.0', 132456, CURRENT, 132456, CURRENT);
INSERT INTO project_info (project_id, project_info_type_id, value, create_user, create_date, modify_user, modify_date) VALUES (100012, 35, '30.0', 132456, CURRENT, 132456, CURRENT);
INSERT INTO project_info (project_id, project_info_type_id, value, create_user, create_date, modify_user, modify_date) VALUES (100012, 36, '1000.0', 132456, CURRENT, 132456, CURRENT);
INSERT INTO project_info (project_id, project_info_type_id, value, create_user, create_date, modify_user, modify_date) VALUES (100012, 37, '500.0', 132456, CURRENT, 132456, CURRENT);
INSERT INTO project_info (project_id, project_info_type_id, value, create_user, create_date, modify_user, modify_date) VALUES (100012, 45, 'true', 132456, CURRENT, 132456, CURRENT);
INSERT INTO project_info (project_id, project_info_type_id, value, create_user, create_date, modify_user, modify_date) VALUES (100012, 47, 'true', 132456, CURRENT, 132456, CURRENT);
INSERT INTO project_info (project_id, project_info_type_id, value, create_user, create_date, modify_user, modify_date) VALUES (100012, 38, '300.0', 132456, CURRENT, 132456, CURRENT);
INSERT INTO project_info (project_id, project_info_type_id, value, create_user, create_date, modify_user, modify_date) VALUES (100012, 39, '0.0', 132456, CURRENT, 132456, CURRENT);
INSERT INTO project_info (project_id, project_info_type_id, value, create_user, create_date, modify_user, modify_date) VALUES (100012, 40, 'B', 132456, CURRENT, 132456, CURRENT);
INSERT INTO project_info (project_id, project_info_type_id, value, create_user, create_date, modify_user, modify_date) VALUES (100012, 32, '100001', 132456, CURRENT, 132456, CURRENT);
INSERT INTO project_info (project_id, project_info_type_id, value, create_user, create_date, modify_user, modify_date) VALUES (100012, 41, 'true', 132456, CURRENT, 132456, CURRENT);
INSERT INTO project_info (project_id, project_info_type_id, value, create_user, create_date, modify_user, modify_date) VALUES (100012, 43, 'true', 132456, CURRENT, 132456, CURRENT);
INSERT INTO project_info (project_id, project_info_type_id, value, create_user, create_date, modify_user, modify_date) VALUES (100012, 44, 'false', 132456, CURRENT, 132456, CURRENT);
INSERT INTO project_info (project_id, project_info_type_id, value, create_user, create_date, modify_user, modify_date) VALUES (100012, 46, 'true', 132456, CURRENT, 132456, CURRENT);
INSERT INTO project_info (project_id, project_info_type_id, value, create_user, create_date, modify_user, modify_date) VALUES (100012, 48, 'true', 132456, CURRENT, 132456, CURRENT);
INSERT INTO project_info (project_id, project_info_type_id, value, create_user, create_date, modify_user, modify_date) VALUES (100012, 21, '02.03.2013 03:21 MSK', 132456, CURRENT, 132456, CURRENT);
INSERT INTO project_info (project_id, project_info_type_id, value, create_user, create_date, modify_user, modify_date) VALUES (100012, 49, '500', 132456, CURRENT, 132456, CURRENT);
INSERT INTO project_info (project_id, project_info_type_id, value, create_user, create_date, modify_user, modify_date) VALUES (100012, 59, 'true', 132456, CURRENT, 132456, CURRENT);
INSERT INTO resource (resource_id, resource_role_id, project_id, project_phase_id, create_user, create_date, modify_user, modify_date) VALUES (100045, 13, 100012, NULL, 132456, CURRENT, 132456, CURRENT);
INSERT INTO resource (resource_id, resource_role_id, project_id, project_phase_id, create_user, create_date, modify_user, modify_date) VALUES (100046, 13, 100012, NULL, 132456, CURRENT, 132456, CURRENT);
INSERT INTO resource (resource_id, resource_role_id, project_id, project_phase_id, create_user, create_date, modify_user, modify_date) VALUES (100047, 14, 100012, NULL, 132456, CURRENT, 132456, CURRENT);
INSERT INTO resource (resource_id, resource_role_id, project_id, project_phase_id, create_user, create_date, modify_user, modify_date) VALUES (100048, 10, 100012, NULL, 132456, CURRENT, 132456, CURRENT);
INSERT INTO resource_info (resource_id, resource_info_type_id, value, create_user, create_date, modify_user, modify_date) VALUES (100045, 1, '132456', 132456, CURRENT, 132456, CURRENT);
INSERT INTO resource_info (resource_id, resource_info_type_id, value, create_user, create_date, modify_user, modify_date) VALUES (100045, 2, 'heffan', 132456, CURRENT, 132456, CURRENT);
INSERT INTO resource_info (resource_id, resource_info_type_id, value, create_user, create_date, modify_user, modify_date) VALUES (100045, 8, 'N/A', 132456, CURRENT, 132456, CURRENT);
INSERT INTO resource_info (resource_id, resource_info_type_id, value, create_user, create_date, modify_user, modify_date) VALUES (100045, 6, '01.26.2013 03:22 PM', 132456, CURRENT, 132456, CURRENT);
INSERT INTO resource_info (resource_id, resource_info_type_id, value, create_user, create_date, modify_user, modify_date) VALUES (100046, 1, '22719217', 132456, CURRENT, 132456, CURRENT);
INSERT INTO resource_info (resource_id, resource_info_type_id, value, create_user, create_date, modify_user, modify_date) VALUES (100046, 2, 'Components', 132456, CURRENT, 132456, CURRENT);
INSERT INTO resource_info (resource_id, resource_info_type_id, value, create_user, create_date, modify_user, modify_date) VALUES (100046, 8, 'N/A', 132456, CURRENT, 132456, CURRENT);
INSERT INTO resource_info (resource_id, resource_info_type_id, value, create_user, create_date, modify_user, modify_date) VALUES (100046, 6, '01.26.2013 03:23 PM', 132456, CURRENT, 132456, CURRENT);
INSERT INTO resource_info (resource_id, resource_info_type_id, value, create_user, create_date, modify_user, modify_date) VALUES (100047, 1, '132458', 132456, CURRENT, 132456, CURRENT);
INSERT INTO resource_info (resource_id, resource_info_type_id, value, create_user, create_date, modify_user, modify_date) VALUES (100047, 2, 'user', 132456, CURRENT, 132456, CURRENT);
INSERT INTO resource_info (resource_id, resource_info_type_id, value, create_user, create_date, modify_user, modify_date) VALUES (100047, 8, 'N/A', 132456, CURRENT, 132456, CURRENT);
INSERT INTO resource_info (resource_id, resource_info_type_id, value, create_user, create_date, modify_user, modify_date) VALUES (100047, 6, '01.26.2013 03:24 PM', 132456, CURRENT, 132456, CURRENT);
INSERT INTO resource_info (resource_id, resource_info_type_id, value, create_user, create_date, modify_user, modify_date) VALUES (100048, 1, '132458', 132456, CURRENT, 132456, CURRENT);
INSERT INTO resource_info (resource_id, resource_info_type_id, value, create_user, create_date, modify_user, modify_date) VALUES (100048, 2, 'user', 132456, CURRENT, 132456, CURRENT);
INSERT INTO resource_info (resource_id, resource_info_type_id, value, create_user, create_date, modify_user, modify_date) VALUES (100048, 8, 'N/A', 132456, CURRENT, 132456, CURRENT);
INSERT INTO resource_info (resource_id, resource_info_type_id, value, create_user, create_date, modify_user, modify_date) VALUES (100048, 6, '01.26.2013 03:25 PM', 132456, CURRENT, 132456, CURRENT);
INSERT INTO project_info (project_id, project_info_type_id, value, create_user, create_date, modify_user, modify_date) VALUES (100013, 1, '100013', 132456, CURRENT, 132456, CURRENT);
INSERT INTO project_info (project_id, project_info_type_id, value, create_user, create_date, modify_user, modify_date) VALUES (100013, 2, '100013', 132456, CURRENT, 132456, CURRENT);
INSERT INTO project_info (project_id, project_info_type_id, value, create_user, create_date, modify_user, modify_date) VALUES (100013, 3, '100013', 132456, CURRENT, 132456, CURRENT);
INSERT INTO project_info (project_id, project_info_type_id, value, create_user, create_date, modify_user, modify_date) VALUES (100013, 4, '100014', 132456, CURRENT, 132456, CURRENT);
INSERT INTO project_info (project_id, project_info_type_id, value, create_user, create_date, modify_user, modify_date) VALUES (100013, 5, '27202913', 132456, CURRENT, 132456, CURRENT);
INSERT INTO project_info (project_id, project_info_type_id, value, create_user, create_date, modify_user, modify_date) VALUES (100013, 6, 'Client 100001 Billing Account 1 Project 1 Module Assembly Contest 13', 132456, CURRENT, 132456, CURRENT);
INSERT INTO project_info (project_id, project_info_type_id, value, create_user, create_date, modify_user, modify_date) VALUES (100013, 7, '1.0', 132456, CURRENT, 132456, CURRENT);
INSERT INTO project_info (project_id, project_info_type_id, value, create_user, create_date, modify_user, modify_date) VALUES (100013, 8, '', 132456, CURRENT, 132456, CURRENT);
INSERT INTO project_info (project_id, project_info_type_id, value, create_user, create_date, modify_user, modify_date) VALUES (100013, 11, 'On', 132456, CURRENT, 132456, CURRENT);
INSERT INTO project_info (project_id, project_info_type_id, value, create_user, create_date, modify_user, modify_date) VALUES (100013, 9, 'Off', 132456, CURRENT, 132456, CURRENT);
INSERT INTO project_info (project_id, project_info_type_id, value, create_user, create_date, modify_user, modify_date) VALUES (100013, 10, 'On', 132456, CURRENT, 132456, CURRENT);
INSERT INTO project_info (project_id, project_info_type_id, value, create_user, create_date, modify_user, modify_date) VALUES (100013, 12, 'Yes', 132456, CURRENT, 132456, CURRENT);
INSERT INTO project_info (project_id, project_info_type_id, value, create_user, create_date, modify_user, modify_date) VALUES (100013, 13, 'Yes', 132456, CURRENT, 132456, CURRENT);
INSERT INTO project_info (project_id, project_info_type_id, value, create_user, create_date, modify_user, modify_date) VALUES (100013, 14, 'Open', 132456, CURRENT, 132456, CURRENT);
INSERT INTO project_info (project_id, project_info_type_id, value, create_user, create_date, modify_user, modify_date) VALUES (100013, 16, '800.0', 132456, CURRENT, 132456, CURRENT);
INSERT INTO project_info (project_id, project_info_type_id, value, create_user, create_date, modify_user, modify_date) VALUES (100013, 17, '', 132456, CURRENT, 132456, CURRENT);
INSERT INTO project_info (project_id, project_info_type_id, value, create_user, create_date, modify_user, modify_date) VALUES (100013, 26, 'On', 132456, CURRENT, 132456, CURRENT);
INSERT INTO project_info (project_id, project_info_type_id, value, create_user, create_date, modify_user, modify_date) VALUES (100013, 30, '360.0', 132456, CURRENT, 132456, CURRENT);
INSERT INTO project_info (project_id, project_info_type_id, value, create_user, create_date, modify_user, modify_date) VALUES (100013, 31, '6001.0', 132456, CURRENT, 132456, CURRENT);
INSERT INTO project_info (project_id, project_info_type_id, value, create_user, create_date, modify_user, modify_date) VALUES (100013, 33, '605.0', 132456, CURRENT, 132456, CURRENT);
INSERT INTO project_info (project_id, project_info_type_id, value, create_user, create_date, modify_user, modify_date) VALUES (100013, 35, '30.0', 132456, CURRENT, 132456, CURRENT);
INSERT INTO project_info (project_id, project_info_type_id, value, create_user, create_date, modify_user, modify_date) VALUES (100013, 36, '800.0', 132456, CURRENT, 132456, CURRENT);
INSERT INTO project_info (project_id, project_info_type_id, value, create_user, create_date, modify_user, modify_date) VALUES (100013, 37, '400.0', 132456, CURRENT, 132456, CURRENT);
INSERT INTO project_info (project_id, project_info_type_id, value, create_user, create_date, modify_user, modify_date) VALUES (100013, 45, 'true', 132456, CURRENT, 132456, CURRENT);
INSERT INTO project_info (project_id, project_info_type_id, value, create_user, create_date, modify_user, modify_date) VALUES (100013, 47, 'true', 132456, CURRENT, 132456, CURRENT);
INSERT INTO project_info (project_id, project_info_type_id, value, create_user, create_date, modify_user, modify_date) VALUES (100013, 38, '240.0', 132456, CURRENT, 132456, CURRENT);
INSERT INTO project_info (project_id, project_info_type_id, value, create_user, create_date, modify_user, modify_date) VALUES (100013, 39, '0.0', 132456, CURRENT, 132456, CURRENT);
INSERT INTO project_info (project_id, project_info_type_id, value, create_user, create_date, modify_user, modify_date) VALUES (100013, 40, 'A', 132456, CURRENT, 132456, CURRENT);
INSERT INTO project_info (project_id, project_info_type_id, value, create_user, create_date, modify_user, modify_date) VALUES (100013, 32, '100001', 132456, CURRENT, 132456, CURRENT);
INSERT INTO project_info (project_id, project_info_type_id, value, create_user, create_date, modify_user, modify_date) VALUES (100013, 41, 'true', 132456, CURRENT, 132456, CURRENT);
INSERT INTO project_info (project_id, project_info_type_id, value, create_user, create_date, modify_user, modify_date) VALUES (100013, 43, 'true', 132456, CURRENT, 132456, CURRENT);
INSERT INTO project_info (project_id, project_info_type_id, value, create_user, create_date, modify_user, modify_date) VALUES (100013, 44, 'false', 132456, CURRENT, 132456, CURRENT);
INSERT INTO project_info (project_id, project_info_type_id, value, create_user, create_date, modify_user, modify_date) VALUES (100013, 46, 'true', 132456, CURRENT, 132456, CURRENT);
INSERT INTO project_info (project_id, project_info_type_id, value, create_user, create_date, modify_user, modify_date) VALUES (100013, 48, 'true', 132456, CURRENT, 132456, CURRENT);
INSERT INTO project_info (project_id, project_info_type_id, value, create_user, create_date, modify_user, modify_date) VALUES (100013, 21, '02.11.2013 16:21 MSK', 132456, CURRENT, 132456, CURRENT);
INSERT INTO project_info (project_id, project_info_type_id, value, create_user, create_date, modify_user, modify_date) VALUES (100013, 49, '500', 132456, CURRENT, 132456, CURRENT);
INSERT INTO project_info (project_id, project_info_type_id, value, create_user, create_date, modify_user, modify_date) VALUES (100013, 59, 'true', 132456, CURRENT, 132456, CURRENT);
INSERT INTO resource (resource_id, resource_role_id, project_id, project_phase_id, create_user, create_date, modify_user, modify_date) VALUES (100049, 13, 100013, NULL, 132456, CURRENT, 132456, CURRENT);
INSERT INTO resource (resource_id, resource_role_id, project_id, project_phase_id, create_user, create_date, modify_user, modify_date) VALUES (100050, 13, 100013, NULL, 132456, CURRENT, 132456, CURRENT);
INSERT INTO resource (resource_id, resource_role_id, project_id, project_phase_id, create_user, create_date, modify_user, modify_date) VALUES (100051, 14, 100013, NULL, 132456, CURRENT, 132456, CURRENT);
INSERT INTO resource (resource_id, resource_role_id, project_id, project_phase_id, create_user, create_date, modify_user, modify_date) VALUES (100052, 10, 100013, NULL, 132456, CURRENT, 132456, CURRENT);
INSERT INTO resource_info (resource_id, resource_info_type_id, value, create_user, create_date, modify_user, modify_date) VALUES (100049, 1, '132456', 132456, CURRENT, 132456, CURRENT);
INSERT INTO resource_info (resource_id, resource_info_type_id, value, create_user, create_date, modify_user, modify_date) VALUES (100049, 2, 'heffan', 132456, CURRENT, 132456, CURRENT);
INSERT INTO resource_info (resource_id, resource_info_type_id, value, create_user, create_date, modify_user, modify_date) VALUES (100049, 8, 'N/A', 132456, CURRENT, 132456, CURRENT);
INSERT INTO resource_info (resource_id, resource_info_type_id, value, create_user, create_date, modify_user, modify_date) VALUES (100049, 6, '01.26.2013 03:22 PM', 132456, CURRENT, 132456, CURRENT);
INSERT INTO resource_info (resource_id, resource_info_type_id, value, create_user, create_date, modify_user, modify_date) VALUES (100050, 1, '22770213', 132456, CURRENT, 132456, CURRENT);
INSERT INTO resource_info (resource_id, resource_info_type_id, value, create_user, create_date, modify_user, modify_date) VALUES (100050, 2, 'Applications', 132456, CURRENT, 132456, CURRENT);
INSERT INTO resource_info (resource_id, resource_info_type_id, value, create_user, create_date, modify_user, modify_date) VALUES (100050, 8, 'N/A', 132456, CURRENT, 132456, CURRENT);
INSERT INTO resource_info (resource_id, resource_info_type_id, value, create_user, create_date, modify_user, modify_date) VALUES (100050, 6, '01.26.2013 03:23 PM', 132456, CURRENT, 132456, CURRENT);
INSERT INTO resource_info (resource_id, resource_info_type_id, value, create_user, create_date, modify_user, modify_date) VALUES (100051, 1, '132458', 132456, CURRENT, 132456, CURRENT);
INSERT INTO resource_info (resource_id, resource_info_type_id, value, create_user, create_date, modify_user, modify_date) VALUES (100051, 2, 'user', 132456, CURRENT, 132456, CURRENT);
INSERT INTO resource_info (resource_id, resource_info_type_id, value, create_user, create_date, modify_user, modify_date) VALUES (100051, 8, 'N/A', 132456, CURRENT, 132456, CURRENT);
INSERT INTO resource_info (resource_id, resource_info_type_id, value, create_user, create_date, modify_user, modify_date) VALUES (100051, 6, '01.26.2013 03:24 PM', 132456, CURRENT, 132456, CURRENT);
INSERT INTO resource_info (resource_id, resource_info_type_id, value, create_user, create_date, modify_user, modify_date) VALUES (100052, 1, '132458', 132456, CURRENT, 132456, CURRENT);
INSERT INTO resource_info (resource_id, resource_info_type_id, value, create_user, create_date, modify_user, modify_date) VALUES (100052, 2, 'user', 132456, CURRENT, 132456, CURRENT);
INSERT INTO resource_info (resource_id, resource_info_type_id, value, create_user, create_date, modify_user, modify_date) VALUES (100052, 8, 'N/A', 132456, CURRENT, 132456, CURRENT);
INSERT INTO resource_info (resource_id, resource_info_type_id, value, create_user, create_date, modify_user, modify_date) VALUES (100052, 6, '01.26.2013 03:25 PM', 132456, CURRENT, 132456, CURRENT);
INSERT INTO project_info (project_id, project_info_type_id, value, create_user, create_date, modify_user, modify_date) VALUES (100014, 1, '100014', 132456, CURRENT, 132456, CURRENT);
INSERT INTO project_info (project_id, project_info_type_id, value, create_user, create_date, modify_user, modify_date) VALUES (100014, 2, '100014', 132456, CURRENT, 132456, CURRENT);
INSERT INTO project_info (project_id, project_info_type_id, value, create_user, create_date, modify_user, modify_date) VALUES (100014, 3, '100014', 132456, CURRENT, 132456, CURRENT);
INSERT INTO project_info (project_id, project_info_type_id, value, create_user, create_date, modify_user, modify_date) VALUES (100014, 4, '100015', 132456, CURRENT, 132456, CURRENT);
INSERT INTO project_info (project_id, project_info_type_id, value, create_user, create_date, modify_user, modify_date) VALUES (100014, 5, '9926572', 132456, CURRENT, 132456, CURRENT);
INSERT INTO project_info (project_id, project_info_type_id, value, create_user, create_date, modify_user, modify_date) VALUES (100014, 6, 'Client 100001 Billing Account 1 Project 1 Design Contest 14', 132456, CURRENT, 132456, CURRENT);
INSERT INTO project_info (project_id, project_info_type_id, value, create_user, create_date, modify_user, modify_date) VALUES (100014, 7, '1.0', 132456, CURRENT, 132456, CURRENT);
INSERT INTO project_info (project_id, project_info_type_id, value, create_user, create_date, modify_user, modify_date) VALUES (100014, 8, '', 132456, CURRENT, 132456, CURRENT);
INSERT INTO project_info (project_id, project_info_type_id, value, create_user, create_date, modify_user, modify_date) VALUES (100014, 11, 'On', 132456, CURRENT, 132456, CURRENT);
INSERT INTO project_info (project_id, project_info_type_id, value, create_user, create_date, modify_user, modify_date) VALUES (100014, 9, 'Off', 132456, CURRENT, 132456, CURRENT);
INSERT INTO project_info (project_id, project_info_type_id, value, create_user, create_date, modify_user, modify_date) VALUES (100014, 10, 'On', 132456, CURRENT, 132456, CURRENT);
INSERT INTO project_info (project_id, project_info_type_id, value, create_user, create_date, modify_user, modify_date) VALUES (100014, 12, 'Yes', 132456, CURRENT, 132456, CURRENT);
INSERT INTO project_info (project_id, project_info_type_id, value, create_user, create_date, modify_user, modify_date) VALUES (100014, 13, 'Yes', 132456, CURRENT, 132456, CURRENT);
INSERT INTO project_info (project_id, project_info_type_id, value, create_user, create_date, modify_user, modify_date) VALUES (100014, 14, 'Open', 132456, CURRENT, 132456, CURRENT);
INSERT INTO project_info (project_id, project_info_type_id, value, create_user, create_date, modify_user, modify_date) VALUES (100014, 16, '1200.0', 132456, CURRENT, 132456, CURRENT);
INSERT INTO project_info (project_id, project_info_type_id, value, create_user, create_date, modify_user, modify_date) VALUES (100014, 17, '', 132456, CURRENT, 132456, CURRENT);
INSERT INTO project_info (project_id, project_info_type_id, value, create_user, create_date, modify_user, modify_date) VALUES (100014, 26, 'On', 132456, CURRENT, 132456, CURRENT);
INSERT INTO project_info (project_id, project_info_type_id, value, create_user, create_date, modify_user, modify_date) VALUES (100014, 30, '540.0', 132456, CURRENT, 132456, CURRENT);
INSERT INTO project_info (project_id, project_info_type_id, value, create_user, create_date, modify_user, modify_date) VALUES (100014, 31, '6001.0', 132456, CURRENT, 132456, CURRENT);
INSERT INTO project_info (project_id, project_info_type_id, value, create_user, create_date, modify_user, modify_date) VALUES (100014, 33, '761.0', 132456, CURRENT, 132456, CURRENT);
INSERT INTO project_info (project_id, project_info_type_id, value, create_user, create_date, modify_user, modify_date) VALUES (100014, 35, '30.0', 132456, CURRENT, 132456, CURRENT);
INSERT INTO project_info (project_id, project_info_type_id, value, create_user, create_date, modify_user, modify_date) VALUES (100014, 36, '1200.0', 132456, CURRENT, 132456, CURRENT);
INSERT INTO project_info (project_id, project_info_type_id, value, create_user, create_date, modify_user, modify_date) VALUES (100014, 37, '600.0', 132456, CURRENT, 132456, CURRENT);
INSERT INTO project_info (project_id, project_info_type_id, value, create_user, create_date, modify_user, modify_date) VALUES (100014, 45, 'true', 132456, CURRENT, 132456, CURRENT);
INSERT INTO project_info (project_id, project_info_type_id, value, create_user, create_date, modify_user, modify_date) VALUES (100014, 47, 'true', 132456, CURRENT, 132456, CURRENT);
INSERT INTO project_info (project_id, project_info_type_id, value, create_user, create_date, modify_user, modify_date) VALUES (100014, 38, '380.0', 132456, CURRENT, 132456, CURRENT);
INSERT INTO project_info (project_id, project_info_type_id, value, create_user, create_date, modify_user, modify_date) VALUES (100014, 39, '0.0', 132456, CURRENT, 132456, CURRENT);
INSERT INTO project_info (project_id, project_info_type_id, value, create_user, create_date, modify_user, modify_date) VALUES (100014, 40, 'C', 132456, CURRENT, 132456, CURRENT);
INSERT INTO project_info (project_id, project_info_type_id, value, create_user, create_date, modify_user, modify_date) VALUES (100014, 32, '100001', 132456, CURRENT, 132456, CURRENT);
INSERT INTO project_info (project_id, project_info_type_id, value, create_user, create_date, modify_user, modify_date) VALUES (100014, 41, 'true', 132456, CURRENT, 132456, CURRENT);
INSERT INTO project_info (project_id, project_info_type_id, value, create_user, create_date, modify_user, modify_date) VALUES (100014, 43, 'true', 132456, CURRENT, 132456, CURRENT);
INSERT INTO project_info (project_id, project_info_type_id, value, create_user, create_date, modify_user, modify_date) VALUES (100014, 44, 'false', 132456, CURRENT, 132456, CURRENT);
INSERT INTO project_info (project_id, project_info_type_id, value, create_user, create_date, modify_user, modify_date) VALUES (100014, 46, 'true', 132456, CURRENT, 132456, CURRENT);
INSERT INTO project_info (project_id, project_info_type_id, value, create_user, create_date, modify_user, modify_date) VALUES (100014, 48, 'true', 132456, CURRENT, 132456, CURRENT);
INSERT INTO project_info (project_id, project_info_type_id, value, create_user, create_date, modify_user, modify_date) VALUES (100014, 21, '02.06.2013 15:21 MSK', 132456, CURRENT, 132456, CURRENT);
INSERT INTO project_info (project_id, project_info_type_id, value, create_user, create_date, modify_user, modify_date) VALUES (100014, 49, '500', 132456, CURRENT, 132456, CURRENT);
INSERT INTO project_info (project_id, project_info_type_id, value, create_user, create_date, modify_user, modify_date) VALUES (100014, 59, 'true', 132456, CURRENT, 132456, CURRENT);
INSERT INTO resource (resource_id, resource_role_id, project_id, project_phase_id, create_user, create_date, modify_user, modify_date) VALUES (100053, 13, 100014, NULL, 132456, CURRENT, 132456, CURRENT);
INSERT INTO resource (resource_id, resource_role_id, project_id, project_phase_id, create_user, create_date, modify_user, modify_date) VALUES (100054, 13, 100014, NULL, 132456, CURRENT, 132456, CURRENT);
INSERT INTO resource (resource_id, resource_role_id, project_id, project_phase_id, create_user, create_date, modify_user, modify_date) VALUES (100055, 14, 100014, NULL, 132456, CURRENT, 132456, CURRENT);
INSERT INTO resource (resource_id, resource_role_id, project_id, project_phase_id, create_user, create_date, modify_user, modify_date) VALUES (100056, 10, 100014, NULL, 132456, CURRENT, 132456, CURRENT);
INSERT INTO resource_info (resource_id, resource_info_type_id, value, create_user, create_date, modify_user, modify_date) VALUES (100053, 1, '132456', 132456, CURRENT, 132456, CURRENT);
INSERT INTO resource_info (resource_id, resource_info_type_id, value, create_user, create_date, modify_user, modify_date) VALUES (100053, 2, 'heffan', 132456, CURRENT, 132456, CURRENT);
INSERT INTO resource_info (resource_id, resource_info_type_id, value, create_user, create_date, modify_user, modify_date) VALUES (100053, 8, 'N/A', 132456, CURRENT, 132456, CURRENT);
INSERT INTO resource_info (resource_id, resource_info_type_id, value, create_user, create_date, modify_user, modify_date) VALUES (100053, 6, '01.26.2013 03:22 PM', 132456, CURRENT, 132456, CURRENT);
INSERT INTO resource_info (resource_id, resource_info_type_id, value, create_user, create_date, modify_user, modify_date) VALUES (100054, 1, '22719217', 132456, CURRENT, 132456, CURRENT);
INSERT INTO resource_info (resource_id, resource_info_type_id, value, create_user, create_date, modify_user, modify_date) VALUES (100054, 2, 'Components', 132456, CURRENT, 132456, CURRENT);
INSERT INTO resource_info (resource_id, resource_info_type_id, value, create_user, create_date, modify_user, modify_date) VALUES (100054, 8, 'N/A', 132456, CURRENT, 132456, CURRENT);
INSERT INTO resource_info (resource_id, resource_info_type_id, value, create_user, create_date, modify_user, modify_date) VALUES (100054, 6, '01.26.2013 03:23 PM', 132456, CURRENT, 132456, CURRENT);
INSERT INTO resource_info (resource_id, resource_info_type_id, value, create_user, create_date, modify_user, modify_date) VALUES (100055, 1, '132458', 132456, CURRENT, 132456, CURRENT);
INSERT INTO resource_info (resource_id, resource_info_type_id, value, create_user, create_date, modify_user, modify_date) VALUES (100055, 2, 'user', 132456, CURRENT, 132456, CURRENT);
INSERT INTO resource_info (resource_id, resource_info_type_id, value, create_user, create_date, modify_user, modify_date) VALUES (100055, 8, 'N/A', 132456, CURRENT, 132456, CURRENT);
INSERT INTO resource_info (resource_id, resource_info_type_id, value, create_user, create_date, modify_user, modify_date) VALUES (100055, 6, '01.26.2013 03:24 PM', 132456, CURRENT, 132456, CURRENT);
INSERT INTO resource_info (resource_id, resource_info_type_id, value, create_user, create_date, modify_user, modify_date) VALUES (100056, 1, '132458', 132456, CURRENT, 132456, CURRENT);
INSERT INTO resource_info (resource_id, resource_info_type_id, value, create_user, create_date, modify_user, modify_date) VALUES (100056, 2, 'user', 132456, CURRENT, 132456, CURRENT);
INSERT INTO resource_info (resource_id, resource_info_type_id, value, create_user, create_date, modify_user, modify_date) VALUES (100056, 8, 'N/A', 132456, CURRENT, 132456, CURRENT);
INSERT INTO resource_info (resource_id, resource_info_type_id, value, create_user, create_date, modify_user, modify_date) VALUES (100056, 6, '01.26.2013 03:25 PM', 132456, CURRENT, 132456, CURRENT);
INSERT INTO project_info (project_id, project_info_type_id, value, create_user, create_date, modify_user, modify_date) VALUES (100015, 1, '100015', 132456, CURRENT, 132456, CURRENT);
INSERT INTO project_info (project_id, project_info_type_id, value, create_user, create_date, modify_user, modify_date) VALUES (100015, 2, '100015', 132456, CURRENT, 132456, CURRENT);
INSERT INTO project_info (project_id, project_info_type_id, value, create_user, create_date, modify_user, modify_date) VALUES (100015, 3, '100015', 132456, CURRENT, 132456, CURRENT);
INSERT INTO project_info (project_id, project_info_type_id, value, create_user, create_date, modify_user, modify_date) VALUES (100015, 4, '100016', 132456, CURRENT, 132456, CURRENT);
INSERT INTO project_info (project_id, project_info_type_id, value, create_user, create_date, modify_user, modify_date) VALUES (100015, 5, '5801776', 132456, CURRENT, 132456, CURRENT);
INSERT INTO project_info (project_id, project_info_type_id, value, create_user, create_date, modify_user, modify_date) VALUES (100015, 6, 'Client 100001 Billing Account 1 Project 1 Design Contest 15', 132456, CURRENT, 132456, CURRENT);
INSERT INTO project_info (project_id, project_info_type_id, value, create_user, create_date, modify_user, modify_date) VALUES (100015, 7, '1.0', 132456, CURRENT, 132456, CURRENT);
INSERT INTO project_info (project_id, project_info_type_id, value, create_user, create_date, modify_user, modify_date) VALUES (100015, 8, '', 132456, CURRENT, 132456, CURRENT);
INSERT INTO project_info (project_id, project_info_type_id, value, create_user, create_date, modify_user, modify_date) VALUES (100015, 11, 'On', 132456, CURRENT, 132456, CURRENT);
INSERT INTO project_info (project_id, project_info_type_id, value, create_user, create_date, modify_user, modify_date) VALUES (100015, 9, 'Off', 132456, CURRENT, 132456, CURRENT);
INSERT INTO project_info (project_id, project_info_type_id, value, create_user, create_date, modify_user, modify_date) VALUES (100015, 10, 'On', 132456, CURRENT, 132456, CURRENT);
INSERT INTO project_info (project_id, project_info_type_id, value, create_user, create_date, modify_user, modify_date) VALUES (100015, 12, 'Yes', 132456, CURRENT, 132456, CURRENT);
INSERT INTO project_info (project_id, project_info_type_id, value, create_user, create_date, modify_user, modify_date) VALUES (100015, 13, 'Yes', 132456, CURRENT, 132456, CURRENT);
INSERT INTO project_info (project_id, project_info_type_id, value, create_user, create_date, modify_user, modify_date) VALUES (100015, 14, 'Open', 132456, CURRENT, 132456, CURRENT);
INSERT INTO project_info (project_id, project_info_type_id, value, create_user, create_date, modify_user, modify_date) VALUES (100015, 16, '1200.0', 132456, CURRENT, 132456, CURRENT);
INSERT INTO project_info (project_id, project_info_type_id, value, create_user, create_date, modify_user, modify_date) VALUES (100015, 17, '', 132456, CURRENT, 132456, CURRENT);
INSERT INTO project_info (project_id, project_info_type_id, value, create_user, create_date, modify_user, modify_date) VALUES (100015, 26, 'On', 132456, CURRENT, 132456, CURRENT);
INSERT INTO project_info (project_id, project_info_type_id, value, create_user, create_date, modify_user, modify_date) VALUES (100015, 30, '540.0', 132456, CURRENT, 132456, CURRENT);
INSERT INTO project_info (project_id, project_info_type_id, value, create_user, create_date, modify_user, modify_date) VALUES (100015, 31, '6001.0', 132456, CURRENT, 132456, CURRENT);
INSERT INTO project_info (project_id, project_info_type_id, value, create_user, create_date, modify_user, modify_date) VALUES (100015, 33, '761.0', 132456, CURRENT, 132456, CURRENT);
INSERT INTO project_info (project_id, project_info_type_id, value, create_user, create_date, modify_user, modify_date) VALUES (100015, 35, '30.0', 132456, CURRENT, 132456, CURRENT);
INSERT INTO project_info (project_id, project_info_type_id, value, create_user, create_date, modify_user, modify_date) VALUES (100015, 36, '1200.0', 132456, CURRENT, 132456, CURRENT);
INSERT INTO project_info (project_id, project_info_type_id, value, create_user, create_date, modify_user, modify_date) VALUES (100015, 37, '600.0', 132456, CURRENT, 132456, CURRENT);
INSERT INTO project_info (project_id, project_info_type_id, value, create_user, create_date, modify_user, modify_date) VALUES (100015, 45, 'true', 132456, CURRENT, 132456, CURRENT);
INSERT INTO project_info (project_id, project_info_type_id, value, create_user, create_date, modify_user, modify_date) VALUES (100015, 47, 'true', 132456, CURRENT, 132456, CURRENT);
INSERT INTO project_info (project_id, project_info_type_id, value, create_user, create_date, modify_user, modify_date) VALUES (100015, 38, '380.0', 132456, CURRENT, 132456, CURRENT);
INSERT INTO project_info (project_id, project_info_type_id, value, create_user, create_date, modify_user, modify_date) VALUES (100015, 39, '0.0', 132456, CURRENT, 132456, CURRENT);
INSERT INTO project_info (project_id, project_info_type_id, value, create_user, create_date, modify_user, modify_date) VALUES (100015, 40, 'C', 132456, CURRENT, 132456, CURRENT);
INSERT INTO project_info (project_id, project_info_type_id, value, create_user, create_date, modify_user, modify_date) VALUES (100015, 32, '100001', 132456, CURRENT, 132456, CURRENT);
INSERT INTO project_info (project_id, project_info_type_id, value, create_user, create_date, modify_user, modify_date) VALUES (100015, 41, 'true', 132456, CURRENT, 132456, CURRENT);
INSERT INTO project_info (project_id, project_info_type_id, value, create_user, create_date, modify_user, modify_date) VALUES (100015, 43, 'true', 132456, CURRENT, 132456, CURRENT);
INSERT INTO project_info (project_id, project_info_type_id, value, create_user, create_date, modify_user, modify_date) VALUES (100015, 44, 'false', 132456, CURRENT, 132456, CURRENT);
INSERT INTO project_info (project_id, project_info_type_id, value, create_user, create_date, modify_user, modify_date) VALUES (100015, 46, 'true', 132456, CURRENT, 132456, CURRENT);
INSERT INTO project_info (project_id, project_info_type_id, value, create_user, create_date, modify_user, modify_date) VALUES (100015, 48, 'true', 132456, CURRENT, 132456, CURRENT);
INSERT INTO project_info (project_id, project_info_type_id, value, create_user, create_date, modify_user, modify_date) VALUES (100015, 21, '02.03.2013 03:21 MSK', 132456, CURRENT, 132456, CURRENT);
INSERT INTO project_info (project_id, project_info_type_id, value, create_user, create_date, modify_user, modify_date) VALUES (100015, 49, '500', 132456, CURRENT, 132456, CURRENT);
INSERT INTO project_info (project_id, project_info_type_id, value, create_user, create_date, modify_user, modify_date) VALUES (100015, 59, 'true', 132456, CURRENT, 132456, CURRENT);
INSERT INTO resource (resource_id, resource_role_id, project_id, project_phase_id, create_user, create_date, modify_user, modify_date) VALUES (100057, 13, 100015, NULL, 132456, CURRENT, 132456, CURRENT);
INSERT INTO resource (resource_id, resource_role_id, project_id, project_phase_id, create_user, create_date, modify_user, modify_date) VALUES (100058, 13, 100015, NULL, 132456, CURRENT, 132456, CURRENT);
INSERT INTO resource (resource_id, resource_role_id, project_id, project_phase_id, create_user, create_date, modify_user, modify_date) VALUES (100059, 14, 100015, NULL, 132456, CURRENT, 132456, CURRENT);
INSERT INTO resource (resource_id, resource_role_id, project_id, project_phase_id, create_user, create_date, modify_user, modify_date) VALUES (100060, 10, 100015, NULL, 132456, CURRENT, 132456, CURRENT);
INSERT INTO resource_info (resource_id, resource_info_type_id, value, create_user, create_date, modify_user, modify_date) VALUES (100057, 1, '132456', 132456, CURRENT, 132456, CURRENT);
INSERT INTO resource_info (resource_id, resource_info_type_id, value, create_user, create_date, modify_user, modify_date) VALUES (100057, 2, 'heffan', 132456, CURRENT, 132456, CURRENT);
INSERT INTO resource_info (resource_id, resource_info_type_id, value, create_user, create_date, modify_user, modify_date) VALUES (100057, 8, 'N/A', 132456, CURRENT, 132456, CURRENT);
INSERT INTO resource_info (resource_id, resource_info_type_id, value, create_user, create_date, modify_user, modify_date) VALUES (100057, 6, '01.26.2013 03:22 PM', 132456, CURRENT, 132456, CURRENT);
INSERT INTO resource_info (resource_id, resource_info_type_id, value, create_user, create_date, modify_user, modify_date) VALUES (100058, 1, '22719217', 132456, CURRENT, 132456, CURRENT);
INSERT INTO resource_info (resource_id, resource_info_type_id, value, create_user, create_date, modify_user, modify_date) VALUES (100058, 2, 'Components', 132456, CURRENT, 132456, CURRENT);
INSERT INTO resource_info (resource_id, resource_info_type_id, value, create_user, create_date, modify_user, modify_date) VALUES (100058, 8, 'N/A', 132456, CURRENT, 132456, CURRENT);
INSERT INTO resource_info (resource_id, resource_info_type_id, value, create_user, create_date, modify_user, modify_date) VALUES (100058, 6, '01.26.2013 03:23 PM', 132456, CURRENT, 132456, CURRENT);
INSERT INTO resource_info (resource_id, resource_info_type_id, value, create_user, create_date, modify_user, modify_date) VALUES (100059, 1, '132458', 132456, CURRENT, 132456, CURRENT);
INSERT INTO resource_info (resource_id, resource_info_type_id, value, create_user, create_date, modify_user, modify_date) VALUES (100059, 2, 'user', 132456, CURRENT, 132456, CURRENT);
INSERT INTO resource_info (resource_id, resource_info_type_id, value, create_user, create_date, modify_user, modify_date) VALUES (100059, 8, 'N/A', 132456, CURRENT, 132456, CURRENT);
INSERT INTO resource_info (resource_id, resource_info_type_id, value, create_user, create_date, modify_user, modify_date) VALUES (100059, 6, '01.26.2013 03:24 PM', 132456, CURRENT, 132456, CURRENT);
INSERT INTO resource_info (resource_id, resource_info_type_id, value, create_user, create_date, modify_user, modify_date) VALUES (100060, 1, '132458', 132456, CURRENT, 132456, CURRENT);
INSERT INTO resource_info (resource_id, resource_info_type_id, value, create_user, create_date, modify_user, modify_date) VALUES (100060, 2, 'user', 132456, CURRENT, 132456, CURRENT);
INSERT INTO resource_info (resource_id, resource_info_type_id, value, create_user, create_date, modify_user, modify_date) VALUES (100060, 8, 'N/A', 132456, CURRENT, 132456, CURRENT);
INSERT INTO resource_info (resource_id, resource_info_type_id, value, create_user, create_date, modify_user, modify_date) VALUES (100060, 6, '01.26.2013 03:25 PM', 132456, CURRENT, 132456, CURRENT);
INSERT INTO project_info (project_id, project_info_type_id, value, create_user, create_date, modify_user, modify_date) VALUES (100016, 1, '100016', 132456, CURRENT, 132456, CURRENT);
INSERT INTO project_info (project_id, project_info_type_id, value, create_user, create_date, modify_user, modify_date) VALUES (100016, 2, '100016', 132456, CURRENT, 132456, CURRENT);
INSERT INTO project_info (project_id, project_info_type_id, value, create_user, create_date, modify_user, modify_date) VALUES (100016, 3, '100016', 132456, CURRENT, 132456, CURRENT);
INSERT INTO project_info (project_id, project_info_type_id, value, create_user, create_date, modify_user, modify_date) VALUES (100016, 4, '100017', 132456, CURRENT, 132456, CURRENT);
INSERT INTO project_info (project_id, project_info_type_id, value, create_user, create_date, modify_user, modify_date) VALUES (100016, 5, '27202905', 132456, CURRENT, 132456, CURRENT);
INSERT INTO project_info (project_id, project_info_type_id, value, create_user, create_date, modify_user, modify_date) VALUES (100016, 6, 'Client 100001 Billing Account 1 Project 1 Module Assembly Contest 16', 132456, CURRENT, 132456, CURRENT);
INSERT INTO project_info (project_id, project_info_type_id, value, create_user, create_date, modify_user, modify_date) VALUES (100016, 7, '1.0', 132456, CURRENT, 132456, CURRENT);
INSERT INTO project_info (project_id, project_info_type_id, value, create_user, create_date, modify_user, modify_date) VALUES (100016, 8, '', 132456, CURRENT, 132456, CURRENT);
INSERT INTO project_info (project_id, project_info_type_id, value, create_user, create_date, modify_user, modify_date) VALUES (100016, 11, 'On', 132456, CURRENT, 132456, CURRENT);
INSERT INTO project_info (project_id, project_info_type_id, value, create_user, create_date, modify_user, modify_date) VALUES (100016, 9, 'Off', 132456, CURRENT, 132456, CURRENT);
INSERT INTO project_info (project_id, project_info_type_id, value, create_user, create_date, modify_user, modify_date) VALUES (100016, 10, 'On', 132456, CURRENT, 132456, CURRENT);
INSERT INTO project_info (project_id, project_info_type_id, value, create_user, create_date, modify_user, modify_date) VALUES (100016, 12, 'Yes', 132456, CURRENT, 132456, CURRENT);
INSERT INTO project_info (project_id, project_info_type_id, value, create_user, create_date, modify_user, modify_date) VALUES (100016, 13, 'Yes', 132456, CURRENT, 132456, CURRENT);
INSERT INTO project_info (project_id, project_info_type_id, value, create_user, create_date, modify_user, modify_date) VALUES (100016, 14, 'Open', 132456, CURRENT, 132456, CURRENT);
INSERT INTO project_info (project_id, project_info_type_id, value, create_user, create_date, modify_user, modify_date) VALUES (100016, 16, '1200.0', 132456, CURRENT, 132456, CURRENT);
INSERT INTO project_info (project_id, project_info_type_id, value, create_user, create_date, modify_user, modify_date) VALUES (100016, 17, '', 132456, CURRENT, 132456, CURRENT);
INSERT INTO project_info (project_id, project_info_type_id, value, create_user, create_date, modify_user, modify_date) VALUES (100016, 26, 'On', 132456, CURRENT, 132456, CURRENT);
INSERT INTO project_info (project_id, project_info_type_id, value, create_user, create_date, modify_user, modify_date) VALUES (100016, 30, '540.0', 132456, CURRENT, 132456, CURRENT);
INSERT INTO project_info (project_id, project_info_type_id, value, create_user, create_date, modify_user, modify_date) VALUES (100016, 31, '6001.0', 132456, CURRENT, 132456, CURRENT);
INSERT INTO project_info (project_id, project_info_type_id, value, create_user, create_date, modify_user, modify_date) VALUES (100016, 33, '761.0', 132456, CURRENT, 132456, CURRENT);
INSERT INTO project_info (project_id, project_info_type_id, value, create_user, create_date, modify_user, modify_date) VALUES (100016, 35, '30.0', 132456, CURRENT, 132456, CURRENT);
INSERT INTO project_info (project_id, project_info_type_id, value, create_user, create_date, modify_user, modify_date) VALUES (100016, 36, '1200.0', 132456, CURRENT, 132456, CURRENT);
INSERT INTO project_info (project_id, project_info_type_id, value, create_user, create_date, modify_user, modify_date) VALUES (100016, 37, '600.0', 132456, CURRENT, 132456, CURRENT);
INSERT INTO project_info (project_id, project_info_type_id, value, create_user, create_date, modify_user, modify_date) VALUES (100016, 45, 'true', 132456, CURRENT, 132456, CURRENT);
INSERT INTO project_info (project_id, project_info_type_id, value, create_user, create_date, modify_user, modify_date) VALUES (100016, 47, 'true', 132456, CURRENT, 132456, CURRENT);
INSERT INTO project_info (project_id, project_info_type_id, value, create_user, create_date, modify_user, modify_date) VALUES (100016, 38, '380.0', 132456, CURRENT, 132456, CURRENT);
INSERT INTO project_info (project_id, project_info_type_id, value, create_user, create_date, modify_user, modify_date) VALUES (100016, 39, '0.0', 132456, CURRENT, 132456, CURRENT);
INSERT INTO project_info (project_id, project_info_type_id, value, create_user, create_date, modify_user, modify_date) VALUES (100016, 40, 'C', 132456, CURRENT, 132456, CURRENT);
INSERT INTO project_info (project_id, project_info_type_id, value, create_user, create_date, modify_user, modify_date) VALUES (100016, 32, '100001', 132456, CURRENT, 132456, CURRENT);
INSERT INTO project_info (project_id, project_info_type_id, value, create_user, create_date, modify_user, modify_date) VALUES (100016, 41, 'true', 132456, CURRENT, 132456, CURRENT);
INSERT INTO project_info (project_id, project_info_type_id, value, create_user, create_date, modify_user, modify_date) VALUES (100016, 43, 'true', 132456, CURRENT, 132456, CURRENT);
INSERT INTO project_info (project_id, project_info_type_id, value, create_user, create_date, modify_user, modify_date) VALUES (100016, 44, 'false', 132456, CURRENT, 132456, CURRENT);
INSERT INTO project_info (project_id, project_info_type_id, value, create_user, create_date, modify_user, modify_date) VALUES (100016, 46, 'true', 132456, CURRENT, 132456, CURRENT);
INSERT INTO project_info (project_id, project_info_type_id, value, create_user, create_date, modify_user, modify_date) VALUES (100016, 48, 'true', 132456, CURRENT, 132456, CURRENT);
INSERT INTO project_info (project_id, project_info_type_id, value, create_user, create_date, modify_user, modify_date) VALUES (100016, 21, '02.03.2013 03:21 MSK', 132456, CURRENT, 132456, CURRENT);
INSERT INTO project_info (project_id, project_info_type_id, value, create_user, create_date, modify_user, modify_date) VALUES (100016, 49, '500', 132456, CURRENT, 132456, CURRENT);
INSERT INTO project_info (project_id, project_info_type_id, value, create_user, create_date, modify_user, modify_date) VALUES (100016, 59, 'true', 132456, CURRENT, 132456, CURRENT);
INSERT INTO resource (resource_id, resource_role_id, project_id, project_phase_id, create_user, create_date, modify_user, modify_date) VALUES (100061, 13, 100016, NULL, 132456, CURRENT, 132456, CURRENT);
INSERT INTO resource (resource_id, resource_role_id, project_id, project_phase_id, create_user, create_date, modify_user, modify_date) VALUES (100062, 13, 100016, NULL, 132456, CURRENT, 132456, CURRENT);
INSERT INTO resource (resource_id, resource_role_id, project_id, project_phase_id, create_user, create_date, modify_user, modify_date) VALUES (100063, 14, 100016, NULL, 132456, CURRENT, 132456, CURRENT);
INSERT INTO resource (resource_id, resource_role_id, project_id, project_phase_id, create_user, create_date, modify_user, modify_date) VALUES (100064, 10, 100016, NULL, 132456, CURRENT, 132456, CURRENT);
INSERT INTO resource_info (resource_id, resource_info_type_id, value, create_user, create_date, modify_user, modify_date) VALUES (100061, 1, '132456', 132456, CURRENT, 132456, CURRENT);
INSERT INTO resource_info (resource_id, resource_info_type_id, value, create_user, create_date, modify_user, modify_date) VALUES (100061, 2, 'heffan', 132456, CURRENT, 132456, CURRENT);
INSERT INTO resource_info (resource_id, resource_info_type_id, value, create_user, create_date, modify_user, modify_date) VALUES (100061, 8, 'N/A', 132456, CURRENT, 132456, CURRENT);
INSERT INTO resource_info (resource_id, resource_info_type_id, value, create_user, create_date, modify_user, modify_date) VALUES (100061, 6, '01.26.2013 03:22 PM', 132456, CURRENT, 132456, CURRENT);
INSERT INTO resource_info (resource_id, resource_info_type_id, value, create_user, create_date, modify_user, modify_date) VALUES (100062, 1, '22770213', 132456, CURRENT, 132456, CURRENT);
INSERT INTO resource_info (resource_id, resource_info_type_id, value, create_user, create_date, modify_user, modify_date) VALUES (100062, 2, 'Applications', 132456, CURRENT, 132456, CURRENT);
INSERT INTO resource_info (resource_id, resource_info_type_id, value, create_user, create_date, modify_user, modify_date) VALUES (100062, 8, 'N/A', 132456, CURRENT, 132456, CURRENT);
INSERT INTO resource_info (resource_id, resource_info_type_id, value, create_user, create_date, modify_user, modify_date) VALUES (100062, 6, '01.26.2013 03:23 PM', 132456, CURRENT, 132456, CURRENT);
INSERT INTO resource_info (resource_id, resource_info_type_id, value, create_user, create_date, modify_user, modify_date) VALUES (100063, 1, '132458', 132456, CURRENT, 132456, CURRENT);
INSERT INTO resource_info (resource_id, resource_info_type_id, value, create_user, create_date, modify_user, modify_date) VALUES (100063, 2, 'user', 132456, CURRENT, 132456, CURRENT);
INSERT INTO resource_info (resource_id, resource_info_type_id, value, create_user, create_date, modify_user, modify_date) VALUES (100063, 8, 'N/A', 132456, CURRENT, 132456, CURRENT);
INSERT INTO resource_info (resource_id, resource_info_type_id, value, create_user, create_date, modify_user, modify_date) VALUES (100063, 6, '01.26.2013 03:24 PM', 132456, CURRENT, 132456, CURRENT);
INSERT INTO resource_info (resource_id, resource_info_type_id, value, create_user, create_date, modify_user, modify_date) VALUES (100064, 1, '132458', 132456, CURRENT, 132456, CURRENT);
INSERT INTO resource_info (resource_id, resource_info_type_id, value, create_user, create_date, modify_user, modify_date) VALUES (100064, 2, 'user', 132456, CURRENT, 132456, CURRENT);
INSERT INTO resource_info (resource_id, resource_info_type_id, value, create_user, create_date, modify_user, modify_date) VALUES (100064, 8, 'N/A', 132456, CURRENT, 132456, CURRENT);
INSERT INTO resource_info (resource_id, resource_info_type_id, value, create_user, create_date, modify_user, modify_date) VALUES (100064, 6, '01.26.2013 03:25 PM', 132456, CURRENT, 132456, CURRENT);
INSERT INTO project_info (project_id, project_info_type_id, value, create_user, create_date, modify_user, modify_date) VALUES (100017, 1, '100017', 132456, CURRENT, 132456, CURRENT);
INSERT INTO project_info (project_id, project_info_type_id, value, create_user, create_date, modify_user, modify_date) VALUES (100017, 2, '100017', 132456, CURRENT, 132456, CURRENT);
INSERT INTO project_info (project_id, project_info_type_id, value, create_user, create_date, modify_user, modify_date) VALUES (100017, 3, '100017', 132456, CURRENT, 132456, CURRENT);
INSERT INTO project_info (project_id, project_info_type_id, value, create_user, create_date, modify_user, modify_date) VALUES (100017, 4, '100018', 132456, CURRENT, 132456, CURRENT);
INSERT INTO project_info (project_id, project_info_type_id, value, create_user, create_date, modify_user, modify_date) VALUES (100017, 5, '27202911', 132456, CURRENT, 132456, CURRENT);
INSERT INTO project_info (project_id, project_info_type_id, value, create_user, create_date, modify_user, modify_date) VALUES (100017, 6, 'Client 100001 Billing Account 1 Project 1 Development Contest 17', 132456, CURRENT, 132456, CURRENT);
INSERT INTO project_info (project_id, project_info_type_id, value, create_user, create_date, modify_user, modify_date) VALUES (100017, 7, '1.0', 132456, CURRENT, 132456, CURRENT);
INSERT INTO project_info (project_id, project_info_type_id, value, create_user, create_date, modify_user, modify_date) VALUES (100017, 8, '', 132456, CURRENT, 132456, CURRENT);
INSERT INTO project_info (project_id, project_info_type_id, value, create_user, create_date, modify_user, modify_date) VALUES (100017, 11, 'On', 132456, CURRENT, 132456, CURRENT);
INSERT INTO project_info (project_id, project_info_type_id, value, create_user, create_date, modify_user, modify_date) VALUES (100017, 9, 'Off', 132456, CURRENT, 132456, CURRENT);
INSERT INTO project_info (project_id, project_info_type_id, value, create_user, create_date, modify_user, modify_date) VALUES (100017, 10, 'On', 132456, CURRENT, 132456, CURRENT);
INSERT INTO project_info (project_id, project_info_type_id, value, create_user, create_date, modify_user, modify_date) VALUES (100017, 12, 'Yes', 132456, CURRENT, 132456, CURRENT);
INSERT INTO project_info (project_id, project_info_type_id, value, create_user, create_date, modify_user, modify_date) VALUES (100017, 13, 'Yes', 132456, CURRENT, 132456, CURRENT);
INSERT INTO project_info (project_id, project_info_type_id, value, create_user, create_date, modify_user, modify_date) VALUES (100017, 14, 'Open', 132456, CURRENT, 132456, CURRENT);
INSERT INTO project_info (project_id, project_info_type_id, value, create_user, create_date, modify_user, modify_date) VALUES (100017, 16, '1200.0', 132456, CURRENT, 132456, CURRENT);
INSERT INTO project_info (project_id, project_info_type_id, value, create_user, create_date, modify_user, modify_date) VALUES (100017, 17, '', 132456, CURRENT, 132456, CURRENT);
INSERT INTO project_info (project_id, project_info_type_id, value, create_user, create_date, modify_user, modify_date) VALUES (100017, 26, 'On', 132456, CURRENT, 132456, CURRENT);
INSERT INTO project_info (project_id, project_info_type_id, value, create_user, create_date, modify_user, modify_date) VALUES (100017, 30, '540.0', 132456, CURRENT, 132456, CURRENT);
INSERT INTO project_info (project_id, project_info_type_id, value, create_user, create_date, modify_user, modify_date) VALUES (100017, 31, '6001.0', 132456, CURRENT, 132456, CURRENT);
INSERT INTO project_info (project_id, project_info_type_id, value, create_user, create_date, modify_user, modify_date) VALUES (100017, 33, '761.0', 132456, CURRENT, 132456, CURRENT);
INSERT INTO project_info (project_id, project_info_type_id, value, create_user, create_date, modify_user, modify_date) VALUES (100017, 35, '30.0', 132456, CURRENT, 132456, CURRENT);
INSERT INTO project_info (project_id, project_info_type_id, value, create_user, create_date, modify_user, modify_date) VALUES (100017, 36, '1200.0', 132456, CURRENT, 132456, CURRENT);
INSERT INTO project_info (project_id, project_info_type_id, value, create_user, create_date, modify_user, modify_date) VALUES (100017, 37, '600.0', 132456, CURRENT, 132456, CURRENT);
INSERT INTO project_info (project_id, project_info_type_id, value, create_user, create_date, modify_user, modify_date) VALUES (100017, 45, 'true', 132456, CURRENT, 132456, CURRENT);
INSERT INTO project_info (project_id, project_info_type_id, value, create_user, create_date, modify_user, modify_date) VALUES (100017, 47, 'true', 132456, CURRENT, 132456, CURRENT);
INSERT INTO project_info (project_id, project_info_type_id, value, create_user, create_date, modify_user, modify_date) VALUES (100017, 38, '380.0', 132456, CURRENT, 132456, CURRENT);
INSERT INTO project_info (project_id, project_info_type_id, value, create_user, create_date, modify_user, modify_date) VALUES (100017, 39, '0.0', 132456, CURRENT, 132456, CURRENT);
INSERT INTO project_info (project_id, project_info_type_id, value, create_user, create_date, modify_user, modify_date) VALUES (100017, 40, 'C', 132456, CURRENT, 132456, CURRENT);
INSERT INTO project_info (project_id, project_info_type_id, value, create_user, create_date, modify_user, modify_date) VALUES (100017, 32, '100001', 132456, CURRENT, 132456, CURRENT);
INSERT INTO project_info (project_id, project_info_type_id, value, create_user, create_date, modify_user, modify_date) VALUES (100017, 41, 'true', 132456, CURRENT, 132456, CURRENT);
INSERT INTO project_info (project_id, project_info_type_id, value, create_user, create_date, modify_user, modify_date) VALUES (100017, 43, 'true', 132456, CURRENT, 132456, CURRENT);
INSERT INTO project_info (project_id, project_info_type_id, value, create_user, create_date, modify_user, modify_date) VALUES (100017, 44, 'false', 132456, CURRENT, 132456, CURRENT);
INSERT INTO project_info (project_id, project_info_type_id, value, create_user, create_date, modify_user, modify_date) VALUES (100017, 46, 'true', 132456, CURRENT, 132456, CURRENT);
INSERT INTO project_info (project_id, project_info_type_id, value, create_user, create_date, modify_user, modify_date) VALUES (100017, 48, 'true', 132456, CURRENT, 132456, CURRENT);
INSERT INTO project_info (project_id, project_info_type_id, value, create_user, create_date, modify_user, modify_date) VALUES (100017, 21, '02.06.2013 15:21 MSK', 132456, CURRENT, 132456, CURRENT);
INSERT INTO project_info (project_id, project_info_type_id, value, create_user, create_date, modify_user, modify_date) VALUES (100017, 49, '500', 132456, CURRENT, 132456, CURRENT);
INSERT INTO project_info (project_id, project_info_type_id, value, create_user, create_date, modify_user, modify_date) VALUES (100017, 59, 'true', 132456, CURRENT, 132456, CURRENT);
INSERT INTO resource (resource_id, resource_role_id, project_id, project_phase_id, create_user, create_date, modify_user, modify_date) VALUES (100065, 13, 100017, NULL, 132456, CURRENT, 132456, CURRENT);
INSERT INTO resource (resource_id, resource_role_id, project_id, project_phase_id, create_user, create_date, modify_user, modify_date) VALUES (100066, 13, 100017, NULL, 132456, CURRENT, 132456, CURRENT);
INSERT INTO resource (resource_id, resource_role_id, project_id, project_phase_id, create_user, create_date, modify_user, modify_date) VALUES (100067, 14, 100017, NULL, 132456, CURRENT, 132456, CURRENT);
INSERT INTO resource (resource_id, resource_role_id, project_id, project_phase_id, create_user, create_date, modify_user, modify_date) VALUES (100068, 10, 100017, NULL, 132456, CURRENT, 132456, CURRENT);
INSERT INTO resource_info (resource_id, resource_info_type_id, value, create_user, create_date, modify_user, modify_date) VALUES (100065, 1, '132456', 132456, CURRENT, 132456, CURRENT);
INSERT INTO resource_info (resource_id, resource_info_type_id, value, create_user, create_date, modify_user, modify_date) VALUES (100065, 2, 'heffan', 132456, CURRENT, 132456, CURRENT);
INSERT INTO resource_info (resource_id, resource_info_type_id, value, create_user, create_date, modify_user, modify_date) VALUES (100065, 8, 'N/A', 132456, CURRENT, 132456, CURRENT);
INSERT INTO resource_info (resource_id, resource_info_type_id, value, create_user, create_date, modify_user, modify_date) VALUES (100065, 6, '01.26.2013 03:22 PM', 132456, CURRENT, 132456, CURRENT);
INSERT INTO resource_info (resource_id, resource_info_type_id, value, create_user, create_date, modify_user, modify_date) VALUES (100066, 1, '22719217', 132456, CURRENT, 132456, CURRENT);
INSERT INTO resource_info (resource_id, resource_info_type_id, value, create_user, create_date, modify_user, modify_date) VALUES (100066, 2, 'Components', 132456, CURRENT, 132456, CURRENT);
INSERT INTO resource_info (resource_id, resource_info_type_id, value, create_user, create_date, modify_user, modify_date) VALUES (100066, 8, 'N/A', 132456, CURRENT, 132456, CURRENT);
INSERT INTO resource_info (resource_id, resource_info_type_id, value, create_user, create_date, modify_user, modify_date) VALUES (100066, 6, '01.26.2013 03:23 PM', 132456, CURRENT, 132456, CURRENT);
INSERT INTO resource_info (resource_id, resource_info_type_id, value, create_user, create_date, modify_user, modify_date) VALUES (100067, 1, '132458', 132456, CURRENT, 132456, CURRENT);
INSERT INTO resource_info (resource_id, resource_info_type_id, value, create_user, create_date, modify_user, modify_date) VALUES (100067, 2, 'user', 132456, CURRENT, 132456, CURRENT);
INSERT INTO resource_info (resource_id, resource_info_type_id, value, create_user, create_date, modify_user, modify_date) VALUES (100067, 8, 'N/A', 132456, CURRENT, 132456, CURRENT);
INSERT INTO resource_info (resource_id, resource_info_type_id, value, create_user, create_date, modify_user, modify_date) VALUES (100067, 6, '01.26.2013 03:24 PM', 132456, CURRENT, 132456, CURRENT);
INSERT INTO resource_info (resource_id, resource_info_type_id, value, create_user, create_date, modify_user, modify_date) VALUES (100068, 1, '132458', 132456, CURRENT, 132456, CURRENT);
INSERT INTO resource_info (resource_id, resource_info_type_id, value, create_user, create_date, modify_user, modify_date) VALUES (100068, 2, 'user', 132456, CURRENT, 132456, CURRENT);
INSERT INTO resource_info (resource_id, resource_info_type_id, value, create_user, create_date, modify_user, modify_date) VALUES (100068, 8, 'N/A', 132456, CURRENT, 132456, CURRENT);
INSERT INTO resource_info (resource_id, resource_info_type_id, value, create_user, create_date, modify_user, modify_date) VALUES (100068, 6, '01.26.2013 03:25 PM', 132456, CURRENT, 132456, CURRENT);
INSERT INTO project_info (project_id, project_info_type_id, value, create_user, create_date, modify_user, modify_date) VALUES (100018, 1, '100018', 132456, CURRENT, 132456, CURRENT);
INSERT INTO project_info (project_id, project_info_type_id, value, create_user, create_date, modify_user, modify_date) VALUES (100018, 2, '100018', 132456, CURRENT, 132456, CURRENT);
INSERT INTO project_info (project_id, project_info_type_id, value, create_user, create_date, modify_user, modify_date) VALUES (100018, 3, '100018', 132456, CURRENT, 132456, CURRENT);
INSERT INTO project_info (project_id, project_info_type_id, value, create_user, create_date, modify_user, modify_date) VALUES (100018, 4, '100019', 132456, CURRENT, 132456, CURRENT);
INSERT INTO project_info (project_id, project_info_type_id, value, create_user, create_date, modify_user, modify_date) VALUES (100018, 5, '9926572', 132456, CURRENT, 132456, CURRENT);
INSERT INTO project_info (project_id, project_info_type_id, value, create_user, create_date, modify_user, modify_date) VALUES (100018, 6, 'Client 100001 Billing Account 1 Project 1 Development Contest 18', 132456, CURRENT, 132456, CURRENT);
INSERT INTO project_info (project_id, project_info_type_id, value, create_user, create_date, modify_user, modify_date) VALUES (100018, 7, '1.0', 132456, CURRENT, 132456, CURRENT);
INSERT INTO project_info (project_id, project_info_type_id, value, create_user, create_date, modify_user, modify_date) VALUES (100018, 8, '', 132456, CURRENT, 132456, CURRENT);
INSERT INTO project_info (project_id, project_info_type_id, value, create_user, create_date, modify_user, modify_date) VALUES (100018, 11, 'On', 132456, CURRENT, 132456, CURRENT);
INSERT INTO project_info (project_id, project_info_type_id, value, create_user, create_date, modify_user, modify_date) VALUES (100018, 9, 'Off', 132456, CURRENT, 132456, CURRENT);
INSERT INTO project_info (project_id, project_info_type_id, value, create_user, create_date, modify_user, modify_date) VALUES (100018, 10, 'On', 132456, CURRENT, 132456, CURRENT);
INSERT INTO project_info (project_id, project_info_type_id, value, create_user, create_date, modify_user, modify_date) VALUES (100018, 12, 'Yes', 132456, CURRENT, 132456, CURRENT);
INSERT INTO project_info (project_id, project_info_type_id, value, create_user, create_date, modify_user, modify_date) VALUES (100018, 13, 'Yes', 132456, CURRENT, 132456, CURRENT);
INSERT INTO project_info (project_id, project_info_type_id, value, create_user, create_date, modify_user, modify_date) VALUES (100018, 14, 'Open', 132456, CURRENT, 132456, CURRENT);
INSERT INTO project_info (project_id, project_info_type_id, value, create_user, create_date, modify_user, modify_date) VALUES (100018, 16, '800.0', 132456, CURRENT, 132456, CURRENT);
INSERT INTO project_info (project_id, project_info_type_id, value, create_user, create_date, modify_user, modify_date) VALUES (100018, 17, '', 132456, CURRENT, 132456, CURRENT);
INSERT INTO project_info (project_id, project_info_type_id, value, create_user, create_date, modify_user, modify_date) VALUES (100018, 26, 'On', 132456, CURRENT, 132456, CURRENT);
INSERT INTO project_info (project_id, project_info_type_id, value, create_user, create_date, modify_user, modify_date) VALUES (100018, 30, '360.0', 132456, CURRENT, 132456, CURRENT);
INSERT INTO project_info (project_id, project_info_type_id, value, create_user, create_date, modify_user, modify_date) VALUES (100018, 31, '6001.0', 132456, CURRENT, 132456, CURRENT);
INSERT INTO project_info (project_id, project_info_type_id, value, create_user, create_date, modify_user, modify_date) VALUES (100018, 33, '605.0', 132456, CURRENT, 132456, CURRENT);
INSERT INTO project_info (project_id, project_info_type_id, value, create_user, create_date, modify_user, modify_date) VALUES (100018, 35, '30.0', 132456, CURRENT, 132456, CURRENT);
INSERT INTO project_info (project_id, project_info_type_id, value, create_user, create_date, modify_user, modify_date) VALUES (100018, 36, '800.0', 132456, CURRENT, 132456, CURRENT);
INSERT INTO project_info (project_id, project_info_type_id, value, create_user, create_date, modify_user, modify_date) VALUES (100018, 37, '400.0', 132456, CURRENT, 132456, CURRENT);
INSERT INTO project_info (project_id, project_info_type_id, value, create_user, create_date, modify_user, modify_date) VALUES (100018, 45, 'true', 132456, CURRENT, 132456, CURRENT);
INSERT INTO project_info (project_id, project_info_type_id, value, create_user, create_date, modify_user, modify_date) VALUES (100018, 47, 'true', 132456, CURRENT, 132456, CURRENT);
INSERT INTO project_info (project_id, project_info_type_id, value, create_user, create_date, modify_user, modify_date) VALUES (100018, 38, '240.0', 132456, CURRENT, 132456, CURRENT);
INSERT INTO project_info (project_id, project_info_type_id, value, create_user, create_date, modify_user, modify_date) VALUES (100018, 39, '0.0', 132456, CURRENT, 132456, CURRENT);
INSERT INTO project_info (project_id, project_info_type_id, value, create_user, create_date, modify_user, modify_date) VALUES (100018, 40, 'A', 132456, CURRENT, 132456, CURRENT);
INSERT INTO project_info (project_id, project_info_type_id, value, create_user, create_date, modify_user, modify_date) VALUES (100018, 32, '100001', 132456, CURRENT, 132456, CURRENT);
INSERT INTO project_info (project_id, project_info_type_id, value, create_user, create_date, modify_user, modify_date) VALUES (100018, 41, 'true', 132456, CURRENT, 132456, CURRENT);
INSERT INTO project_info (project_id, project_info_type_id, value, create_user, create_date, modify_user, modify_date) VALUES (100018, 43, 'true', 132456, CURRENT, 132456, CURRENT);
INSERT INTO project_info (project_id, project_info_type_id, value, create_user, create_date, modify_user, modify_date) VALUES (100018, 44, 'false', 132456, CURRENT, 132456, CURRENT);
INSERT INTO project_info (project_id, project_info_type_id, value, create_user, create_date, modify_user, modify_date) VALUES (100018, 46, 'true', 132456, CURRENT, 132456, CURRENT);
INSERT INTO project_info (project_id, project_info_type_id, value, create_user, create_date, modify_user, modify_date) VALUES (100018, 48, 'true', 132456, CURRENT, 132456, CURRENT);
INSERT INTO project_info (project_id, project_info_type_id, value, create_user, create_date, modify_user, modify_date) VALUES (100018, 21, '02.03.2013 03:21 MSK', 132456, CURRENT, 132456, CURRENT);
INSERT INTO project_info (project_id, project_info_type_id, value, create_user, create_date, modify_user, modify_date) VALUES (100018, 49, '500', 132456, CURRENT, 132456, CURRENT);
INSERT INTO project_info (project_id, project_info_type_id, value, create_user, create_date, modify_user, modify_date) VALUES (100018, 59, 'true', 132456, CURRENT, 132456, CURRENT);
INSERT INTO resource (resource_id, resource_role_id, project_id, project_phase_id, create_user, create_date, modify_user, modify_date) VALUES (100069, 13, 100018, NULL, 132456, CURRENT, 132456, CURRENT);
INSERT INTO resource (resource_id, resource_role_id, project_id, project_phase_id, create_user, create_date, modify_user, modify_date) VALUES (100070, 13, 100018, NULL, 132456, CURRENT, 132456, CURRENT);
INSERT INTO resource (resource_id, resource_role_id, project_id, project_phase_id, create_user, create_date, modify_user, modify_date) VALUES (100071, 14, 100018, NULL, 132456, CURRENT, 132456, CURRENT);
INSERT INTO resource (resource_id, resource_role_id, project_id, project_phase_id, create_user, create_date, modify_user, modify_date) VALUES (100072, 10, 100018, NULL, 132456, CURRENT, 132456, CURRENT);
INSERT INTO resource_info (resource_id, resource_info_type_id, value, create_user, create_date, modify_user, modify_date) VALUES (100069, 1, '132456', 132456, CURRENT, 132456, CURRENT);
INSERT INTO resource_info (resource_id, resource_info_type_id, value, create_user, create_date, modify_user, modify_date) VALUES (100069, 2, 'heffan', 132456, CURRENT, 132456, CURRENT);
INSERT INTO resource_info (resource_id, resource_info_type_id, value, create_user, create_date, modify_user, modify_date) VALUES (100069, 8, 'N/A', 132456, CURRENT, 132456, CURRENT);
INSERT INTO resource_info (resource_id, resource_info_type_id, value, create_user, create_date, modify_user, modify_date) VALUES (100069, 6, '01.26.2013 03:22 PM', 132456, CURRENT, 132456, CURRENT);
INSERT INTO resource_info (resource_id, resource_info_type_id, value, create_user, create_date, modify_user, modify_date) VALUES (100070, 1, '22719217', 132456, CURRENT, 132456, CURRENT);
INSERT INTO resource_info (resource_id, resource_info_type_id, value, create_user, create_date, modify_user, modify_date) VALUES (100070, 2, 'Components', 132456, CURRENT, 132456, CURRENT);
INSERT INTO resource_info (resource_id, resource_info_type_id, value, create_user, create_date, modify_user, modify_date) VALUES (100070, 8, 'N/A', 132456, CURRENT, 132456, CURRENT);
INSERT INTO resource_info (resource_id, resource_info_type_id, value, create_user, create_date, modify_user, modify_date) VALUES (100070, 6, '01.26.2013 03:23 PM', 132456, CURRENT, 132456, CURRENT);
INSERT INTO resource_info (resource_id, resource_info_type_id, value, create_user, create_date, modify_user, modify_date) VALUES (100071, 1, '132458', 132456, CURRENT, 132456, CURRENT);
INSERT INTO resource_info (resource_id, resource_info_type_id, value, create_user, create_date, modify_user, modify_date) VALUES (100071, 2, 'user', 132456, CURRENT, 132456, CURRENT);
INSERT INTO resource_info (resource_id, resource_info_type_id, value, create_user, create_date, modify_user, modify_date) VALUES (100071, 8, 'N/A', 132456, CURRENT, 132456, CURRENT);
INSERT INTO resource_info (resource_id, resource_info_type_id, value, create_user, create_date, modify_user, modify_date) VALUES (100071, 6, '01.26.2013 03:24 PM', 132456, CURRENT, 132456, CURRENT);
INSERT INTO resource_info (resource_id, resource_info_type_id, value, create_user, create_date, modify_user, modify_date) VALUES (100072, 1, '132458', 132456, CURRENT, 132456, CURRENT);
INSERT INTO resource_info (resource_id, resource_info_type_id, value, create_user, create_date, modify_user, modify_date) VALUES (100072, 2, 'user', 132456, CURRENT, 132456, CURRENT);
INSERT INTO resource_info (resource_id, resource_info_type_id, value, create_user, create_date, modify_user, modify_date) VALUES (100072, 8, 'N/A', 132456, CURRENT, 132456, CURRENT);
INSERT INTO resource_info (resource_id, resource_info_type_id, value, create_user, create_date, modify_user, modify_date) VALUES (100072, 6, '01.26.2013 03:25 PM', 132456, CURRENT, 132456, CURRENT);
INSERT INTO project_info (project_id, project_info_type_id, value, create_user, create_date, modify_user, modify_date) VALUES (100019, 1, '100019', 132456, CURRENT, 132456, CURRENT);
INSERT INTO project_info (project_id, project_info_type_id, value, create_user, create_date, modify_user, modify_date) VALUES (100019, 2, '100019', 132456, CURRENT, 132456, CURRENT);
INSERT INTO project_info (project_id, project_info_type_id, value, create_user, create_date, modify_user, modify_date) VALUES (100019, 3, '100019', 132456, CURRENT, 132456, CURRENT);
INSERT INTO project_info (project_id, project_info_type_id, value, create_user, create_date, modify_user, modify_date) VALUES (100019, 4, '100020', 132456, CURRENT, 132456, CURRENT);
INSERT INTO project_info (project_id, project_info_type_id, value, create_user, create_date, modify_user, modify_date) VALUES (100019, 5, '27202907', 132456, CURRENT, 132456, CURRENT);
INSERT INTO project_info (project_id, project_info_type_id, value, create_user, create_date, modify_user, modify_date) VALUES (100019, 6, 'Client 100001 Billing Account 1 Project 1 Module Assembly Contest 19', 132456, CURRENT, 132456, CURRENT);
INSERT INTO project_info (project_id, project_info_type_id, value, create_user, create_date, modify_user, modify_date) VALUES (100019, 7, '1.0', 132456, CURRENT, 132456, CURRENT);
INSERT INTO project_info (project_id, project_info_type_id, value, create_user, create_date, modify_user, modify_date) VALUES (100019, 8, '', 132456, CURRENT, 132456, CURRENT);
INSERT INTO project_info (project_id, project_info_type_id, value, create_user, create_date, modify_user, modify_date) VALUES (100019, 11, 'On', 132456, CURRENT, 132456, CURRENT);
INSERT INTO project_info (project_id, project_info_type_id, value, create_user, create_date, modify_user, modify_date) VALUES (100019, 9, 'Off', 132456, CURRENT, 132456, CURRENT);
INSERT INTO project_info (project_id, project_info_type_id, value, create_user, create_date, modify_user, modify_date) VALUES (100019, 10, 'On', 132456, CURRENT, 132456, CURRENT);
INSERT INTO project_info (project_id, project_info_type_id, value, create_user, create_date, modify_user, modify_date) VALUES (100019, 12, 'Yes', 132456, CURRENT, 132456, CURRENT);
INSERT INTO project_info (project_id, project_info_type_id, value, create_user, create_date, modify_user, modify_date) VALUES (100019, 13, 'Yes', 132456, CURRENT, 132456, CURRENT);
INSERT INTO project_info (project_id, project_info_type_id, value, create_user, create_date, modify_user, modify_date) VALUES (100019, 14, 'Open', 132456, CURRENT, 132456, CURRENT);
INSERT INTO project_info (project_id, project_info_type_id, value, create_user, create_date, modify_user, modify_date) VALUES (100019, 16, '1000.0', 132456, CURRENT, 132456, CURRENT);
INSERT INTO project_info (project_id, project_info_type_id, value, create_user, create_date, modify_user, modify_date) VALUES (100019, 17, '', 132456, CURRENT, 132456, CURRENT);
INSERT INTO project_info (project_id, project_info_type_id, value, create_user, create_date, modify_user, modify_date) VALUES (100019, 26, 'On', 132456, CURRENT, 132456, CURRENT);
INSERT INTO project_info (project_id, project_info_type_id, value, create_user, create_date, modify_user, modify_date) VALUES (100019, 30, '450.0', 132456, CURRENT, 132456, CURRENT);
INSERT INTO project_info (project_id, project_info_type_id, value, create_user, create_date, modify_user, modify_date) VALUES (100019, 31, '6001.0', 132456, CURRENT, 132456, CURRENT);
INSERT INTO project_info (project_id, project_info_type_id, value, create_user, create_date, modify_user, modify_date) VALUES (100019, 33, '683.0', 132456, CURRENT, 132456, CURRENT);
INSERT INTO project_info (project_id, project_info_type_id, value, create_user, create_date, modify_user, modify_date) VALUES (100019, 35, '30.0', 132456, CURRENT, 132456, CURRENT);
INSERT INTO project_info (project_id, project_info_type_id, value, create_user, create_date, modify_user, modify_date) VALUES (100019, 36, '1000.0', 132456, CURRENT, 132456, CURRENT);
INSERT INTO project_info (project_id, project_info_type_id, value, create_user, create_date, modify_user, modify_date) VALUES (100019, 37, '500.0', 132456, CURRENT, 132456, CURRENT);
INSERT INTO project_info (project_id, project_info_type_id, value, create_user, create_date, modify_user, modify_date) VALUES (100019, 45, 'true', 132456, CURRENT, 132456, CURRENT);
INSERT INTO project_info (project_id, project_info_type_id, value, create_user, create_date, modify_user, modify_date) VALUES (100019, 47, 'true', 132456, CURRENT, 132456, CURRENT);
INSERT INTO project_info (project_id, project_info_type_id, value, create_user, create_date, modify_user, modify_date) VALUES (100019, 38, '300.0', 132456, CURRENT, 132456, CURRENT);
INSERT INTO project_info (project_id, project_info_type_id, value, create_user, create_date, modify_user, modify_date) VALUES (100019, 39, '0.0', 132456, CURRENT, 132456, CURRENT);
INSERT INTO project_info (project_id, project_info_type_id, value, create_user, create_date, modify_user, modify_date) VALUES (100019, 40, 'B', 132456, CURRENT, 132456, CURRENT);
INSERT INTO project_info (project_id, project_info_type_id, value, create_user, create_date, modify_user, modify_date) VALUES (100019, 32, '100001', 132456, CURRENT, 132456, CURRENT);
INSERT INTO project_info (project_id, project_info_type_id, value, create_user, create_date, modify_user, modify_date) VALUES (100019, 41, 'true', 132456, CURRENT, 132456, CURRENT);
INSERT INTO project_info (project_id, project_info_type_id, value, create_user, create_date, modify_user, modify_date) VALUES (100019, 43, 'true', 132456, CURRENT, 132456, CURRENT);
INSERT INTO project_info (project_id, project_info_type_id, value, create_user, create_date, modify_user, modify_date) VALUES (100019, 44, 'false', 132456, CURRENT, 132456, CURRENT);
INSERT INTO project_info (project_id, project_info_type_id, value, create_user, create_date, modify_user, modify_date) VALUES (100019, 46, 'true', 132456, CURRENT, 132456, CURRENT);
INSERT INTO project_info (project_id, project_info_type_id, value, create_user, create_date, modify_user, modify_date) VALUES (100019, 48, 'true', 132456, CURRENT, 132456, CURRENT);
INSERT INTO project_info (project_id, project_info_type_id, value, create_user, create_date, modify_user, modify_date) VALUES (100019, 21, '02.07.2013 03:21 MSK', 132456, CURRENT, 132456, CURRENT);
INSERT INTO project_info (project_id, project_info_type_id, value, create_user, create_date, modify_user, modify_date) VALUES (100019, 49, '500', 132456, CURRENT, 132456, CURRENT);
INSERT INTO project_info (project_id, project_info_type_id, value, create_user, create_date, modify_user, modify_date) VALUES (100019, 59, 'true', 132456, CURRENT, 132456, CURRENT);
INSERT INTO resource (resource_id, resource_role_id, project_id, project_phase_id, create_user, create_date, modify_user, modify_date) VALUES (100073, 13, 100019, NULL, 132456, CURRENT, 132456, CURRENT);
INSERT INTO resource (resource_id, resource_role_id, project_id, project_phase_id, create_user, create_date, modify_user, modify_date) VALUES (100074, 13, 100019, NULL, 132456, CURRENT, 132456, CURRENT);
INSERT INTO resource (resource_id, resource_role_id, project_id, project_phase_id, create_user, create_date, modify_user, modify_date) VALUES (100075, 14, 100019, NULL, 132456, CURRENT, 132456, CURRENT);
INSERT INTO resource (resource_id, resource_role_id, project_id, project_phase_id, create_user, create_date, modify_user, modify_date) VALUES (100076, 10, 100019, NULL, 132456, CURRENT, 132456, CURRENT);
INSERT INTO resource_info (resource_id, resource_info_type_id, value, create_user, create_date, modify_user, modify_date) VALUES (100073, 1, '132456', 132456, CURRENT, 132456, CURRENT);
INSERT INTO resource_info (resource_id, resource_info_type_id, value, create_user, create_date, modify_user, modify_date) VALUES (100073, 2, 'heffan', 132456, CURRENT, 132456, CURRENT);
INSERT INTO resource_info (resource_id, resource_info_type_id, value, create_user, create_date, modify_user, modify_date) VALUES (100073, 8, 'N/A', 132456, CURRENT, 132456, CURRENT);
INSERT INTO resource_info (resource_id, resource_info_type_id, value, create_user, create_date, modify_user, modify_date) VALUES (100073, 6, '01.26.2013 03:22 PM', 132456, CURRENT, 132456, CURRENT);
INSERT INTO resource_info (resource_id, resource_info_type_id, value, create_user, create_date, modify_user, modify_date) VALUES (100074, 1, '22770213', 132456, CURRENT, 132456, CURRENT);
INSERT INTO resource_info (resource_id, resource_info_type_id, value, create_user, create_date, modify_user, modify_date) VALUES (100074, 2, 'Applications', 132456, CURRENT, 132456, CURRENT);
INSERT INTO resource_info (resource_id, resource_info_type_id, value, create_user, create_date, modify_user, modify_date) VALUES (100074, 8, 'N/A', 132456, CURRENT, 132456, CURRENT);
INSERT INTO resource_info (resource_id, resource_info_type_id, value, create_user, create_date, modify_user, modify_date) VALUES (100074, 6, '01.26.2013 03:23 PM', 132456, CURRENT, 132456, CURRENT);
INSERT INTO resource_info (resource_id, resource_info_type_id, value, create_user, create_date, modify_user, modify_date) VALUES (100075, 1, '132458', 132456, CURRENT, 132456, CURRENT);
INSERT INTO resource_info (resource_id, resource_info_type_id, value, create_user, create_date, modify_user, modify_date) VALUES (100075, 2, 'user', 132456, CURRENT, 132456, CURRENT);
INSERT INTO resource_info (resource_id, resource_info_type_id, value, create_user, create_date, modify_user, modify_date) VALUES (100075, 8, 'N/A', 132456, CURRENT, 132456, CURRENT);
INSERT INTO resource_info (resource_id, resource_info_type_id, value, create_user, create_date, modify_user, modify_date) VALUES (100075, 6, '01.26.2013 03:24 PM', 132456, CURRENT, 132456, CURRENT);
INSERT INTO resource_info (resource_id, resource_info_type_id, value, create_user, create_date, modify_user, modify_date) VALUES (100076, 1, '132458', 132456, CURRENT, 132456, CURRENT);
INSERT INTO resource_info (resource_id, resource_info_type_id, value, create_user, create_date, modify_user, modify_date) VALUES (100076, 2, 'user', 132456, CURRENT, 132456, CURRENT);
INSERT INTO resource_info (resource_id, resource_info_type_id, value, create_user, create_date, modify_user, modify_date) VALUES (100076, 8, 'N/A', 132456, CURRENT, 132456, CURRENT);
INSERT INTO resource_info (resource_id, resource_info_type_id, value, create_user, create_date, modify_user, modify_date) VALUES (100076, 6, '01.26.2013 03:25 PM', 132456, CURRENT, 132456, CURRENT);
INSERT INTO project_info (project_id, project_info_type_id, value, create_user, create_date, modify_user, modify_date) VALUES (100020, 1, '100020', 132456, CURRENT, 132456, CURRENT);
INSERT INTO project_info (project_id, project_info_type_id, value, create_user, create_date, modify_user, modify_date) VALUES (100020, 2, '100020', 132456, CURRENT, 132456, CURRENT);
INSERT INTO project_info (project_id, project_info_type_id, value, create_user, create_date, modify_user, modify_date) VALUES (100020, 3, '100020', 132456, CURRENT, 132456, CURRENT);
INSERT INTO project_info (project_id, project_info_type_id, value, create_user, create_date, modify_user, modify_date) VALUES (100020, 4, '100021', 132456, CURRENT, 132456, CURRENT);
INSERT INTO project_info (project_id, project_info_type_id, value, create_user, create_date, modify_user, modify_date) VALUES (100020, 5, '27202911', 132456, CURRENT, 132456, CURRENT);
INSERT INTO project_info (project_id, project_info_type_id, value, create_user, create_date, modify_user, modify_date) VALUES (100020, 6, 'Client 100001 Billing Account 1 Project 1 Design Contest 20', 132456, CURRENT, 132456, CURRENT);
INSERT INTO project_info (project_id, project_info_type_id, value, create_user, create_date, modify_user, modify_date) VALUES (100020, 7, '1.0', 132456, CURRENT, 132456, CURRENT);
INSERT INTO project_info (project_id, project_info_type_id, value, create_user, create_date, modify_user, modify_date) VALUES (100020, 8, '', 132456, CURRENT, 132456, CURRENT);
INSERT INTO project_info (project_id, project_info_type_id, value, create_user, create_date, modify_user, modify_date) VALUES (100020, 11, 'On', 132456, CURRENT, 132456, CURRENT);
INSERT INTO project_info (project_id, project_info_type_id, value, create_user, create_date, modify_user, modify_date) VALUES (100020, 9, 'Off', 132456, CURRENT, 132456, CURRENT);
INSERT INTO project_info (project_id, project_info_type_id, value, create_user, create_date, modify_user, modify_date) VALUES (100020, 10, 'On', 132456, CURRENT, 132456, CURRENT);
INSERT INTO project_info (project_id, project_info_type_id, value, create_user, create_date, modify_user, modify_date) VALUES (100020, 12, 'Yes', 132456, CURRENT, 132456, CURRENT);
INSERT INTO project_info (project_id, project_info_type_id, value, create_user, create_date, modify_user, modify_date) VALUES (100020, 13, 'Yes', 132456, CURRENT, 132456, CURRENT);
INSERT INTO project_info (project_id, project_info_type_id, value, create_user, create_date, modify_user, modify_date) VALUES (100020, 14, 'Open', 132456, CURRENT, 132456, CURRENT);
INSERT INTO project_info (project_id, project_info_type_id, value, create_user, create_date, modify_user, modify_date) VALUES (100020, 16, '1200.0', 132456, CURRENT, 132456, CURRENT);
INSERT INTO project_info (project_id, project_info_type_id, value, create_user, create_date, modify_user, modify_date) VALUES (100020, 17, '', 132456, CURRENT, 132456, CURRENT);
INSERT INTO project_info (project_id, project_info_type_id, value, create_user, create_date, modify_user, modify_date) VALUES (100020, 26, 'On', 132456, CURRENT, 132456, CURRENT);
INSERT INTO project_info (project_id, project_info_type_id, value, create_user, create_date, modify_user, modify_date) VALUES (100020, 30, '540.0', 132456, CURRENT, 132456, CURRENT);
INSERT INTO project_info (project_id, project_info_type_id, value, create_user, create_date, modify_user, modify_date) VALUES (100020, 31, '6001.0', 132456, CURRENT, 132456, CURRENT);
INSERT INTO project_info (project_id, project_info_type_id, value, create_user, create_date, modify_user, modify_date) VALUES (100020, 33, '761.0', 132456, CURRENT, 132456, CURRENT);
INSERT INTO project_info (project_id, project_info_type_id, value, create_user, create_date, modify_user, modify_date) VALUES (100020, 35, '30.0', 132456, CURRENT, 132456, CURRENT);
INSERT INTO project_info (project_id, project_info_type_id, value, create_user, create_date, modify_user, modify_date) VALUES (100020, 36, '1200.0', 132456, CURRENT, 132456, CURRENT);
INSERT INTO project_info (project_id, project_info_type_id, value, create_user, create_date, modify_user, modify_date) VALUES (100020, 37, '600.0', 132456, CURRENT, 132456, CURRENT);
INSERT INTO project_info (project_id, project_info_type_id, value, create_user, create_date, modify_user, modify_date) VALUES (100020, 45, 'true', 132456, CURRENT, 132456, CURRENT);
INSERT INTO project_info (project_id, project_info_type_id, value, create_user, create_date, modify_user, modify_date) VALUES (100020, 47, 'true', 132456, CURRENT, 132456, CURRENT);
INSERT INTO project_info (project_id, project_info_type_id, value, create_user, create_date, modify_user, modify_date) VALUES (100020, 38, '380.0', 132456, CURRENT, 132456, CURRENT);
INSERT INTO project_info (project_id, project_info_type_id, value, create_user, create_date, modify_user, modify_date) VALUES (100020, 39, '0.0', 132456, CURRENT, 132456, CURRENT);
INSERT INTO project_info (project_id, project_info_type_id, value, create_user, create_date, modify_user, modify_date) VALUES (100020, 40, 'C', 132456, CURRENT, 132456, CURRENT);
INSERT INTO project_info (project_id, project_info_type_id, value, create_user, create_date, modify_user, modify_date) VALUES (100020, 32, '100001', 132456, CURRENT, 132456, CURRENT);
INSERT INTO project_info (project_id, project_info_type_id, value, create_user, create_date, modify_user, modify_date) VALUES (100020, 41, 'true', 132456, CURRENT, 132456, CURRENT);
INSERT INTO project_info (project_id, project_info_type_id, value, create_user, create_date, modify_user, modify_date) VALUES (100020, 43, 'true', 132456, CURRENT, 132456, CURRENT);
INSERT INTO project_info (project_id, project_info_type_id, value, create_user, create_date, modify_user, modify_date) VALUES (100020, 44, 'false', 132456, CURRENT, 132456, CURRENT);
INSERT INTO project_info (project_id, project_info_type_id, value, create_user, create_date, modify_user, modify_date) VALUES (100020, 46, 'true', 132456, CURRENT, 132456, CURRENT);
INSERT INTO project_info (project_id, project_info_type_id, value, create_user, create_date, modify_user, modify_date) VALUES (100020, 48, 'true', 132456, CURRENT, 132456, CURRENT);
INSERT INTO project_info (project_id, project_info_type_id, value, create_user, create_date, modify_user, modify_date) VALUES (100020, 21, '02.06.2013 15:21 MSK', 132456, CURRENT, 132456, CURRENT);
INSERT INTO project_info (project_id, project_info_type_id, value, create_user, create_date, modify_user, modify_date) VALUES (100020, 49, '500', 132456, CURRENT, 132456, CURRENT);
INSERT INTO project_info (project_id, project_info_type_id, value, create_user, create_date, modify_user, modify_date) VALUES (100020, 59, 'true', 132456, CURRENT, 132456, CURRENT);
INSERT INTO resource (resource_id, resource_role_id, project_id, project_phase_id, create_user, create_date, modify_user, modify_date) VALUES (100077, 13, 100020, NULL, 132456, CURRENT, 132456, CURRENT);
INSERT INTO resource (resource_id, resource_role_id, project_id, project_phase_id, create_user, create_date, modify_user, modify_date) VALUES (100078, 13, 100020, NULL, 132456, CURRENT, 132456, CURRENT);
INSERT INTO resource (resource_id, resource_role_id, project_id, project_phase_id, create_user, create_date, modify_user, modify_date) VALUES (100079, 14, 100020, NULL, 132456, CURRENT, 132456, CURRENT);
INSERT INTO resource (resource_id, resource_role_id, project_id, project_phase_id, create_user, create_date, modify_user, modify_date) VALUES (100080, 10, 100020, NULL, 132456, CURRENT, 132456, CURRENT);
INSERT INTO resource_info (resource_id, resource_info_type_id, value, create_user, create_date, modify_user, modify_date) VALUES (100077, 1, '132456', 132456, CURRENT, 132456, CURRENT);
INSERT INTO resource_info (resource_id, resource_info_type_id, value, create_user, create_date, modify_user, modify_date) VALUES (100077, 2, 'heffan', 132456, CURRENT, 132456, CURRENT);
INSERT INTO resource_info (resource_id, resource_info_type_id, value, create_user, create_date, modify_user, modify_date) VALUES (100077, 8, 'N/A', 132456, CURRENT, 132456, CURRENT);
INSERT INTO resource_info (resource_id, resource_info_type_id, value, create_user, create_date, modify_user, modify_date) VALUES (100077, 6, '01.26.2013 03:22 PM', 132456, CURRENT, 132456, CURRENT);
INSERT INTO resource_info (resource_id, resource_info_type_id, value, create_user, create_date, modify_user, modify_date) VALUES (100078, 1, '22719217', 132456, CURRENT, 132456, CURRENT);
INSERT INTO resource_info (resource_id, resource_info_type_id, value, create_user, create_date, modify_user, modify_date) VALUES (100078, 2, 'Components', 132456, CURRENT, 132456, CURRENT);
INSERT INTO resource_info (resource_id, resource_info_type_id, value, create_user, create_date, modify_user, modify_date) VALUES (100078, 8, 'N/A', 132456, CURRENT, 132456, CURRENT);
INSERT INTO resource_info (resource_id, resource_info_type_id, value, create_user, create_date, modify_user, modify_date) VALUES (100078, 6, '01.26.2013 03:23 PM', 132456, CURRENT, 132456, CURRENT);
INSERT INTO resource_info (resource_id, resource_info_type_id, value, create_user, create_date, modify_user, modify_date) VALUES (100079, 1, '132458', 132456, CURRENT, 132456, CURRENT);
INSERT INTO resource_info (resource_id, resource_info_type_id, value, create_user, create_date, modify_user, modify_date) VALUES (100079, 2, 'user', 132456, CURRENT, 132456, CURRENT);
INSERT INTO resource_info (resource_id, resource_info_type_id, value, create_user, create_date, modify_user, modify_date) VALUES (100079, 8, 'N/A', 132456, CURRENT, 132456, CURRENT);
INSERT INTO resource_info (resource_id, resource_info_type_id, value, create_user, create_date, modify_user, modify_date) VALUES (100079, 6, '01.26.2013 03:24 PM', 132456, CURRENT, 132456, CURRENT);
INSERT INTO resource_info (resource_id, resource_info_type_id, value, create_user, create_date, modify_user, modify_date) VALUES (100080, 1, '132458', 132456, CURRENT, 132456, CURRENT);
INSERT INTO resource_info (resource_id, resource_info_type_id, value, create_user, create_date, modify_user, modify_date) VALUES (100080, 2, 'user', 132456, CURRENT, 132456, CURRENT);
INSERT INTO resource_info (resource_id, resource_info_type_id, value, create_user, create_date, modify_user, modify_date) VALUES (100080, 8, 'N/A', 132456, CURRENT, 132456, CURRENT);
INSERT INTO resource_info (resource_id, resource_info_type_id, value, create_user, create_date, modify_user, modify_date) VALUES (100080, 6, '01.26.2013 03:25 PM', 132456, CURRENT, 132456, CURRENT);
INSERT INTO project_info (project_id, project_info_type_id, value, create_user, create_date, modify_user, modify_date) VALUES (100021, 1, '100021', 132456, CURRENT, 132456, CURRENT);
INSERT INTO project_info (project_id, project_info_type_id, value, create_user, create_date, modify_user, modify_date) VALUES (100021, 2, '100021', 132456, CURRENT, 132456, CURRENT);
INSERT INTO project_info (project_id, project_info_type_id, value, create_user, create_date, modify_user, modify_date) VALUES (100021, 3, '100021', 132456, CURRENT, 132456, CURRENT);
INSERT INTO project_info (project_id, project_info_type_id, value, create_user, create_date, modify_user, modify_date) VALUES (100021, 4, '100022', 132456, CURRENT, 132456, CURRENT);
INSERT INTO project_info (project_id, project_info_type_id, value, create_user, create_date, modify_user, modify_date) VALUES (100021, 5, '27202907', 132456, CURRENT, 132456, CURRENT);
INSERT INTO project_info (project_id, project_info_type_id, value, create_user, create_date, modify_user, modify_date) VALUES (100021, 6, 'Client 100001 Billing Account 1 Project 1 Design Contest 21', 132456, CURRENT, 132456, CURRENT);
INSERT INTO project_info (project_id, project_info_type_id, value, create_user, create_date, modify_user, modify_date) VALUES (100021, 7, '1.0', 132456, CURRENT, 132456, CURRENT);
INSERT INTO project_info (project_id, project_info_type_id, value, create_user, create_date, modify_user, modify_date) VALUES (100021, 8, '', 132456, CURRENT, 132456, CURRENT);
INSERT INTO project_info (project_id, project_info_type_id, value, create_user, create_date, modify_user, modify_date) VALUES (100021, 11, 'On', 132456, CURRENT, 132456, CURRENT);
INSERT INTO project_info (project_id, project_info_type_id, value, create_user, create_date, modify_user, modify_date) VALUES (100021, 9, 'Off', 132456, CURRENT, 132456, CURRENT);
INSERT INTO project_info (project_id, project_info_type_id, value, create_user, create_date, modify_user, modify_date) VALUES (100021, 10, 'On', 132456, CURRENT, 132456, CURRENT);
INSERT INTO project_info (project_id, project_info_type_id, value, create_user, create_date, modify_user, modify_date) VALUES (100021, 12, 'Yes', 132456, CURRENT, 132456, CURRENT);
INSERT INTO project_info (project_id, project_info_type_id, value, create_user, create_date, modify_user, modify_date) VALUES (100021, 13, 'Yes', 132456, CURRENT, 132456, CURRENT);
INSERT INTO project_info (project_id, project_info_type_id, value, create_user, create_date, modify_user, modify_date) VALUES (100021, 14, 'Open', 132456, CURRENT, 132456, CURRENT);
INSERT INTO project_info (project_id, project_info_type_id, value, create_user, create_date, modify_user, modify_date) VALUES (100021, 16, '800.0', 132456, CURRENT, 132456, CURRENT);
INSERT INTO project_info (project_id, project_info_type_id, value, create_user, create_date, modify_user, modify_date) VALUES (100021, 17, '', 132456, CURRENT, 132456, CURRENT);
INSERT INTO project_info (project_id, project_info_type_id, value, create_user, create_date, modify_user, modify_date) VALUES (100021, 26, 'On', 132456, CURRENT, 132456, CURRENT);
INSERT INTO project_info (project_id, project_info_type_id, value, create_user, create_date, modify_user, modify_date) VALUES (100021, 30, '360.0', 132456, CURRENT, 132456, CURRENT);
INSERT INTO project_info (project_id, project_info_type_id, value, create_user, create_date, modify_user, modify_date) VALUES (100021, 31, '6001.0', 132456, CURRENT, 132456, CURRENT);
INSERT INTO project_info (project_id, project_info_type_id, value, create_user, create_date, modify_user, modify_date) VALUES (100021, 33, '605.0', 132456, CURRENT, 132456, CURRENT);
INSERT INTO project_info (project_id, project_info_type_id, value, create_user, create_date, modify_user, modify_date) VALUES (100021, 35, '30.0', 132456, CURRENT, 132456, CURRENT);
INSERT INTO project_info (project_id, project_info_type_id, value, create_user, create_date, modify_user, modify_date) VALUES (100021, 36, '800.0', 132456, CURRENT, 132456, CURRENT);
INSERT INTO project_info (project_id, project_info_type_id, value, create_user, create_date, modify_user, modify_date) VALUES (100021, 37, '400.0', 132456, CURRENT, 132456, CURRENT);
INSERT INTO project_info (project_id, project_info_type_id, value, create_user, create_date, modify_user, modify_date) VALUES (100021, 45, 'true', 132456, CURRENT, 132456, CURRENT);
INSERT INTO project_info (project_id, project_info_type_id, value, create_user, create_date, modify_user, modify_date) VALUES (100021, 47, 'true', 132456, CURRENT, 132456, CURRENT);
INSERT INTO project_info (project_id, project_info_type_id, value, create_user, create_date, modify_user, modify_date) VALUES (100021, 38, '240.0', 132456, CURRENT, 132456, CURRENT);
INSERT INTO project_info (project_id, project_info_type_id, value, create_user, create_date, modify_user, modify_date) VALUES (100021, 39, '0.0', 132456, CURRENT, 132456, CURRENT);
INSERT INTO project_info (project_id, project_info_type_id, value, create_user, create_date, modify_user, modify_date) VALUES (100021, 40, 'A', 132456, CURRENT, 132456, CURRENT);
INSERT INTO project_info (project_id, project_info_type_id, value, create_user, create_date, modify_user, modify_date) VALUES (100021, 32, '100001', 132456, CURRENT, 132456, CURRENT);
INSERT INTO project_info (project_id, project_info_type_id, value, create_user, create_date, modify_user, modify_date) VALUES (100021, 41, 'true', 132456, CURRENT, 132456, CURRENT);
INSERT INTO project_info (project_id, project_info_type_id, value, create_user, create_date, modify_user, modify_date) VALUES (100021, 43, 'true', 132456, CURRENT, 132456, CURRENT);
INSERT INTO project_info (project_id, project_info_type_id, value, create_user, create_date, modify_user, modify_date) VALUES (100021, 44, 'false', 132456, CURRENT, 132456, CURRENT);
INSERT INTO project_info (project_id, project_info_type_id, value, create_user, create_date, modify_user, modify_date) VALUES (100021, 46, 'true', 132456, CURRENT, 132456, CURRENT);
INSERT INTO project_info (project_id, project_info_type_id, value, create_user, create_date, modify_user, modify_date) VALUES (100021, 48, 'true', 132456, CURRENT, 132456, CURRENT);
INSERT INTO project_info (project_id, project_info_type_id, value, create_user, create_date, modify_user, modify_date) VALUES (100021, 21, '02.10.2013 16:21 MSK', 132456, CURRENT, 132456, CURRENT);
INSERT INTO project_info (project_id, project_info_type_id, value, create_user, create_date, modify_user, modify_date) VALUES (100021, 49, '500', 132456, CURRENT, 132456, CURRENT);
INSERT INTO project_info (project_id, project_info_type_id, value, create_user, create_date, modify_user, modify_date) VALUES (100021, 59, 'true', 132456, CURRENT, 132456, CURRENT);
INSERT INTO resource (resource_id, resource_role_id, project_id, project_phase_id, create_user, create_date, modify_user, modify_date) VALUES (100081, 13, 100021, NULL, 132456, CURRENT, 132456, CURRENT);
INSERT INTO resource (resource_id, resource_role_id, project_id, project_phase_id, create_user, create_date, modify_user, modify_date) VALUES (100082, 13, 100021, NULL, 132456, CURRENT, 132456, CURRENT);
INSERT INTO resource (resource_id, resource_role_id, project_id, project_phase_id, create_user, create_date, modify_user, modify_date) VALUES (100083, 14, 100021, NULL, 132456, CURRENT, 132456, CURRENT);
INSERT INTO resource (resource_id, resource_role_id, project_id, project_phase_id, create_user, create_date, modify_user, modify_date) VALUES (100084, 10, 100021, NULL, 132456, CURRENT, 132456, CURRENT);
INSERT INTO resource_info (resource_id, resource_info_type_id, value, create_user, create_date, modify_user, modify_date) VALUES (100081, 1, '132456', 132456, CURRENT, 132456, CURRENT);
INSERT INTO resource_info (resource_id, resource_info_type_id, value, create_user, create_date, modify_user, modify_date) VALUES (100081, 2, 'heffan', 132456, CURRENT, 132456, CURRENT);
INSERT INTO resource_info (resource_id, resource_info_type_id, value, create_user, create_date, modify_user, modify_date) VALUES (100081, 8, 'N/A', 132456, CURRENT, 132456, CURRENT);
INSERT INTO resource_info (resource_id, resource_info_type_id, value, create_user, create_date, modify_user, modify_date) VALUES (100081, 6, '01.26.2013 03:22 PM', 132456, CURRENT, 132456, CURRENT);
INSERT INTO resource_info (resource_id, resource_info_type_id, value, create_user, create_date, modify_user, modify_date) VALUES (100082, 1, '22719217', 132456, CURRENT, 132456, CURRENT);
INSERT INTO resource_info (resource_id, resource_info_type_id, value, create_user, create_date, modify_user, modify_date) VALUES (100082, 2, 'Components', 132456, CURRENT, 132456, CURRENT);
INSERT INTO resource_info (resource_id, resource_info_type_id, value, create_user, create_date, modify_user, modify_date) VALUES (100082, 8, 'N/A', 132456, CURRENT, 132456, CURRENT);
INSERT INTO resource_info (resource_id, resource_info_type_id, value, create_user, create_date, modify_user, modify_date) VALUES (100082, 6, '01.26.2013 03:23 PM', 132456, CURRENT, 132456, CURRENT);
INSERT INTO resource_info (resource_id, resource_info_type_id, value, create_user, create_date, modify_user, modify_date) VALUES (100083, 1, '132458', 132456, CURRENT, 132456, CURRENT);
INSERT INTO resource_info (resource_id, resource_info_type_id, value, create_user, create_date, modify_user, modify_date) VALUES (100083, 2, 'user', 132456, CURRENT, 132456, CURRENT);
INSERT INTO resource_info (resource_id, resource_info_type_id, value, create_user, create_date, modify_user, modify_date) VALUES (100083, 8, 'N/A', 132456, CURRENT, 132456, CURRENT);
INSERT INTO resource_info (resource_id, resource_info_type_id, value, create_user, create_date, modify_user, modify_date) VALUES (100083, 6, '01.26.2013 03:24 PM', 132456, CURRENT, 132456, CURRENT);
INSERT INTO resource_info (resource_id, resource_info_type_id, value, create_user, create_date, modify_user, modify_date) VALUES (100084, 1, '132458', 132456, CURRENT, 132456, CURRENT);
INSERT INTO resource_info (resource_id, resource_info_type_id, value, create_user, create_date, modify_user, modify_date) VALUES (100084, 2, 'user', 132456, CURRENT, 132456, CURRENT);
INSERT INTO resource_info (resource_id, resource_info_type_id, value, create_user, create_date, modify_user, modify_date) VALUES (100084, 8, 'N/A', 132456, CURRENT, 132456, CURRENT);
INSERT INTO resource_info (resource_id, resource_info_type_id, value, create_user, create_date, modify_user, modify_date) VALUES (100084, 6, '01.26.2013 03:25 PM', 132456, CURRENT, 132456, CURRENT);
INSERT INTO project_info (project_id, project_info_type_id, value, create_user, create_date, modify_user, modify_date) VALUES (100022, 1, '100022', 132456, CURRENT, 132456, CURRENT);
INSERT INTO project_info (project_id, project_info_type_id, value, create_user, create_date, modify_user, modify_date) VALUES (100022, 2, '100022', 132456, CURRENT, 132456, CURRENT);
INSERT INTO project_info (project_id, project_info_type_id, value, create_user, create_date, modify_user, modify_date) VALUES (100022, 3, '100022', 132456, CURRENT, 132456, CURRENT);
INSERT INTO project_info (project_id, project_info_type_id, value, create_user, create_date, modify_user, modify_date) VALUES (100022, 4, '100023', 132456, CURRENT, 132456, CURRENT);
INSERT INTO project_info (project_id, project_info_type_id, value, create_user, create_date, modify_user, modify_date) VALUES (100022, 5, '5801776', 132456, CURRENT, 132456, CURRENT);
INSERT INTO project_info (project_id, project_info_type_id, value, create_user, create_date, modify_user, modify_date) VALUES (100022, 6, 'Client 100001 Billing Account 1 Project 1 Design Contest 22', 132456, CURRENT, 132456, CURRENT);
INSERT INTO project_info (project_id, project_info_type_id, value, create_user, create_date, modify_user, modify_date) VALUES (100022, 7, '1.0', 132456, CURRENT, 132456, CURRENT);
INSERT INTO project_info (project_id, project_info_type_id, value, create_user, create_date, modify_user, modify_date) VALUES (100022, 8, '', 132456, CURRENT, 132456, CURRENT);
INSERT INTO project_info (project_id, project_info_type_id, value, create_user, create_date, modify_user, modify_date) VALUES (100022, 11, 'On', 132456, CURRENT, 132456, CURRENT);
INSERT INTO project_info (project_id, project_info_type_id, value, create_user, create_date, modify_user, modify_date) VALUES (100022, 9, 'Off', 132456, CURRENT, 132456, CURRENT);
INSERT INTO project_info (project_id, project_info_type_id, value, create_user, create_date, modify_user, modify_date) VALUES (100022, 10, 'On', 132456, CURRENT, 132456, CURRENT);
INSERT INTO project_info (project_id, project_info_type_id, value, create_user, create_date, modify_user, modify_date) VALUES (100022, 12, 'Yes', 132456, CURRENT, 132456, CURRENT);
INSERT INTO project_info (project_id, project_info_type_id, value, create_user, create_date, modify_user, modify_date) VALUES (100022, 13, 'Yes', 132456, CURRENT, 132456, CURRENT);
INSERT INTO project_info (project_id, project_info_type_id, value, create_user, create_date, modify_user, modify_date) VALUES (100022, 14, 'Open', 132456, CURRENT, 132456, CURRENT);
INSERT INTO project_info (project_id, project_info_type_id, value, create_user, create_date, modify_user, modify_date) VALUES (100022, 16, '1200.0', 132456, CURRENT, 132456, CURRENT);
INSERT INTO project_info (project_id, project_info_type_id, value, create_user, create_date, modify_user, modify_date) VALUES (100022, 17, '', 132456, CURRENT, 132456, CURRENT);
INSERT INTO project_info (project_id, project_info_type_id, value, create_user, create_date, modify_user, modify_date) VALUES (100022, 26, 'On', 132456, CURRENT, 132456, CURRENT);
INSERT INTO project_info (project_id, project_info_type_id, value, create_user, create_date, modify_user, modify_date) VALUES (100022, 30, '540.0', 132456, CURRENT, 132456, CURRENT);
INSERT INTO project_info (project_id, project_info_type_id, value, create_user, create_date, modify_user, modify_date) VALUES (100022, 31, '6001.0', 132456, CURRENT, 132456, CURRENT);
INSERT INTO project_info (project_id, project_info_type_id, value, create_user, create_date, modify_user, modify_date) VALUES (100022, 33, '761.0', 132456, CURRENT, 132456, CURRENT);
INSERT INTO project_info (project_id, project_info_type_id, value, create_user, create_date, modify_user, modify_date) VALUES (100022, 35, '30.0', 132456, CURRENT, 132456, CURRENT);
INSERT INTO project_info (project_id, project_info_type_id, value, create_user, create_date, modify_user, modify_date) VALUES (100022, 36, '1200.0', 132456, CURRENT, 132456, CURRENT);
INSERT INTO project_info (project_id, project_info_type_id, value, create_user, create_date, modify_user, modify_date) VALUES (100022, 37, '600.0', 132456, CURRENT, 132456, CURRENT);
INSERT INTO project_info (project_id, project_info_type_id, value, create_user, create_date, modify_user, modify_date) VALUES (100022, 45, 'true', 132456, CURRENT, 132456, CURRENT);
INSERT INTO project_info (project_id, project_info_type_id, value, create_user, create_date, modify_user, modify_date) VALUES (100022, 47, 'true', 132456, CURRENT, 132456, CURRENT);
INSERT INTO project_info (project_id, project_info_type_id, value, create_user, create_date, modify_user, modify_date) VALUES (100022, 38, '380.0', 132456, CURRENT, 132456, CURRENT);
INSERT INTO project_info (project_id, project_info_type_id, value, create_user, create_date, modify_user, modify_date) VALUES (100022, 39, '0.0', 132456, CURRENT, 132456, CURRENT);
INSERT INTO project_info (project_id, project_info_type_id, value, create_user, create_date, modify_user, modify_date) VALUES (100022, 40, 'C', 132456, CURRENT, 132456, CURRENT);
INSERT INTO project_info (project_id, project_info_type_id, value, create_user, create_date, modify_user, modify_date) VALUES (100022, 32, '100001', 132456, CURRENT, 132456, CURRENT);
INSERT INTO project_info (project_id, project_info_type_id, value, create_user, create_date, modify_user, modify_date) VALUES (100022, 41, 'true', 132456, CURRENT, 132456, CURRENT);
INSERT INTO project_info (project_id, project_info_type_id, value, create_user, create_date, modify_user, modify_date) VALUES (100022, 43, 'true', 132456, CURRENT, 132456, CURRENT);
INSERT INTO project_info (project_id, project_info_type_id, value, create_user, create_date, modify_user, modify_date) VALUES (100022, 44, 'false', 132456, CURRENT, 132456, CURRENT);
INSERT INTO project_info (project_id, project_info_type_id, value, create_user, create_date, modify_user, modify_date) VALUES (100022, 46, 'true', 132456, CURRENT, 132456, CURRENT);
INSERT INTO project_info (project_id, project_info_type_id, value, create_user, create_date, modify_user, modify_date) VALUES (100022, 48, 'true', 132456, CURRENT, 132456, CURRENT);
INSERT INTO project_info (project_id, project_info_type_id, value, create_user, create_date, modify_user, modify_date) VALUES (100022, 21, '02.10.2013 16:21 MSK', 132456, CURRENT, 132456, CURRENT);
INSERT INTO project_info (project_id, project_info_type_id, value, create_user, create_date, modify_user, modify_date) VALUES (100022, 49, '500', 132456, CURRENT, 132456, CURRENT);
INSERT INTO project_info (project_id, project_info_type_id, value, create_user, create_date, modify_user, modify_date) VALUES (100022, 59, 'true', 132456, CURRENT, 132456, CURRENT);
INSERT INTO resource (resource_id, resource_role_id, project_id, project_phase_id, create_user, create_date, modify_user, modify_date) VALUES (100085, 13, 100022, NULL, 132456, CURRENT, 132456, CURRENT);
INSERT INTO resource (resource_id, resource_role_id, project_id, project_phase_id, create_user, create_date, modify_user, modify_date) VALUES (100086, 13, 100022, NULL, 132456, CURRENT, 132456, CURRENT);
INSERT INTO resource (resource_id, resource_role_id, project_id, project_phase_id, create_user, create_date, modify_user, modify_date) VALUES (100087, 14, 100022, NULL, 132456, CURRENT, 132456, CURRENT);
INSERT INTO resource (resource_id, resource_role_id, project_id, project_phase_id, create_user, create_date, modify_user, modify_date) VALUES (100088, 10, 100022, NULL, 132456, CURRENT, 132456, CURRENT);
INSERT INTO resource_info (resource_id, resource_info_type_id, value, create_user, create_date, modify_user, modify_date) VALUES (100085, 1, '132456', 132456, CURRENT, 132456, CURRENT);
INSERT INTO resource_info (resource_id, resource_info_type_id, value, create_user, create_date, modify_user, modify_date) VALUES (100085, 2, 'heffan', 132456, CURRENT, 132456, CURRENT);
INSERT INTO resource_info (resource_id, resource_info_type_id, value, create_user, create_date, modify_user, modify_date) VALUES (100085, 8, 'N/A', 132456, CURRENT, 132456, CURRENT);
INSERT INTO resource_info (resource_id, resource_info_type_id, value, create_user, create_date, modify_user, modify_date) VALUES (100085, 6, '01.26.2013 03:22 PM', 132456, CURRENT, 132456, CURRENT);
INSERT INTO resource_info (resource_id, resource_info_type_id, value, create_user, create_date, modify_user, modify_date) VALUES (100086, 1, '22719217', 132456, CURRENT, 132456, CURRENT);
INSERT INTO resource_info (resource_id, resource_info_type_id, value, create_user, create_date, modify_user, modify_date) VALUES (100086, 2, 'Components', 132456, CURRENT, 132456, CURRENT);
INSERT INTO resource_info (resource_id, resource_info_type_id, value, create_user, create_date, modify_user, modify_date) VALUES (100086, 8, 'N/A', 132456, CURRENT, 132456, CURRENT);
INSERT INTO resource_info (resource_id, resource_info_type_id, value, create_user, create_date, modify_user, modify_date) VALUES (100086, 6, '01.26.2013 03:23 PM', 132456, CURRENT, 132456, CURRENT);
INSERT INTO resource_info (resource_id, resource_info_type_id, value, create_user, create_date, modify_user, modify_date) VALUES (100087, 1, '132458', 132456, CURRENT, 132456, CURRENT);
INSERT INTO resource_info (resource_id, resource_info_type_id, value, create_user, create_date, modify_user, modify_date) VALUES (100087, 2, 'user', 132456, CURRENT, 132456, CURRENT);
INSERT INTO resource_info (resource_id, resource_info_type_id, value, create_user, create_date, modify_user, modify_date) VALUES (100087, 8, 'N/A', 132456, CURRENT, 132456, CURRENT);
INSERT INTO resource_info (resource_id, resource_info_type_id, value, create_user, create_date, modify_user, modify_date) VALUES (100087, 6, '01.26.2013 03:24 PM', 132456, CURRENT, 132456, CURRENT);
INSERT INTO resource_info (resource_id, resource_info_type_id, value, create_user, create_date, modify_user, modify_date) VALUES (100088, 1, '132458', 132456, CURRENT, 132456, CURRENT);
INSERT INTO resource_info (resource_id, resource_info_type_id, value, create_user, create_date, modify_user, modify_date) VALUES (100088, 2, 'user', 132456, CURRENT, 132456, CURRENT);
INSERT INTO resource_info (resource_id, resource_info_type_id, value, create_user, create_date, modify_user, modify_date) VALUES (100088, 8, 'N/A', 132456, CURRENT, 132456, CURRENT);
INSERT INTO resource_info (resource_id, resource_info_type_id, value, create_user, create_date, modify_user, modify_date) VALUES (100088, 6, '01.26.2013 03:25 PM', 132456, CURRENT, 132456, CURRENT);
INSERT INTO project_info (project_id, project_info_type_id, value, create_user, create_date, modify_user, modify_date) VALUES (100023, 1, '100023', 132456, CURRENT, 132456, CURRENT);
INSERT INTO project_info (project_id, project_info_type_id, value, create_user, create_date, modify_user, modify_date) VALUES (100023, 2, '100023', 132456, CURRENT, 132456, CURRENT);
INSERT INTO project_info (project_id, project_info_type_id, value, create_user, create_date, modify_user, modify_date) VALUES (100023, 3, '100023', 132456, CURRENT, 132456, CURRENT);
INSERT INTO project_info (project_id, project_info_type_id, value, create_user, create_date, modify_user, modify_date) VALUES (100023, 4, '100024', 132456, CURRENT, 132456, CURRENT);
INSERT INTO project_info (project_id, project_info_type_id, value, create_user, create_date, modify_user, modify_date) VALUES (100023, 5, '27202907', 132456, CURRENT, 132456, CURRENT);
INSERT INTO project_info (project_id, project_info_type_id, value, create_user, create_date, modify_user, modify_date) VALUES (100023, 6, 'Client 100001 Billing Account 1 Project 1 Development Contest 23', 132456, CURRENT, 132456, CURRENT);
INSERT INTO project_info (project_id, project_info_type_id, value, create_user, create_date, modify_user, modify_date) VALUES (100023, 7, '1.0', 132456, CURRENT, 132456, CURRENT);
INSERT INTO project_info (project_id, project_info_type_id, value, create_user, create_date, modify_user, modify_date) VALUES (100023, 8, '', 132456, CURRENT, 132456, CURRENT);
INSERT INTO project_info (project_id, project_info_type_id, value, create_user, create_date, modify_user, modify_date) VALUES (100023, 11, 'On', 132456, CURRENT, 132456, CURRENT);
INSERT INTO project_info (project_id, project_info_type_id, value, create_user, create_date, modify_user, modify_date) VALUES (100023, 9, 'Off', 132456, CURRENT, 132456, CURRENT);
INSERT INTO project_info (project_id, project_info_type_id, value, create_user, create_date, modify_user, modify_date) VALUES (100023, 10, 'On', 132456, CURRENT, 132456, CURRENT);
INSERT INTO project_info (project_id, project_info_type_id, value, create_user, create_date, modify_user, modify_date) VALUES (100023, 12, 'Yes', 132456, CURRENT, 132456, CURRENT);
INSERT INTO project_info (project_id, project_info_type_id, value, create_user, create_date, modify_user, modify_date) VALUES (100023, 13, 'Yes', 132456, CURRENT, 132456, CURRENT);
INSERT INTO project_info (project_id, project_info_type_id, value, create_user, create_date, modify_user, modify_date) VALUES (100023, 14, 'Open', 132456, CURRENT, 132456, CURRENT);
INSERT INTO project_info (project_id, project_info_type_id, value, create_user, create_date, modify_user, modify_date) VALUES (100023, 16, '800.0', 132456, CURRENT, 132456, CURRENT);
INSERT INTO project_info (project_id, project_info_type_id, value, create_user, create_date, modify_user, modify_date) VALUES (100023, 17, '', 132456, CURRENT, 132456, CURRENT);
INSERT INTO project_info (project_id, project_info_type_id, value, create_user, create_date, modify_user, modify_date) VALUES (100023, 26, 'On', 132456, CURRENT, 132456, CURRENT);
INSERT INTO project_info (project_id, project_info_type_id, value, create_user, create_date, modify_user, modify_date) VALUES (100023, 30, '360.0', 132456, CURRENT, 132456, CURRENT);
INSERT INTO project_info (project_id, project_info_type_id, value, create_user, create_date, modify_user, modify_date) VALUES (100023, 31, '6001.0', 132456, CURRENT, 132456, CURRENT);
INSERT INTO project_info (project_id, project_info_type_id, value, create_user, create_date, modify_user, modify_date) VALUES (100023, 33, '605.0', 132456, CURRENT, 132456, CURRENT);
INSERT INTO project_info (project_id, project_info_type_id, value, create_user, create_date, modify_user, modify_date) VALUES (100023, 35, '30.0', 132456, CURRENT, 132456, CURRENT);
INSERT INTO project_info (project_id, project_info_type_id, value, create_user, create_date, modify_user, modify_date) VALUES (100023, 36, '800.0', 132456, CURRENT, 132456, CURRENT);
INSERT INTO project_info (project_id, project_info_type_id, value, create_user, create_date, modify_user, modify_date) VALUES (100023, 37, '400.0', 132456, CURRENT, 132456, CURRENT);
INSERT INTO project_info (project_id, project_info_type_id, value, create_user, create_date, modify_user, modify_date) VALUES (100023, 45, 'true', 132456, CURRENT, 132456, CURRENT);
INSERT INTO project_info (project_id, project_info_type_id, value, create_user, create_date, modify_user, modify_date) VALUES (100023, 47, 'true', 132456, CURRENT, 132456, CURRENT);
INSERT INTO project_info (project_id, project_info_type_id, value, create_user, create_date, modify_user, modify_date) VALUES (100023, 38, '240.0', 132456, CURRENT, 132456, CURRENT);
INSERT INTO project_info (project_id, project_info_type_id, value, create_user, create_date, modify_user, modify_date) VALUES (100023, 39, '0.0', 132456, CURRENT, 132456, CURRENT);
INSERT INTO project_info (project_id, project_info_type_id, value, create_user, create_date, modify_user, modify_date) VALUES (100023, 40, 'A', 132456, CURRENT, 132456, CURRENT);
INSERT INTO project_info (project_id, project_info_type_id, value, create_user, create_date, modify_user, modify_date) VALUES (100023, 32, '100001', 132456, CURRENT, 132456, CURRENT);
INSERT INTO project_info (project_id, project_info_type_id, value, create_user, create_date, modify_user, modify_date) VALUES (100023, 41, 'true', 132456, CURRENT, 132456, CURRENT);
INSERT INTO project_info (project_id, project_info_type_id, value, create_user, create_date, modify_user, modify_date) VALUES (100023, 43, 'true', 132456, CURRENT, 132456, CURRENT);
INSERT INTO project_info (project_id, project_info_type_id, value, create_user, create_date, modify_user, modify_date) VALUES (100023, 44, 'false', 132456, CURRENT, 132456, CURRENT);
INSERT INTO project_info (project_id, project_info_type_id, value, create_user, create_date, modify_user, modify_date) VALUES (100023, 46, 'true', 132456, CURRENT, 132456, CURRENT);
INSERT INTO project_info (project_id, project_info_type_id, value, create_user, create_date, modify_user, modify_date) VALUES (100023, 48, 'true', 132456, CURRENT, 132456, CURRENT);
INSERT INTO project_info (project_id, project_info_type_id, value, create_user, create_date, modify_user, modify_date) VALUES (100023, 21, '02.03.2013 03:21 MSK', 132456, CURRENT, 132456, CURRENT);
INSERT INTO project_info (project_id, project_info_type_id, value, create_user, create_date, modify_user, modify_date) VALUES (100023, 49, '500', 132456, CURRENT, 132456, CURRENT);
INSERT INTO project_info (project_id, project_info_type_id, value, create_user, create_date, modify_user, modify_date) VALUES (100023, 59, 'true', 132456, CURRENT, 132456, CURRENT);
INSERT INTO resource (resource_id, resource_role_id, project_id, project_phase_id, create_user, create_date, modify_user, modify_date) VALUES (100089, 13, 100023, NULL, 132456, CURRENT, 132456, CURRENT);
INSERT INTO resource (resource_id, resource_role_id, project_id, project_phase_id, create_user, create_date, modify_user, modify_date) VALUES (100090, 13, 100023, NULL, 132456, CURRENT, 132456, CURRENT);
INSERT INTO resource (resource_id, resource_role_id, project_id, project_phase_id, create_user, create_date, modify_user, modify_date) VALUES (100091, 14, 100023, NULL, 132456, CURRENT, 132456, CURRENT);
INSERT INTO resource (resource_id, resource_role_id, project_id, project_phase_id, create_user, create_date, modify_user, modify_date) VALUES (100092, 10, 100023, NULL, 132456, CURRENT, 132456, CURRENT);
INSERT INTO resource_info (resource_id, resource_info_type_id, value, create_user, create_date, modify_user, modify_date) VALUES (100089, 1, '132456', 132456, CURRENT, 132456, CURRENT);
INSERT INTO resource_info (resource_id, resource_info_type_id, value, create_user, create_date, modify_user, modify_date) VALUES (100089, 2, 'heffan', 132456, CURRENT, 132456, CURRENT);
INSERT INTO resource_info (resource_id, resource_info_type_id, value, create_user, create_date, modify_user, modify_date) VALUES (100089, 8, 'N/A', 132456, CURRENT, 132456, CURRENT);
INSERT INTO resource_info (resource_id, resource_info_type_id, value, create_user, create_date, modify_user, modify_date) VALUES (100089, 6, '01.26.2013 03:22 PM', 132456, CURRENT, 132456, CURRENT);
INSERT INTO resource_info (resource_id, resource_info_type_id, value, create_user, create_date, modify_user, modify_date) VALUES (100090, 1, '22719217', 132456, CURRENT, 132456, CURRENT);
INSERT INTO resource_info (resource_id, resource_info_type_id, value, create_user, create_date, modify_user, modify_date) VALUES (100090, 2, 'Components', 132456, CURRENT, 132456, CURRENT);
INSERT INTO resource_info (resource_id, resource_info_type_id, value, create_user, create_date, modify_user, modify_date) VALUES (100090, 8, 'N/A', 132456, CURRENT, 132456, CURRENT);
INSERT INTO resource_info (resource_id, resource_info_type_id, value, create_user, create_date, modify_user, modify_date) VALUES (100090, 6, '01.26.2013 03:23 PM', 132456, CURRENT, 132456, CURRENT);
INSERT INTO resource_info (resource_id, resource_info_type_id, value, create_user, create_date, modify_user, modify_date) VALUES (100091, 1, '132458', 132456, CURRENT, 132456, CURRENT);
INSERT INTO resource_info (resource_id, resource_info_type_id, value, create_user, create_date, modify_user, modify_date) VALUES (100091, 2, 'user', 132456, CURRENT, 132456, CURRENT);
INSERT INTO resource_info (resource_id, resource_info_type_id, value, create_user, create_date, modify_user, modify_date) VALUES (100091, 8, 'N/A', 132456, CURRENT, 132456, CURRENT);
INSERT INTO resource_info (resource_id, resource_info_type_id, value, create_user, create_date, modify_user, modify_date) VALUES (100091, 6, '01.26.2013 03:24 PM', 132456, CURRENT, 132456, CURRENT);
INSERT INTO resource_info (resource_id, resource_info_type_id, value, create_user, create_date, modify_user, modify_date) VALUES (100092, 1, '132458', 132456, CURRENT, 132456, CURRENT);
INSERT INTO resource_info (resource_id, resource_info_type_id, value, create_user, create_date, modify_user, modify_date) VALUES (100092, 2, 'user', 132456, CURRENT, 132456, CURRENT);
INSERT INTO resource_info (resource_id, resource_info_type_id, value, create_user, create_date, modify_user, modify_date) VALUES (100092, 8, 'N/A', 132456, CURRENT, 132456, CURRENT);
INSERT INTO resource_info (resource_id, resource_info_type_id, value, create_user, create_date, modify_user, modify_date) VALUES (100092, 6, '01.26.2013 03:25 PM', 132456, CURRENT, 132456, CURRENT);
INSERT INTO project_info (project_id, project_info_type_id, value, create_user, create_date, modify_user, modify_date) VALUES (100024, 1, '100024', 132456, CURRENT, 132456, CURRENT);
INSERT INTO project_info (project_id, project_info_type_id, value, create_user, create_date, modify_user, modify_date) VALUES (100024, 2, '100024', 132456, CURRENT, 132456, CURRENT);
INSERT INTO project_info (project_id, project_info_type_id, value, create_user, create_date, modify_user, modify_date) VALUES (100024, 3, '100024', 132456, CURRENT, 132456, CURRENT);
INSERT INTO project_info (project_id, project_info_type_id, value, create_user, create_date, modify_user, modify_date) VALUES (100024, 4, '100025', 132456, CURRENT, 132456, CURRENT);
INSERT INTO project_info (project_id, project_info_type_id, value, create_user, create_date, modify_user, modify_date) VALUES (100024, 5, '5801776', 132456, CURRENT, 132456, CURRENT);
INSERT INTO project_info (project_id, project_info_type_id, value, create_user, create_date, modify_user, modify_date) VALUES (100024, 6, 'Client 100001 Billing Account 1 Project 1 Design Contest 24', 132456, CURRENT, 132456, CURRENT);
INSERT INTO project_info (project_id, project_info_type_id, value, create_user, create_date, modify_user, modify_date) VALUES (100024, 7, '1.0', 132456, CURRENT, 132456, CURRENT);
INSERT INTO project_info (project_id, project_info_type_id, value, create_user, create_date, modify_user, modify_date) VALUES (100024, 8, '', 132456, CURRENT, 132456, CURRENT);
INSERT INTO project_info (project_id, project_info_type_id, value, create_user, create_date, modify_user, modify_date) VALUES (100024, 11, 'On', 132456, CURRENT, 132456, CURRENT);
INSERT INTO project_info (project_id, project_info_type_id, value, create_user, create_date, modify_user, modify_date) VALUES (100024, 9, 'Off', 132456, CURRENT, 132456, CURRENT);
INSERT INTO project_info (project_id, project_info_type_id, value, create_user, create_date, modify_user, modify_date) VALUES (100024, 10, 'On', 132456, CURRENT, 132456, CURRENT);
INSERT INTO project_info (project_id, project_info_type_id, value, create_user, create_date, modify_user, modify_date) VALUES (100024, 12, 'Yes', 132456, CURRENT, 132456, CURRENT);
INSERT INTO project_info (project_id, project_info_type_id, value, create_user, create_date, modify_user, modify_date) VALUES (100024, 13, 'Yes', 132456, CURRENT, 132456, CURRENT);
INSERT INTO project_info (project_id, project_info_type_id, value, create_user, create_date, modify_user, modify_date) VALUES (100024, 14, 'Open', 132456, CURRENT, 132456, CURRENT);
INSERT INTO project_info (project_id, project_info_type_id, value, create_user, create_date, modify_user, modify_date) VALUES (100024, 16, '800.0', 132456, CURRENT, 132456, CURRENT);
INSERT INTO project_info (project_id, project_info_type_id, value, create_user, create_date, modify_user, modify_date) VALUES (100024, 17, '', 132456, CURRENT, 132456, CURRENT);
INSERT INTO project_info (project_id, project_info_type_id, value, create_user, create_date, modify_user, modify_date) VALUES (100024, 26, 'On', 132456, CURRENT, 132456, CURRENT);
INSERT INTO project_info (project_id, project_info_type_id, value, create_user, create_date, modify_user, modify_date) VALUES (100024, 30, '360.0', 132456, CURRENT, 132456, CURRENT);
INSERT INTO project_info (project_id, project_info_type_id, value, create_user, create_date, modify_user, modify_date) VALUES (100024, 31, '6001.0', 132456, CURRENT, 132456, CURRENT);
INSERT INTO project_info (project_id, project_info_type_id, value, create_user, create_date, modify_user, modify_date) VALUES (100024, 33, '605.0', 132456, CURRENT, 132456, CURRENT);
INSERT INTO project_info (project_id, project_info_type_id, value, create_user, create_date, modify_user, modify_date) VALUES (100024, 35, '30.0', 132456, CURRENT, 132456, CURRENT);
INSERT INTO project_info (project_id, project_info_type_id, value, create_user, create_date, modify_user, modify_date) VALUES (100024, 36, '800.0', 132456, CURRENT, 132456, CURRENT);
INSERT INTO project_info (project_id, project_info_type_id, value, create_user, create_date, modify_user, modify_date) VALUES (100024, 37, '400.0', 132456, CURRENT, 132456, CURRENT);
INSERT INTO project_info (project_id, project_info_type_id, value, create_user, create_date, modify_user, modify_date) VALUES (100024, 45, 'true', 132456, CURRENT, 132456, CURRENT);
INSERT INTO project_info (project_id, project_info_type_id, value, create_user, create_date, modify_user, modify_date) VALUES (100024, 47, 'true', 132456, CURRENT, 132456, CURRENT);
INSERT INTO project_info (project_id, project_info_type_id, value, create_user, create_date, modify_user, modify_date) VALUES (100024, 38, '240.0', 132456, CURRENT, 132456, CURRENT);
INSERT INTO project_info (project_id, project_info_type_id, value, create_user, create_date, modify_user, modify_date) VALUES (100024, 39, '0.0', 132456, CURRENT, 132456, CURRENT);
INSERT INTO project_info (project_id, project_info_type_id, value, create_user, create_date, modify_user, modify_date) VALUES (100024, 40, 'A', 132456, CURRENT, 132456, CURRENT);
INSERT INTO project_info (project_id, project_info_type_id, value, create_user, create_date, modify_user, modify_date) VALUES (100024, 32, '100001', 132456, CURRENT, 132456, CURRENT);
INSERT INTO project_info (project_id, project_info_type_id, value, create_user, create_date, modify_user, modify_date) VALUES (100024, 41, 'true', 132456, CURRENT, 132456, CURRENT);
INSERT INTO project_info (project_id, project_info_type_id, value, create_user, create_date, modify_user, modify_date) VALUES (100024, 43, 'true', 132456, CURRENT, 132456, CURRENT);
INSERT INTO project_info (project_id, project_info_type_id, value, create_user, create_date, modify_user, modify_date) VALUES (100024, 44, 'false', 132456, CURRENT, 132456, CURRENT);
INSERT INTO project_info (project_id, project_info_type_id, value, create_user, create_date, modify_user, modify_date) VALUES (100024, 46, 'true', 132456, CURRENT, 132456, CURRENT);
INSERT INTO project_info (project_id, project_info_type_id, value, create_user, create_date, modify_user, modify_date) VALUES (100024, 48, 'true', 132456, CURRENT, 132456, CURRENT);
INSERT INTO project_info (project_id, project_info_type_id, value, create_user, create_date, modify_user, modify_date) VALUES (100024, 21, '02.10.2013 16:21 MSK', 132456, CURRENT, 132456, CURRENT);
INSERT INTO project_info (project_id, project_info_type_id, value, create_user, create_date, modify_user, modify_date) VALUES (100024, 49, '500', 132456, CURRENT, 132456, CURRENT);
INSERT INTO project_info (project_id, project_info_type_id, value, create_user, create_date, modify_user, modify_date) VALUES (100024, 59, 'true', 132456, CURRENT, 132456, CURRENT);
INSERT INTO resource (resource_id, resource_role_id, project_id, project_phase_id, create_user, create_date, modify_user, modify_date) VALUES (100093, 13, 100024, NULL, 132456, CURRENT, 132456, CURRENT);
INSERT INTO resource (resource_id, resource_role_id, project_id, project_phase_id, create_user, create_date, modify_user, modify_date) VALUES (100094, 13, 100024, NULL, 132456, CURRENT, 132456, CURRENT);
INSERT INTO resource (resource_id, resource_role_id, project_id, project_phase_id, create_user, create_date, modify_user, modify_date) VALUES (100095, 14, 100024, NULL, 132456, CURRENT, 132456, CURRENT);
INSERT INTO resource (resource_id, resource_role_id, project_id, project_phase_id, create_user, create_date, modify_user, modify_date) VALUES (100096, 10, 100024, NULL, 132456, CURRENT, 132456, CURRENT);
INSERT INTO resource_info (resource_id, resource_info_type_id, value, create_user, create_date, modify_user, modify_date) VALUES (100093, 1, '132456', 132456, CURRENT, 132456, CURRENT);
INSERT INTO resource_info (resource_id, resource_info_type_id, value, create_user, create_date, modify_user, modify_date) VALUES (100093, 2, 'heffan', 132456, CURRENT, 132456, CURRENT);
INSERT INTO resource_info (resource_id, resource_info_type_id, value, create_user, create_date, modify_user, modify_date) VALUES (100093, 8, 'N/A', 132456, CURRENT, 132456, CURRENT);
INSERT INTO resource_info (resource_id, resource_info_type_id, value, create_user, create_date, modify_user, modify_date) VALUES (100093, 6, '01.26.2013 03:22 PM', 132456, CURRENT, 132456, CURRENT);
INSERT INTO resource_info (resource_id, resource_info_type_id, value, create_user, create_date, modify_user, modify_date) VALUES (100094, 1, '22719217', 132456, CURRENT, 132456, CURRENT);
INSERT INTO resource_info (resource_id, resource_info_type_id, value, create_user, create_date, modify_user, modify_date) VALUES (100094, 2, 'Components', 132456, CURRENT, 132456, CURRENT);
INSERT INTO resource_info (resource_id, resource_info_type_id, value, create_user, create_date, modify_user, modify_date) VALUES (100094, 8, 'N/A', 132456, CURRENT, 132456, CURRENT);
INSERT INTO resource_info (resource_id, resource_info_type_id, value, create_user, create_date, modify_user, modify_date) VALUES (100094, 6, '01.26.2013 03:23 PM', 132456, CURRENT, 132456, CURRENT);
INSERT INTO resource_info (resource_id, resource_info_type_id, value, create_user, create_date, modify_user, modify_date) VALUES (100095, 1, '132458', 132456, CURRENT, 132456, CURRENT);
INSERT INTO resource_info (resource_id, resource_info_type_id, value, create_user, create_date, modify_user, modify_date) VALUES (100095, 2, 'user', 132456, CURRENT, 132456, CURRENT);
INSERT INTO resource_info (resource_id, resource_info_type_id, value, create_user, create_date, modify_user, modify_date) VALUES (100095, 8, 'N/A', 132456, CURRENT, 132456, CURRENT);
INSERT INTO resource_info (resource_id, resource_info_type_id, value, create_user, create_date, modify_user, modify_date) VALUES (100095, 6, '01.26.2013 03:24 PM', 132456, CURRENT, 132456, CURRENT);
INSERT INTO resource_info (resource_id, resource_info_type_id, value, create_user, create_date, modify_user, modify_date) VALUES (100096, 1, '132458', 132456, CURRENT, 132456, CURRENT);
INSERT INTO resource_info (resource_id, resource_info_type_id, value, create_user, create_date, modify_user, modify_date) VALUES (100096, 2, 'user', 132456, CURRENT, 132456, CURRENT);
INSERT INTO resource_info (resource_id, resource_info_type_id, value, create_user, create_date, modify_user, modify_date) VALUES (100096, 8, 'N/A', 132456, CURRENT, 132456, CURRENT);
INSERT INTO resource_info (resource_id, resource_info_type_id, value, create_user, create_date, modify_user, modify_date) VALUES (100096, 6, '01.26.2013 03:25 PM', 132456, CURRENT, 132456, CURRENT);
INSERT INTO project_info (project_id, project_info_type_id, value, create_user, create_date, modify_user, modify_date) VALUES (100025, 1, '100025', 132456, CURRENT, 132456, CURRENT);
INSERT INTO project_info (project_id, project_info_type_id, value, create_user, create_date, modify_user, modify_date) VALUES (100025, 2, '100025', 132456, CURRENT, 132456, CURRENT);
INSERT INTO project_info (project_id, project_info_type_id, value, create_user, create_date, modify_user, modify_date) VALUES (100025, 3, '100025', 132456, CURRENT, 132456, CURRENT);
INSERT INTO project_info (project_id, project_info_type_id, value, create_user, create_date, modify_user, modify_date) VALUES (100025, 4, '100026', 132456, CURRENT, 132456, CURRENT);
INSERT INTO project_info (project_id, project_info_type_id, value, create_user, create_date, modify_user, modify_date) VALUES (100025, 5, '27202911', 132456, CURRENT, 132456, CURRENT);
INSERT INTO project_info (project_id, project_info_type_id, value, create_user, create_date, modify_user, modify_date) VALUES (100025, 6, 'Client 100001 Billing Account 1 Project 1 Design Contest 25', 132456, CURRENT, 132456, CURRENT);
INSERT INTO project_info (project_id, project_info_type_id, value, create_user, create_date, modify_user, modify_date) VALUES (100025, 7, '1.0', 132456, CURRENT, 132456, CURRENT);
INSERT INTO project_info (project_id, project_info_type_id, value, create_user, create_date, modify_user, modify_date) VALUES (100025, 8, '', 132456, CURRENT, 132456, CURRENT);
INSERT INTO project_info (project_id, project_info_type_id, value, create_user, create_date, modify_user, modify_date) VALUES (100025, 11, 'On', 132456, CURRENT, 132456, CURRENT);
INSERT INTO project_info (project_id, project_info_type_id, value, create_user, create_date, modify_user, modify_date) VALUES (100025, 9, 'Off', 132456, CURRENT, 132456, CURRENT);
INSERT INTO project_info (project_id, project_info_type_id, value, create_user, create_date, modify_user, modify_date) VALUES (100025, 10, 'On', 132456, CURRENT, 132456, CURRENT);
INSERT INTO project_info (project_id, project_info_type_id, value, create_user, create_date, modify_user, modify_date) VALUES (100025, 12, 'Yes', 132456, CURRENT, 132456, CURRENT);
INSERT INTO project_info (project_id, project_info_type_id, value, create_user, create_date, modify_user, modify_date) VALUES (100025, 13, 'Yes', 132456, CURRENT, 132456, CURRENT);
INSERT INTO project_info (project_id, project_info_type_id, value, create_user, create_date, modify_user, modify_date) VALUES (100025, 14, 'Open', 132456, CURRENT, 132456, CURRENT);
INSERT INTO project_info (project_id, project_info_type_id, value, create_user, create_date, modify_user, modify_date) VALUES (100025, 16, '1200.0', 132456, CURRENT, 132456, CURRENT);
INSERT INTO project_info (project_id, project_info_type_id, value, create_user, create_date, modify_user, modify_date) VALUES (100025, 17, '', 132456, CURRENT, 132456, CURRENT);
INSERT INTO project_info (project_id, project_info_type_id, value, create_user, create_date, modify_user, modify_date) VALUES (100025, 26, 'On', 132456, CURRENT, 132456, CURRENT);
INSERT INTO project_info (project_id, project_info_type_id, value, create_user, create_date, modify_user, modify_date) VALUES (100025, 30, '540.0', 132456, CURRENT, 132456, CURRENT);
INSERT INTO project_info (project_id, project_info_type_id, value, create_user, create_date, modify_user, modify_date) VALUES (100025, 31, '6001.0', 132456, CURRENT, 132456, CURRENT);
INSERT INTO project_info (project_id, project_info_type_id, value, create_user, create_date, modify_user, modify_date) VALUES (100025, 33, '761.0', 132456, CURRENT, 132456, CURRENT);
INSERT INTO project_info (project_id, project_info_type_id, value, create_user, create_date, modify_user, modify_date) VALUES (100025, 35, '30.0', 132456, CURRENT, 132456, CURRENT);
INSERT INTO project_info (project_id, project_info_type_id, value, create_user, create_date, modify_user, modify_date) VALUES (100025, 36, '1200.0', 132456, CURRENT, 132456, CURRENT);
INSERT INTO project_info (project_id, project_info_type_id, value, create_user, create_date, modify_user, modify_date) VALUES (100025, 37, '600.0', 132456, CURRENT, 132456, CURRENT);
INSERT INTO project_info (project_id, project_info_type_id, value, create_user, create_date, modify_user, modify_date) VALUES (100025, 45, 'true', 132456, CURRENT, 132456, CURRENT);
INSERT INTO project_info (project_id, project_info_type_id, value, create_user, create_date, modify_user, modify_date) VALUES (100025, 47, 'true', 132456, CURRENT, 132456, CURRENT);
INSERT INTO project_info (project_id, project_info_type_id, value, create_user, create_date, modify_user, modify_date) VALUES (100025, 38, '380.0', 132456, CURRENT, 132456, CURRENT);
INSERT INTO project_info (project_id, project_info_type_id, value, create_user, create_date, modify_user, modify_date) VALUES (100025, 39, '0.0', 132456, CURRENT, 132456, CURRENT);
INSERT INTO project_info (project_id, project_info_type_id, value, create_user, create_date, modify_user, modify_date) VALUES (100025, 40, 'C', 132456, CURRENT, 132456, CURRENT);
INSERT INTO project_info (project_id, project_info_type_id, value, create_user, create_date, modify_user, modify_date) VALUES (100025, 32, '100001', 132456, CURRENT, 132456, CURRENT);
INSERT INTO project_info (project_id, project_info_type_id, value, create_user, create_date, modify_user, modify_date) VALUES (100025, 41, 'true', 132456, CURRENT, 132456, CURRENT);
INSERT INTO project_info (project_id, project_info_type_id, value, create_user, create_date, modify_user, modify_date) VALUES (100025, 43, 'true', 132456, CURRENT, 132456, CURRENT);
INSERT INTO project_info (project_id, project_info_type_id, value, create_user, create_date, modify_user, modify_date) VALUES (100025, 44, 'false', 132456, CURRENT, 132456, CURRENT);
INSERT INTO project_info (project_id, project_info_type_id, value, create_user, create_date, modify_user, modify_date) VALUES (100025, 46, 'true', 132456, CURRENT, 132456, CURRENT);
INSERT INTO project_info (project_id, project_info_type_id, value, create_user, create_date, modify_user, modify_date) VALUES (100025, 48, 'true', 132456, CURRENT, 132456, CURRENT);
INSERT INTO project_info (project_id, project_info_type_id, value, create_user, create_date, modify_user, modify_date) VALUES (100025, 21, '02.06.2013 15:21 MSK', 132456, CURRENT, 132456, CURRENT);
INSERT INTO project_info (project_id, project_info_type_id, value, create_user, create_date, modify_user, modify_date) VALUES (100025, 49, '500', 132456, CURRENT, 132456, CURRENT);
INSERT INTO project_info (project_id, project_info_type_id, value, create_user, create_date, modify_user, modify_date) VALUES (100025, 59, 'true', 132456, CURRENT, 132456, CURRENT);
INSERT INTO resource (resource_id, resource_role_id, project_id, project_phase_id, create_user, create_date, modify_user, modify_date) VALUES (100097, 13, 100025, NULL, 132456, CURRENT, 132456, CURRENT);
INSERT INTO resource (resource_id, resource_role_id, project_id, project_phase_id, create_user, create_date, modify_user, modify_date) VALUES (100098, 13, 100025, NULL, 132456, CURRENT, 132456, CURRENT);
INSERT INTO resource (resource_id, resource_role_id, project_id, project_phase_id, create_user, create_date, modify_user, modify_date) VALUES (100099, 14, 100025, NULL, 132456, CURRENT, 132456, CURRENT);
INSERT INTO resource (resource_id, resource_role_id, project_id, project_phase_id, create_user, create_date, modify_user, modify_date) VALUES (100100, 10, 100025, NULL, 132456, CURRENT, 132456, CURRENT);
INSERT INTO resource_info (resource_id, resource_info_type_id, value, create_user, create_date, modify_user, modify_date) VALUES (100097, 1, '132456', 132456, CURRENT, 132456, CURRENT);
INSERT INTO resource_info (resource_id, resource_info_type_id, value, create_user, create_date, modify_user, modify_date) VALUES (100097, 2, 'heffan', 132456, CURRENT, 132456, CURRENT);
INSERT INTO resource_info (resource_id, resource_info_type_id, value, create_user, create_date, modify_user, modify_date) VALUES (100097, 8, 'N/A', 132456, CURRENT, 132456, CURRENT);
INSERT INTO resource_info (resource_id, resource_info_type_id, value, create_user, create_date, modify_user, modify_date) VALUES (100097, 6, '01.26.2013 03:22 PM', 132456, CURRENT, 132456, CURRENT);
INSERT INTO resource_info (resource_id, resource_info_type_id, value, create_user, create_date, modify_user, modify_date) VALUES (100098, 1, '22719217', 132456, CURRENT, 132456, CURRENT);
INSERT INTO resource_info (resource_id, resource_info_type_id, value, create_user, create_date, modify_user, modify_date) VALUES (100098, 2, 'Components', 132456, CURRENT, 132456, CURRENT);
INSERT INTO resource_info (resource_id, resource_info_type_id, value, create_user, create_date, modify_user, modify_date) VALUES (100098, 8, 'N/A', 132456, CURRENT, 132456, CURRENT);
INSERT INTO resource_info (resource_id, resource_info_type_id, value, create_user, create_date, modify_user, modify_date) VALUES (100098, 6, '01.26.2013 03:23 PM', 132456, CURRENT, 132456, CURRENT);
INSERT INTO resource_info (resource_id, resource_info_type_id, value, create_user, create_date, modify_user, modify_date) VALUES (100099, 1, '132458', 132456, CURRENT, 132456, CURRENT);
INSERT INTO resource_info (resource_id, resource_info_type_id, value, create_user, create_date, modify_user, modify_date) VALUES (100099, 2, 'user', 132456, CURRENT, 132456, CURRENT);
INSERT INTO resource_info (resource_id, resource_info_type_id, value, create_user, create_date, modify_user, modify_date) VALUES (100099, 8, 'N/A', 132456, CURRENT, 132456, CURRENT);
INSERT INTO resource_info (resource_id, resource_info_type_id, value, create_user, create_date, modify_user, modify_date) VALUES (100099, 6, '01.26.2013 03:24 PM', 132456, CURRENT, 132456, CURRENT);
INSERT INTO resource_info (resource_id, resource_info_type_id, value, create_user, create_date, modify_user, modify_date) VALUES (100100, 1, '132458', 132456, CURRENT, 132456, CURRENT);
INSERT INTO resource_info (resource_id, resource_info_type_id, value, create_user, create_date, modify_user, modify_date) VALUES (100100, 2, 'user', 132456, CURRENT, 132456, CURRENT);
INSERT INTO resource_info (resource_id, resource_info_type_id, value, create_user, create_date, modify_user, modify_date) VALUES (100100, 8, 'N/A', 132456, CURRENT, 132456, CURRENT);
INSERT INTO resource_info (resource_id, resource_info_type_id, value, create_user, create_date, modify_user, modify_date) VALUES (100100, 6, '01.26.2013 03:25 PM', 132456, CURRENT, 132456, CURRENT);
INSERT INTO project_info (project_id, project_info_type_id, value, create_user, create_date, modify_user, modify_date) VALUES (100026, 1, '100026', 132456, CURRENT, 132456, CURRENT);
INSERT INTO project_info (project_id, project_info_type_id, value, create_user, create_date, modify_user, modify_date) VALUES (100026, 2, '100026', 132456, CURRENT, 132456, CURRENT);
INSERT INTO project_info (project_id, project_info_type_id, value, create_user, create_date, modify_user, modify_date) VALUES (100026, 3, '100026', 132456, CURRENT, 132456, CURRENT);
INSERT INTO project_info (project_id, project_info_type_id, value, create_user, create_date, modify_user, modify_date) VALUES (100026, 4, '100027', 132456, CURRENT, 132456, CURRENT);
INSERT INTO project_info (project_id, project_info_type_id, value, create_user, create_date, modify_user, modify_date) VALUES (100026, 5, '26805357', 132456, CURRENT, 132456, CURRENT);
INSERT INTO project_info (project_id, project_info_type_id, value, create_user, create_date, modify_user, modify_date) VALUES (100026, 6, 'Client 100001 Billing Account 1 Project 1 Design Contest 26', 132456, CURRENT, 132456, CURRENT);
INSERT INTO project_info (project_id, project_info_type_id, value, create_user, create_date, modify_user, modify_date) VALUES (100026, 7, '1.0', 132456, CURRENT, 132456, CURRENT);
INSERT INTO project_info (project_id, project_info_type_id, value, create_user, create_date, modify_user, modify_date) VALUES (100026, 8, '', 132456, CURRENT, 132456, CURRENT);
INSERT INTO project_info (project_id, project_info_type_id, value, create_user, create_date, modify_user, modify_date) VALUES (100026, 11, 'On', 132456, CURRENT, 132456, CURRENT);
INSERT INTO project_info (project_id, project_info_type_id, value, create_user, create_date, modify_user, modify_date) VALUES (100026, 9, 'Off', 132456, CURRENT, 132456, CURRENT);
INSERT INTO project_info (project_id, project_info_type_id, value, create_user, create_date, modify_user, modify_date) VALUES (100026, 10, 'On', 132456, CURRENT, 132456, CURRENT);
INSERT INTO project_info (project_id, project_info_type_id, value, create_user, create_date, modify_user, modify_date) VALUES (100026, 12, 'Yes', 132456, CURRENT, 132456, CURRENT);
INSERT INTO project_info (project_id, project_info_type_id, value, create_user, create_date, modify_user, modify_date) VALUES (100026, 13, 'Yes', 132456, CURRENT, 132456, CURRENT);
INSERT INTO project_info (project_id, project_info_type_id, value, create_user, create_date, modify_user, modify_date) VALUES (100026, 14, 'Open', 132456, CURRENT, 132456, CURRENT);
INSERT INTO project_info (project_id, project_info_type_id, value, create_user, create_date, modify_user, modify_date) VALUES (100026, 16, '800.0', 132456, CURRENT, 132456, CURRENT);
INSERT INTO project_info (project_id, project_info_type_id, value, create_user, create_date, modify_user, modify_date) VALUES (100026, 17, '', 132456, CURRENT, 132456, CURRENT);
INSERT INTO project_info (project_id, project_info_type_id, value, create_user, create_date, modify_user, modify_date) VALUES (100026, 26, 'On', 132456, CURRENT, 132456, CURRENT);
INSERT INTO project_info (project_id, project_info_type_id, value, create_user, create_date, modify_user, modify_date) VALUES (100026, 30, '360.0', 132456, CURRENT, 132456, CURRENT);
INSERT INTO project_info (project_id, project_info_type_id, value, create_user, create_date, modify_user, modify_date) VALUES (100026, 31, '6001.0', 132456, CURRENT, 132456, CURRENT);
INSERT INTO project_info (project_id, project_info_type_id, value, create_user, create_date, modify_user, modify_date) VALUES (100026, 33, '605.0', 132456, CURRENT, 132456, CURRENT);
INSERT INTO project_info (project_id, project_info_type_id, value, create_user, create_date, modify_user, modify_date) VALUES (100026, 35, '30.0', 132456, CURRENT, 132456, CURRENT);
INSERT INTO project_info (project_id, project_info_type_id, value, create_user, create_date, modify_user, modify_date) VALUES (100026, 36, '800.0', 132456, CURRENT, 132456, CURRENT);
INSERT INTO project_info (project_id, project_info_type_id, value, create_user, create_date, modify_user, modify_date) VALUES (100026, 37, '400.0', 132456, CURRENT, 132456, CURRENT);
INSERT INTO project_info (project_id, project_info_type_id, value, create_user, create_date, modify_user, modify_date) VALUES (100026, 45, 'true', 132456, CURRENT, 132456, CURRENT);
INSERT INTO project_info (project_id, project_info_type_id, value, create_user, create_date, modify_user, modify_date) VALUES (100026, 47, 'true', 132456, CURRENT, 132456, CURRENT);
INSERT INTO project_info (project_id, project_info_type_id, value, create_user, create_date, modify_user, modify_date) VALUES (100026, 38, '240.0', 132456, CURRENT, 132456, CURRENT);
INSERT INTO project_info (project_id, project_info_type_id, value, create_user, create_date, modify_user, modify_date) VALUES (100026, 39, '0.0', 132456, CURRENT, 132456, CURRENT);
INSERT INTO project_info (project_id, project_info_type_id, value, create_user, create_date, modify_user, modify_date) VALUES (100026, 40, 'A', 132456, CURRENT, 132456, CURRENT);
INSERT INTO project_info (project_id, project_info_type_id, value, create_user, create_date, modify_user, modify_date) VALUES (100026, 32, '100001', 132456, CURRENT, 132456, CURRENT);
INSERT INTO project_info (project_id, project_info_type_id, value, create_user, create_date, modify_user, modify_date) VALUES (100026, 41, 'true', 132456, CURRENT, 132456, CURRENT);
INSERT INTO project_info (project_id, project_info_type_id, value, create_user, create_date, modify_user, modify_date) VALUES (100026, 43, 'true', 132456, CURRENT, 132456, CURRENT);
INSERT INTO project_info (project_id, project_info_type_id, value, create_user, create_date, modify_user, modify_date) VALUES (100026, 44, 'false', 132456, CURRENT, 132456, CURRENT);
INSERT INTO project_info (project_id, project_info_type_id, value, create_user, create_date, modify_user, modify_date) VALUES (100026, 46, 'true', 132456, CURRENT, 132456, CURRENT);
INSERT INTO project_info (project_id, project_info_type_id, value, create_user, create_date, modify_user, modify_date) VALUES (100026, 48, 'true', 132456, CURRENT, 132456, CURRENT);
INSERT INTO project_info (project_id, project_info_type_id, value, create_user, create_date, modify_user, modify_date) VALUES (100026, 21, '02.06.2013 15:21 MSK', 132456, CURRENT, 132456, CURRENT);
INSERT INTO project_info (project_id, project_info_type_id, value, create_user, create_date, modify_user, modify_date) VALUES (100026, 49, '500', 132456, CURRENT, 132456, CURRENT);
INSERT INTO project_info (project_id, project_info_type_id, value, create_user, create_date, modify_user, modify_date) VALUES (100026, 59, 'true', 132456, CURRENT, 132456, CURRENT);
INSERT INTO resource (resource_id, resource_role_id, project_id, project_phase_id, create_user, create_date, modify_user, modify_date) VALUES (100101, 13, 100026, NULL, 132456, CURRENT, 132456, CURRENT);
INSERT INTO resource (resource_id, resource_role_id, project_id, project_phase_id, create_user, create_date, modify_user, modify_date) VALUES (100102, 13, 100026, NULL, 132456, CURRENT, 132456, CURRENT);
INSERT INTO resource (resource_id, resource_role_id, project_id, project_phase_id, create_user, create_date, modify_user, modify_date) VALUES (100103, 14, 100026, NULL, 132456, CURRENT, 132456, CURRENT);
INSERT INTO resource (resource_id, resource_role_id, project_id, project_phase_id, create_user, create_date, modify_user, modify_date) VALUES (100104, 10, 100026, NULL, 132456, CURRENT, 132456, CURRENT);
INSERT INTO resource_info (resource_id, resource_info_type_id, value, create_user, create_date, modify_user, modify_date) VALUES (100101, 1, '132456', 132456, CURRENT, 132456, CURRENT);
INSERT INTO resource_info (resource_id, resource_info_type_id, value, create_user, create_date, modify_user, modify_date) VALUES (100101, 2, 'heffan', 132456, CURRENT, 132456, CURRENT);
INSERT INTO resource_info (resource_id, resource_info_type_id, value, create_user, create_date, modify_user, modify_date) VALUES (100101, 8, 'N/A', 132456, CURRENT, 132456, CURRENT);
INSERT INTO resource_info (resource_id, resource_info_type_id, value, create_user, create_date, modify_user, modify_date) VALUES (100101, 6, '01.26.2013 03:22 PM', 132456, CURRENT, 132456, CURRENT);
INSERT INTO resource_info (resource_id, resource_info_type_id, value, create_user, create_date, modify_user, modify_date) VALUES (100102, 1, '22719217', 132456, CURRENT, 132456, CURRENT);
INSERT INTO resource_info (resource_id, resource_info_type_id, value, create_user, create_date, modify_user, modify_date) VALUES (100102, 2, 'Components', 132456, CURRENT, 132456, CURRENT);
INSERT INTO resource_info (resource_id, resource_info_type_id, value, create_user, create_date, modify_user, modify_date) VALUES (100102, 8, 'N/A', 132456, CURRENT, 132456, CURRENT);
INSERT INTO resource_info (resource_id, resource_info_type_id, value, create_user, create_date, modify_user, modify_date) VALUES (100102, 6, '01.26.2013 03:23 PM', 132456, CURRENT, 132456, CURRENT);
INSERT INTO resource_info (resource_id, resource_info_type_id, value, create_user, create_date, modify_user, modify_date) VALUES (100103, 1, '132458', 132456, CURRENT, 132456, CURRENT);
INSERT INTO resource_info (resource_id, resource_info_type_id, value, create_user, create_date, modify_user, modify_date) VALUES (100103, 2, 'user', 132456, CURRENT, 132456, CURRENT);
INSERT INTO resource_info (resource_id, resource_info_type_id, value, create_user, create_date, modify_user, modify_date) VALUES (100103, 8, 'N/A', 132456, CURRENT, 132456, CURRENT);
INSERT INTO resource_info (resource_id, resource_info_type_id, value, create_user, create_date, modify_user, modify_date) VALUES (100103, 6, '01.26.2013 03:24 PM', 132456, CURRENT, 132456, CURRENT);
INSERT INTO resource_info (resource_id, resource_info_type_id, value, create_user, create_date, modify_user, modify_date) VALUES (100104, 1, '132458', 132456, CURRENT, 132456, CURRENT);
INSERT INTO resource_info (resource_id, resource_info_type_id, value, create_user, create_date, modify_user, modify_date) VALUES (100104, 2, 'user', 132456, CURRENT, 132456, CURRENT);
INSERT INTO resource_info (resource_id, resource_info_type_id, value, create_user, create_date, modify_user, modify_date) VALUES (100104, 8, 'N/A', 132456, CURRENT, 132456, CURRENT);
INSERT INTO resource_info (resource_id, resource_info_type_id, value, create_user, create_date, modify_user, modify_date) VALUES (100104, 6, '01.26.2013 03:25 PM', 132456, CURRENT, 132456, CURRENT);
INSERT INTO project_info (project_id, project_info_type_id, value, create_user, create_date, modify_user, modify_date) VALUES (100027, 1, '100027', 132456, CURRENT, 132456, CURRENT);
INSERT INTO project_info (project_id, project_info_type_id, value, create_user, create_date, modify_user, modify_date) VALUES (100027, 2, '100027', 132456, CURRENT, 132456, CURRENT);
INSERT INTO project_info (project_id, project_info_type_id, value, create_user, create_date, modify_user, modify_date) VALUES (100027, 3, '100027', 132456, CURRENT, 132456, CURRENT);
INSERT INTO project_info (project_id, project_info_type_id, value, create_user, create_date, modify_user, modify_date) VALUES (100027, 4, '100028', 132456, CURRENT, 132456, CURRENT);
INSERT INTO project_info (project_id, project_info_type_id, value, create_user, create_date, modify_user, modify_date) VALUES (100027, 5, '5801777', 132456, CURRENT, 132456, CURRENT);
INSERT INTO project_info (project_id, project_info_type_id, value, create_user, create_date, modify_user, modify_date) VALUES (100027, 6, 'Client 100001 Billing Account 1 Project 1 Module Assembly Contest 27', 132456, CURRENT, 132456, CURRENT);
INSERT INTO project_info (project_id, project_info_type_id, value, create_user, create_date, modify_user, modify_date) VALUES (100027, 7, '1.0', 132456, CURRENT, 132456, CURRENT);
INSERT INTO project_info (project_id, project_info_type_id, value, create_user, create_date, modify_user, modify_date) VALUES (100027, 8, '', 132456, CURRENT, 132456, CURRENT);
INSERT INTO project_info (project_id, project_info_type_id, value, create_user, create_date, modify_user, modify_date) VALUES (100027, 11, 'On', 132456, CURRENT, 132456, CURRENT);
INSERT INTO project_info (project_id, project_info_type_id, value, create_user, create_date, modify_user, modify_date) VALUES (100027, 9, 'Off', 132456, CURRENT, 132456, CURRENT);
INSERT INTO project_info (project_id, project_info_type_id, value, create_user, create_date, modify_user, modify_date) VALUES (100027, 10, 'On', 132456, CURRENT, 132456, CURRENT);
INSERT INTO project_info (project_id, project_info_type_id, value, create_user, create_date, modify_user, modify_date) VALUES (100027, 12, 'Yes', 132456, CURRENT, 132456, CURRENT);
INSERT INTO project_info (project_id, project_info_type_id, value, create_user, create_date, modify_user, modify_date) VALUES (100027, 13, 'Yes', 132456, CURRENT, 132456, CURRENT);
INSERT INTO project_info (project_id, project_info_type_id, value, create_user, create_date, modify_user, modify_date) VALUES (100027, 14, 'Open', 132456, CURRENT, 132456, CURRENT);
INSERT INTO project_info (project_id, project_info_type_id, value, create_user, create_date, modify_user, modify_date) VALUES (100027, 16, '1200.0', 132456, CURRENT, 132456, CURRENT);
INSERT INTO project_info (project_id, project_info_type_id, value, create_user, create_date, modify_user, modify_date) VALUES (100027, 17, '', 132456, CURRENT, 132456, CURRENT);
INSERT INTO project_info (project_id, project_info_type_id, value, create_user, create_date, modify_user, modify_date) VALUES (100027, 26, 'On', 132456, CURRENT, 132456, CURRENT);
INSERT INTO project_info (project_id, project_info_type_id, value, create_user, create_date, modify_user, modify_date) VALUES (100027, 30, '540.0', 132456, CURRENT, 132456, CURRENT);
INSERT INTO project_info (project_id, project_info_type_id, value, create_user, create_date, modify_user, modify_date) VALUES (100027, 31, '6001.0', 132456, CURRENT, 132456, CURRENT);
INSERT INTO project_info (project_id, project_info_type_id, value, create_user, create_date, modify_user, modify_date) VALUES (100027, 33, '761.0', 132456, CURRENT, 132456, CURRENT);
INSERT INTO project_info (project_id, project_info_type_id, value, create_user, create_date, modify_user, modify_date) VALUES (100027, 35, '30.0', 132456, CURRENT, 132456, CURRENT);
INSERT INTO project_info (project_id, project_info_type_id, value, create_user, create_date, modify_user, modify_date) VALUES (100027, 36, '1200.0', 132456, CURRENT, 132456, CURRENT);
INSERT INTO project_info (project_id, project_info_type_id, value, create_user, create_date, modify_user, modify_date) VALUES (100027, 37, '600.0', 132456, CURRENT, 132456, CURRENT);
INSERT INTO project_info (project_id, project_info_type_id, value, create_user, create_date, modify_user, modify_date) VALUES (100027, 45, 'true', 132456, CURRENT, 132456, CURRENT);
INSERT INTO project_info (project_id, project_info_type_id, value, create_user, create_date, modify_user, modify_date) VALUES (100027, 47, 'true', 132456, CURRENT, 132456, CURRENT);
INSERT INTO project_info (project_id, project_info_type_id, value, create_user, create_date, modify_user, modify_date) VALUES (100027, 38, '380.0', 132456, CURRENT, 132456, CURRENT);
INSERT INTO project_info (project_id, project_info_type_id, value, create_user, create_date, modify_user, modify_date) VALUES (100027, 39, '0.0', 132456, CURRENT, 132456, CURRENT);
INSERT INTO project_info (project_id, project_info_type_id, value, create_user, create_date, modify_user, modify_date) VALUES (100027, 40, 'C', 132456, CURRENT, 132456, CURRENT);
INSERT INTO project_info (project_id, project_info_type_id, value, create_user, create_date, modify_user, modify_date) VALUES (100027, 32, '100001', 132456, CURRENT, 132456, CURRENT);
INSERT INTO project_info (project_id, project_info_type_id, value, create_user, create_date, modify_user, modify_date) VALUES (100027, 41, 'true', 132456, CURRENT, 132456, CURRENT);
INSERT INTO project_info (project_id, project_info_type_id, value, create_user, create_date, modify_user, modify_date) VALUES (100027, 43, 'true', 132456, CURRENT, 132456, CURRENT);
INSERT INTO project_info (project_id, project_info_type_id, value, create_user, create_date, modify_user, modify_date) VALUES (100027, 44, 'false', 132456, CURRENT, 132456, CURRENT);
INSERT INTO project_info (project_id, project_info_type_id, value, create_user, create_date, modify_user, modify_date) VALUES (100027, 46, 'true', 132456, CURRENT, 132456, CURRENT);
INSERT INTO project_info (project_id, project_info_type_id, value, create_user, create_date, modify_user, modify_date) VALUES (100027, 48, 'true', 132456, CURRENT, 132456, CURRENT);
INSERT INTO project_info (project_id, project_info_type_id, value, create_user, create_date, modify_user, modify_date) VALUES (100027, 21, '02.07.2013 03:21 MSK', 132456, CURRENT, 132456, CURRENT);
INSERT INTO project_info (project_id, project_info_type_id, value, create_user, create_date, modify_user, modify_date) VALUES (100027, 49, '500', 132456, CURRENT, 132456, CURRENT);
INSERT INTO project_info (project_id, project_info_type_id, value, create_user, create_date, modify_user, modify_date) VALUES (100027, 59, 'true', 132456, CURRENT, 132456, CURRENT);
INSERT INTO resource (resource_id, resource_role_id, project_id, project_phase_id, create_user, create_date, modify_user, modify_date) VALUES (100105, 13, 100027, NULL, 132456, CURRENT, 132456, CURRENT);
INSERT INTO resource (resource_id, resource_role_id, project_id, project_phase_id, create_user, create_date, modify_user, modify_date) VALUES (100106, 13, 100027, NULL, 132456, CURRENT, 132456, CURRENT);
INSERT INTO resource (resource_id, resource_role_id, project_id, project_phase_id, create_user, create_date, modify_user, modify_date) VALUES (100107, 14, 100027, NULL, 132456, CURRENT, 132456, CURRENT);
INSERT INTO resource (resource_id, resource_role_id, project_id, project_phase_id, create_user, create_date, modify_user, modify_date) VALUES (100108, 10, 100027, NULL, 132456, CURRENT, 132456, CURRENT);
INSERT INTO resource_info (resource_id, resource_info_type_id, value, create_user, create_date, modify_user, modify_date) VALUES (100105, 1, '132456', 132456, CURRENT, 132456, CURRENT);
INSERT INTO resource_info (resource_id, resource_info_type_id, value, create_user, create_date, modify_user, modify_date) VALUES (100105, 2, 'heffan', 132456, CURRENT, 132456, CURRENT);
INSERT INTO resource_info (resource_id, resource_info_type_id, value, create_user, create_date, modify_user, modify_date) VALUES (100105, 8, 'N/A', 132456, CURRENT, 132456, CURRENT);
INSERT INTO resource_info (resource_id, resource_info_type_id, value, create_user, create_date, modify_user, modify_date) VALUES (100105, 6, '01.26.2013 03:22 PM', 132456, CURRENT, 132456, CURRENT);
INSERT INTO resource_info (resource_id, resource_info_type_id, value, create_user, create_date, modify_user, modify_date) VALUES (100106, 1, '22770213', 132456, CURRENT, 132456, CURRENT);
INSERT INTO resource_info (resource_id, resource_info_type_id, value, create_user, create_date, modify_user, modify_date) VALUES (100106, 2, 'Applications', 132456, CURRENT, 132456, CURRENT);
INSERT INTO resource_info (resource_id, resource_info_type_id, value, create_user, create_date, modify_user, modify_date) VALUES (100106, 8, 'N/A', 132456, CURRENT, 132456, CURRENT);
INSERT INTO resource_info (resource_id, resource_info_type_id, value, create_user, create_date, modify_user, modify_date) VALUES (100106, 6, '01.26.2013 03:23 PM', 132456, CURRENT, 132456, CURRENT);
INSERT INTO resource_info (resource_id, resource_info_type_id, value, create_user, create_date, modify_user, modify_date) VALUES (100107, 1, '132458', 132456, CURRENT, 132456, CURRENT);
INSERT INTO resource_info (resource_id, resource_info_type_id, value, create_user, create_date, modify_user, modify_date) VALUES (100107, 2, 'user', 132456, CURRENT, 132456, CURRENT);
INSERT INTO resource_info (resource_id, resource_info_type_id, value, create_user, create_date, modify_user, modify_date) VALUES (100107, 8, 'N/A', 132456, CURRENT, 132456, CURRENT);
INSERT INTO resource_info (resource_id, resource_info_type_id, value, create_user, create_date, modify_user, modify_date) VALUES (100107, 6, '01.26.2013 03:24 PM', 132456, CURRENT, 132456, CURRENT);
INSERT INTO resource_info (resource_id, resource_info_type_id, value, create_user, create_date, modify_user, modify_date) VALUES (100108, 1, '132458', 132456, CURRENT, 132456, CURRENT);
INSERT INTO resource_info (resource_id, resource_info_type_id, value, create_user, create_date, modify_user, modify_date) VALUES (100108, 2, 'user', 132456, CURRENT, 132456, CURRENT);
INSERT INTO resource_info (resource_id, resource_info_type_id, value, create_user, create_date, modify_user, modify_date) VALUES (100108, 8, 'N/A', 132456, CURRENT, 132456, CURRENT);
INSERT INTO resource_info (resource_id, resource_info_type_id, value, create_user, create_date, modify_user, modify_date) VALUES (100108, 6, '01.26.2013 03:25 PM', 132456, CURRENT, 132456, CURRENT);
INSERT INTO project_info (project_id, project_info_type_id, value, create_user, create_date, modify_user, modify_date) VALUES (100028, 1, '100028', 132456, CURRENT, 132456, CURRENT);
INSERT INTO project_info (project_id, project_info_type_id, value, create_user, create_date, modify_user, modify_date) VALUES (100028, 2, '100028', 132456, CURRENT, 132456, CURRENT);
INSERT INTO project_info (project_id, project_info_type_id, value, create_user, create_date, modify_user, modify_date) VALUES (100028, 3, '100028', 132456, CURRENT, 132456, CURRENT);
INSERT INTO project_info (project_id, project_info_type_id, value, create_user, create_date, modify_user, modify_date) VALUES (100028, 4, '100029', 132456, CURRENT, 132456, CURRENT);
INSERT INTO project_info (project_id, project_info_type_id, value, create_user, create_date, modify_user, modify_date) VALUES (100028, 5, '27202915', 132456, CURRENT, 132456, CURRENT);
INSERT INTO project_info (project_id, project_info_type_id, value, create_user, create_date, modify_user, modify_date) VALUES (100028, 6, 'Client 100001 Billing Account 1 Project 1 Module Assembly Contest 28', 132456, CURRENT, 132456, CURRENT);
INSERT INTO project_info (project_id, project_info_type_id, value, create_user, create_date, modify_user, modify_date) VALUES (100028, 7, '1.0', 132456, CURRENT, 132456, CURRENT);
INSERT INTO project_info (project_id, project_info_type_id, value, create_user, create_date, modify_user, modify_date) VALUES (100028, 8, '', 132456, CURRENT, 132456, CURRENT);
INSERT INTO project_info (project_id, project_info_type_id, value, create_user, create_date, modify_user, modify_date) VALUES (100028, 11, 'On', 132456, CURRENT, 132456, CURRENT);
INSERT INTO project_info (project_id, project_info_type_id, value, create_user, create_date, modify_user, modify_date) VALUES (100028, 9, 'Off', 132456, CURRENT, 132456, CURRENT);
INSERT INTO project_info (project_id, project_info_type_id, value, create_user, create_date, modify_user, modify_date) VALUES (100028, 10, 'On', 132456, CURRENT, 132456, CURRENT);
INSERT INTO project_info (project_id, project_info_type_id, value, create_user, create_date, modify_user, modify_date) VALUES (100028, 12, 'Yes', 132456, CURRENT, 132456, CURRENT);
INSERT INTO project_info (project_id, project_info_type_id, value, create_user, create_date, modify_user, modify_date) VALUES (100028, 13, 'Yes', 132456, CURRENT, 132456, CURRENT);
INSERT INTO project_info (project_id, project_info_type_id, value, create_user, create_date, modify_user, modify_date) VALUES (100028, 14, 'Open', 132456, CURRENT, 132456, CURRENT);
INSERT INTO project_info (project_id, project_info_type_id, value, create_user, create_date, modify_user, modify_date) VALUES (100028, 16, '1000.0', 132456, CURRENT, 132456, CURRENT);
INSERT INTO project_info (project_id, project_info_type_id, value, create_user, create_date, modify_user, modify_date) VALUES (100028, 17, '', 132456, CURRENT, 132456, CURRENT);
INSERT INTO project_info (project_id, project_info_type_id, value, create_user, create_date, modify_user, modify_date) VALUES (100028, 26, 'On', 132456, CURRENT, 132456, CURRENT);
INSERT INTO project_info (project_id, project_info_type_id, value, create_user, create_date, modify_user, modify_date) VALUES (100028, 30, '450.0', 132456, CURRENT, 132456, CURRENT);
INSERT INTO project_info (project_id, project_info_type_id, value, create_user, create_date, modify_user, modify_date) VALUES (100028, 31, '6001.0', 132456, CURRENT, 132456, CURRENT);
INSERT INTO project_info (project_id, project_info_type_id, value, create_user, create_date, modify_user, modify_date) VALUES (100028, 33, '683.0', 132456, CURRENT, 132456, CURRENT);
INSERT INTO project_info (project_id, project_info_type_id, value, create_user, create_date, modify_user, modify_date) VALUES (100028, 35, '30.0', 132456, CURRENT, 132456, CURRENT);
INSERT INTO project_info (project_id, project_info_type_id, value, create_user, create_date, modify_user, modify_date) VALUES (100028, 36, '1000.0', 132456, CURRENT, 132456, CURRENT);
INSERT INTO project_info (project_id, project_info_type_id, value, create_user, create_date, modify_user, modify_date) VALUES (100028, 37, '500.0', 132456, CURRENT, 132456, CURRENT);
INSERT INTO project_info (project_id, project_info_type_id, value, create_user, create_date, modify_user, modify_date) VALUES (100028, 45, 'true', 132456, CURRENT, 132456, CURRENT);
INSERT INTO project_info (project_id, project_info_type_id, value, create_user, create_date, modify_user, modify_date) VALUES (100028, 47, 'true', 132456, CURRENT, 132456, CURRENT);
INSERT INTO project_info (project_id, project_info_type_id, value, create_user, create_date, modify_user, modify_date) VALUES (100028, 38, '300.0', 132456, CURRENT, 132456, CURRENT);
INSERT INTO project_info (project_id, project_info_type_id, value, create_user, create_date, modify_user, modify_date) VALUES (100028, 39, '0.0', 132456, CURRENT, 132456, CURRENT);
INSERT INTO project_info (project_id, project_info_type_id, value, create_user, create_date, modify_user, modify_date) VALUES (100028, 40, 'B', 132456, CURRENT, 132456, CURRENT);
INSERT INTO project_info (project_id, project_info_type_id, value, create_user, create_date, modify_user, modify_date) VALUES (100028, 32, '100001', 132456, CURRENT, 132456, CURRENT);
INSERT INTO project_info (project_id, project_info_type_id, value, create_user, create_date, modify_user, modify_date) VALUES (100028, 41, 'true', 132456, CURRENT, 132456, CURRENT);
INSERT INTO project_info (project_id, project_info_type_id, value, create_user, create_date, modify_user, modify_date) VALUES (100028, 43, 'true', 132456, CURRENT, 132456, CURRENT);
INSERT INTO project_info (project_id, project_info_type_id, value, create_user, create_date, modify_user, modify_date) VALUES (100028, 44, 'false', 132456, CURRENT, 132456, CURRENT);
INSERT INTO project_info (project_id, project_info_type_id, value, create_user, create_date, modify_user, modify_date) VALUES (100028, 46, 'true', 132456, CURRENT, 132456, CURRENT);
INSERT INTO project_info (project_id, project_info_type_id, value, create_user, create_date, modify_user, modify_date) VALUES (100028, 48, 'true', 132456, CURRENT, 132456, CURRENT);
INSERT INTO project_info (project_id, project_info_type_id, value, create_user, create_date, modify_user, modify_date) VALUES (100028, 21, '02.11.2013 16:21 MSK', 132456, CURRENT, 132456, CURRENT);
INSERT INTO project_info (project_id, project_info_type_id, value, create_user, create_date, modify_user, modify_date) VALUES (100028, 49, '500', 132456, CURRENT, 132456, CURRENT);
INSERT INTO project_info (project_id, project_info_type_id, value, create_user, create_date, modify_user, modify_date) VALUES (100028, 59, 'true', 132456, CURRENT, 132456, CURRENT);
INSERT INTO resource (resource_id, resource_role_id, project_id, project_phase_id, create_user, create_date, modify_user, modify_date) VALUES (100109, 13, 100028, NULL, 132456, CURRENT, 132456, CURRENT);
INSERT INTO resource (resource_id, resource_role_id, project_id, project_phase_id, create_user, create_date, modify_user, modify_date) VALUES (100110, 13, 100028, NULL, 132456, CURRENT, 132456, CURRENT);
INSERT INTO resource (resource_id, resource_role_id, project_id, project_phase_id, create_user, create_date, modify_user, modify_date) VALUES (100111, 14, 100028, NULL, 132456, CURRENT, 132456, CURRENT);
INSERT INTO resource (resource_id, resource_role_id, project_id, project_phase_id, create_user, create_date, modify_user, modify_date) VALUES (100112, 10, 100028, NULL, 132456, CURRENT, 132456, CURRENT);
INSERT INTO resource_info (resource_id, resource_info_type_id, value, create_user, create_date, modify_user, modify_date) VALUES (100109, 1, '132456', 132456, CURRENT, 132456, CURRENT);
INSERT INTO resource_info (resource_id, resource_info_type_id, value, create_user, create_date, modify_user, modify_date) VALUES (100109, 2, 'heffan', 132456, CURRENT, 132456, CURRENT);
INSERT INTO resource_info (resource_id, resource_info_type_id, value, create_user, create_date, modify_user, modify_date) VALUES (100109, 8, 'N/A', 132456, CURRENT, 132456, CURRENT);
INSERT INTO resource_info (resource_id, resource_info_type_id, value, create_user, create_date, modify_user, modify_date) VALUES (100109, 6, '01.26.2013 03:22 PM', 132456, CURRENT, 132456, CURRENT);
INSERT INTO resource_info (resource_id, resource_info_type_id, value, create_user, create_date, modify_user, modify_date) VALUES (100110, 1, '22770213', 132456, CURRENT, 132456, CURRENT);
INSERT INTO resource_info (resource_id, resource_info_type_id, value, create_user, create_date, modify_user, modify_date) VALUES (100110, 2, 'Applications', 132456, CURRENT, 132456, CURRENT);
INSERT INTO resource_info (resource_id, resource_info_type_id, value, create_user, create_date, modify_user, modify_date) VALUES (100110, 8, 'N/A', 132456, CURRENT, 132456, CURRENT);
INSERT INTO resource_info (resource_id, resource_info_type_id, value, create_user, create_date, modify_user, modify_date) VALUES (100110, 6, '01.26.2013 03:23 PM', 132456, CURRENT, 132456, CURRENT);
INSERT INTO resource_info (resource_id, resource_info_type_id, value, create_user, create_date, modify_user, modify_date) VALUES (100111, 1, '132458', 132456, CURRENT, 132456, CURRENT);
INSERT INTO resource_info (resource_id, resource_info_type_id, value, create_user, create_date, modify_user, modify_date) VALUES (100111, 2, 'user', 132456, CURRENT, 132456, CURRENT);
INSERT INTO resource_info (resource_id, resource_info_type_id, value, create_user, create_date, modify_user, modify_date) VALUES (100111, 8, 'N/A', 132456, CURRENT, 132456, CURRENT);
INSERT INTO resource_info (resource_id, resource_info_type_id, value, create_user, create_date, modify_user, modify_date) VALUES (100111, 6, '01.26.2013 03:24 PM', 132456, CURRENT, 132456, CURRENT);
INSERT INTO resource_info (resource_id, resource_info_type_id, value, create_user, create_date, modify_user, modify_date) VALUES (100112, 1, '132458', 132456, CURRENT, 132456, CURRENT);
INSERT INTO resource_info (resource_id, resource_info_type_id, value, create_user, create_date, modify_user, modify_date) VALUES (100112, 2, 'user', 132456, CURRENT, 132456, CURRENT);
INSERT INTO resource_info (resource_id, resource_info_type_id, value, create_user, create_date, modify_user, modify_date) VALUES (100112, 8, 'N/A', 132456, CURRENT, 132456, CURRENT);
INSERT INTO resource_info (resource_id, resource_info_type_id, value, create_user, create_date, modify_user, modify_date) VALUES (100112, 6, '01.26.2013 03:25 PM', 132456, CURRENT, 132456, CURRENT);
INSERT INTO project_info (project_id, project_info_type_id, value, create_user, create_date, modify_user, modify_date) VALUES (100029, 1, '100029', 132456, CURRENT, 132456, CURRENT);
INSERT INTO project_info (project_id, project_info_type_id, value, create_user, create_date, modify_user, modify_date) VALUES (100029, 2, '100029', 132456, CURRENT, 132456, CURRENT);
INSERT INTO project_info (project_id, project_info_type_id, value, create_user, create_date, modify_user, modify_date) VALUES (100029, 3, '100029', 132456, CURRENT, 132456, CURRENT);
INSERT INTO project_info (project_id, project_info_type_id, value, create_user, create_date, modify_user, modify_date) VALUES (100029, 4, '100030', 132456, CURRENT, 132456, CURRENT);
INSERT INTO project_info (project_id, project_info_type_id, value, create_user, create_date, modify_user, modify_date) VALUES (100029, 5, '5801776', 132456, CURRENT, 132456, CURRENT);
INSERT INTO project_info (project_id, project_info_type_id, value, create_user, create_date, modify_user, modify_date) VALUES (100029, 6, 'Client 100001 Billing Account 1 Project 1 Design Contest 29', 132456, CURRENT, 132456, CURRENT);
INSERT INTO project_info (project_id, project_info_type_id, value, create_user, create_date, modify_user, modify_date) VALUES (100029, 7, '1.0', 132456, CURRENT, 132456, CURRENT);
INSERT INTO project_info (project_id, project_info_type_id, value, create_user, create_date, modify_user, modify_date) VALUES (100029, 8, '', 132456, CURRENT, 132456, CURRENT);
INSERT INTO project_info (project_id, project_info_type_id, value, create_user, create_date, modify_user, modify_date) VALUES (100029, 11, 'On', 132456, CURRENT, 132456, CURRENT);
INSERT INTO project_info (project_id, project_info_type_id, value, create_user, create_date, modify_user, modify_date) VALUES (100029, 9, 'Off', 132456, CURRENT, 132456, CURRENT);
INSERT INTO project_info (project_id, project_info_type_id, value, create_user, create_date, modify_user, modify_date) VALUES (100029, 10, 'On', 132456, CURRENT, 132456, CURRENT);
INSERT INTO project_info (project_id, project_info_type_id, value, create_user, create_date, modify_user, modify_date) VALUES (100029, 12, 'Yes', 132456, CURRENT, 132456, CURRENT);
INSERT INTO project_info (project_id, project_info_type_id, value, create_user, create_date, modify_user, modify_date) VALUES (100029, 13, 'Yes', 132456, CURRENT, 132456, CURRENT);
INSERT INTO project_info (project_id, project_info_type_id, value, create_user, create_date, modify_user, modify_date) VALUES (100029, 14, 'Open', 132456, CURRENT, 132456, CURRENT);
INSERT INTO project_info (project_id, project_info_type_id, value, create_user, create_date, modify_user, modify_date) VALUES (100029, 16, '1200.0', 132456, CURRENT, 132456, CURRENT);
INSERT INTO project_info (project_id, project_info_type_id, value, create_user, create_date, modify_user, modify_date) VALUES (100029, 17, '', 132456, CURRENT, 132456, CURRENT);
INSERT INTO project_info (project_id, project_info_type_id, value, create_user, create_date, modify_user, modify_date) VALUES (100029, 26, 'On', 132456, CURRENT, 132456, CURRENT);
INSERT INTO project_info (project_id, project_info_type_id, value, create_user, create_date, modify_user, modify_date) VALUES (100029, 30, '540.0', 132456, CURRENT, 132456, CURRENT);
INSERT INTO project_info (project_id, project_info_type_id, value, create_user, create_date, modify_user, modify_date) VALUES (100029, 31, '6001.0', 132456, CURRENT, 132456, CURRENT);
INSERT INTO project_info (project_id, project_info_type_id, value, create_user, create_date, modify_user, modify_date) VALUES (100029, 33, '761.0', 132456, CURRENT, 132456, CURRENT);
INSERT INTO project_info (project_id, project_info_type_id, value, create_user, create_date, modify_user, modify_date) VALUES (100029, 35, '30.0', 132456, CURRENT, 132456, CURRENT);
INSERT INTO project_info (project_id, project_info_type_id, value, create_user, create_date, modify_user, modify_date) VALUES (100029, 36, '1200.0', 132456, CURRENT, 132456, CURRENT);
INSERT INTO project_info (project_id, project_info_type_id, value, create_user, create_date, modify_user, modify_date) VALUES (100029, 37, '600.0', 132456, CURRENT, 132456, CURRENT);
INSERT INTO project_info (project_id, project_info_type_id, value, create_user, create_date, modify_user, modify_date) VALUES (100029, 45, 'true', 132456, CURRENT, 132456, CURRENT);
INSERT INTO project_info (project_id, project_info_type_id, value, create_user, create_date, modify_user, modify_date) VALUES (100029, 47, 'true', 132456, CURRENT, 132456, CURRENT);
INSERT INTO project_info (project_id, project_info_type_id, value, create_user, create_date, modify_user, modify_date) VALUES (100029, 38, '380.0', 132456, CURRENT, 132456, CURRENT);
INSERT INTO project_info (project_id, project_info_type_id, value, create_user, create_date, modify_user, modify_date) VALUES (100029, 39, '0.0', 132456, CURRENT, 132456, CURRENT);
INSERT INTO project_info (project_id, project_info_type_id, value, create_user, create_date, modify_user, modify_date) VALUES (100029, 40, 'C', 132456, CURRENT, 132456, CURRENT);
INSERT INTO project_info (project_id, project_info_type_id, value, create_user, create_date, modify_user, modify_date) VALUES (100029, 32, '100001', 132456, CURRENT, 132456, CURRENT);
INSERT INTO project_info (project_id, project_info_type_id, value, create_user, create_date, modify_user, modify_date) VALUES (100029, 41, 'true', 132456, CURRENT, 132456, CURRENT);
INSERT INTO project_info (project_id, project_info_type_id, value, create_user, create_date, modify_user, modify_date) VALUES (100029, 43, 'true', 132456, CURRENT, 132456, CURRENT);
INSERT INTO project_info (project_id, project_info_type_id, value, create_user, create_date, modify_user, modify_date) VALUES (100029, 44, 'false', 132456, CURRENT, 132456, CURRENT);
INSERT INTO project_info (project_id, project_info_type_id, value, create_user, create_date, modify_user, modify_date) VALUES (100029, 46, 'true', 132456, CURRENT, 132456, CURRENT);
INSERT INTO project_info (project_id, project_info_type_id, value, create_user, create_date, modify_user, modify_date) VALUES (100029, 48, 'true', 132456, CURRENT, 132456, CURRENT);
INSERT INTO project_info (project_id, project_info_type_id, value, create_user, create_date, modify_user, modify_date) VALUES (100029, 21, '02.10.2013 16:21 MSK', 132456, CURRENT, 132456, CURRENT);
INSERT INTO project_info (project_id, project_info_type_id, value, create_user, create_date, modify_user, modify_date) VALUES (100029, 49, '500', 132456, CURRENT, 132456, CURRENT);
INSERT INTO project_info (project_id, project_info_type_id, value, create_user, create_date, modify_user, modify_date) VALUES (100029, 59, 'true', 132456, CURRENT, 132456, CURRENT);
INSERT INTO resource (resource_id, resource_role_id, project_id, project_phase_id, create_user, create_date, modify_user, modify_date) VALUES (100113, 13, 100029, NULL, 132456, CURRENT, 132456, CURRENT);
INSERT INTO resource (resource_id, resource_role_id, project_id, project_phase_id, create_user, create_date, modify_user, modify_date) VALUES (100114, 13, 100029, NULL, 132456, CURRENT, 132456, CURRENT);
INSERT INTO resource (resource_id, resource_role_id, project_id, project_phase_id, create_user, create_date, modify_user, modify_date) VALUES (100115, 14, 100029, NULL, 132456, CURRENT, 132456, CURRENT);
INSERT INTO resource (resource_id, resource_role_id, project_id, project_phase_id, create_user, create_date, modify_user, modify_date) VALUES (100116, 10, 100029, NULL, 132456, CURRENT, 132456, CURRENT);
INSERT INTO resource_info (resource_id, resource_info_type_id, value, create_user, create_date, modify_user, modify_date) VALUES (100113, 1, '132456', 132456, CURRENT, 132456, CURRENT);
INSERT INTO resource_info (resource_id, resource_info_type_id, value, create_user, create_date, modify_user, modify_date) VALUES (100113, 2, 'heffan', 132456, CURRENT, 132456, CURRENT);
INSERT INTO resource_info (resource_id, resource_info_type_id, value, create_user, create_date, modify_user, modify_date) VALUES (100113, 8, 'N/A', 132456, CURRENT, 132456, CURRENT);
INSERT INTO resource_info (resource_id, resource_info_type_id, value, create_user, create_date, modify_user, modify_date) VALUES (100113, 6, '01.26.2013 03:22 PM', 132456, CURRENT, 132456, CURRENT);
INSERT INTO resource_info (resource_id, resource_info_type_id, value, create_user, create_date, modify_user, modify_date) VALUES (100114, 1, '22719217', 132456, CURRENT, 132456, CURRENT);
INSERT INTO resource_info (resource_id, resource_info_type_id, value, create_user, create_date, modify_user, modify_date) VALUES (100114, 2, 'Components', 132456, CURRENT, 132456, CURRENT);
INSERT INTO resource_info (resource_id, resource_info_type_id, value, create_user, create_date, modify_user, modify_date) VALUES (100114, 8, 'N/A', 132456, CURRENT, 132456, CURRENT);
INSERT INTO resource_info (resource_id, resource_info_type_id, value, create_user, create_date, modify_user, modify_date) VALUES (100114, 6, '01.26.2013 03:23 PM', 132456, CURRENT, 132456, CURRENT);
INSERT INTO resource_info (resource_id, resource_info_type_id, value, create_user, create_date, modify_user, modify_date) VALUES (100115, 1, '132458', 132456, CURRENT, 132456, CURRENT);
INSERT INTO resource_info (resource_id, resource_info_type_id, value, create_user, create_date, modify_user, modify_date) VALUES (100115, 2, 'user', 132456, CURRENT, 132456, CURRENT);
INSERT INTO resource_info (resource_id, resource_info_type_id, value, create_user, create_date, modify_user, modify_date) VALUES (100115, 8, 'N/A', 132456, CURRENT, 132456, CURRENT);
INSERT INTO resource_info (resource_id, resource_info_type_id, value, create_user, create_date, modify_user, modify_date) VALUES (100115, 6, '01.26.2013 03:24 PM', 132456, CURRENT, 132456, CURRENT);
INSERT INTO resource_info (resource_id, resource_info_type_id, value, create_user, create_date, modify_user, modify_date) VALUES (100116, 1, '132458', 132456, CURRENT, 132456, CURRENT);
INSERT INTO resource_info (resource_id, resource_info_type_id, value, create_user, create_date, modify_user, modify_date) VALUES (100116, 2, 'user', 132456, CURRENT, 132456, CURRENT);
INSERT INTO resource_info (resource_id, resource_info_type_id, value, create_user, create_date, modify_user, modify_date) VALUES (100116, 8, 'N/A', 132456, CURRENT, 132456, CURRENT);
INSERT INTO resource_info (resource_id, resource_info_type_id, value, create_user, create_date, modify_user, modify_date) VALUES (100116, 6, '01.26.2013 03:25 PM', 132456, CURRENT, 132456, CURRENT);
INSERT INTO project_info (project_id, project_info_type_id, value, create_user, create_date, modify_user, modify_date) VALUES (100030, 1, '100030', 132456, CURRENT, 132456, CURRENT);
INSERT INTO project_info (project_id, project_info_type_id, value, create_user, create_date, modify_user, modify_date) VALUES (100030, 2, '100030', 132456, CURRENT, 132456, CURRENT);
INSERT INTO project_info (project_id, project_info_type_id, value, create_user, create_date, modify_user, modify_date) VALUES (100030, 3, '100030', 132456, CURRENT, 132456, CURRENT);
INSERT INTO project_info (project_id, project_info_type_id, value, create_user, create_date, modify_user, modify_date) VALUES (100030, 4, '100031', 132456, CURRENT, 132456, CURRENT);
INSERT INTO project_info (project_id, project_info_type_id, value, create_user, create_date, modify_user, modify_date) VALUES (100030, 5, '27202907', 132456, CURRENT, 132456, CURRENT);
INSERT INTO project_info (project_id, project_info_type_id, value, create_user, create_date, modify_user, modify_date) VALUES (100030, 6, 'Client 100001 Billing Account 1 Project 1 Design Contest 30', 132456, CURRENT, 132456, CURRENT);
INSERT INTO project_info (project_id, project_info_type_id, value, create_user, create_date, modify_user, modify_date) VALUES (100030, 7, '1.0', 132456, CURRENT, 132456, CURRENT);
INSERT INTO project_info (project_id, project_info_type_id, value, create_user, create_date, modify_user, modify_date) VALUES (100030, 8, '', 132456, CURRENT, 132456, CURRENT);
INSERT INTO project_info (project_id, project_info_type_id, value, create_user, create_date, modify_user, modify_date) VALUES (100030, 11, 'On', 132456, CURRENT, 132456, CURRENT);
INSERT INTO project_info (project_id, project_info_type_id, value, create_user, create_date, modify_user, modify_date) VALUES (100030, 9, 'Off', 132456, CURRENT, 132456, CURRENT);
INSERT INTO project_info (project_id, project_info_type_id, value, create_user, create_date, modify_user, modify_date) VALUES (100030, 10, 'On', 132456, CURRENT, 132456, CURRENT);
INSERT INTO project_info (project_id, project_info_type_id, value, create_user, create_date, modify_user, modify_date) VALUES (100030, 12, 'Yes', 132456, CURRENT, 132456, CURRENT);
INSERT INTO project_info (project_id, project_info_type_id, value, create_user, create_date, modify_user, modify_date) VALUES (100030, 13, 'Yes', 132456, CURRENT, 132456, CURRENT);
INSERT INTO project_info (project_id, project_info_type_id, value, create_user, create_date, modify_user, modify_date) VALUES (100030, 14, 'Open', 132456, CURRENT, 132456, CURRENT);
INSERT INTO project_info (project_id, project_info_type_id, value, create_user, create_date, modify_user, modify_date) VALUES (100030, 16, '1200.0', 132456, CURRENT, 132456, CURRENT);
INSERT INTO project_info (project_id, project_info_type_id, value, create_user, create_date, modify_user, modify_date) VALUES (100030, 17, '', 132456, CURRENT, 132456, CURRENT);
INSERT INTO project_info (project_id, project_info_type_id, value, create_user, create_date, modify_user, modify_date) VALUES (100030, 26, 'On', 132456, CURRENT, 132456, CURRENT);
INSERT INTO project_info (project_id, project_info_type_id, value, create_user, create_date, modify_user, modify_date) VALUES (100030, 30, '540.0', 132456, CURRENT, 132456, CURRENT);
INSERT INTO project_info (project_id, project_info_type_id, value, create_user, create_date, modify_user, modify_date) VALUES (100030, 31, '6001.0', 132456, CURRENT, 132456, CURRENT);
INSERT INTO project_info (project_id, project_info_type_id, value, create_user, create_date, modify_user, modify_date) VALUES (100030, 33, '761.0', 132456, CURRENT, 132456, CURRENT);
INSERT INTO project_info (project_id, project_info_type_id, value, create_user, create_date, modify_user, modify_date) VALUES (100030, 35, '30.0', 132456, CURRENT, 132456, CURRENT);
INSERT INTO project_info (project_id, project_info_type_id, value, create_user, create_date, modify_user, modify_date) VALUES (100030, 36, '1200.0', 132456, CURRENT, 132456, CURRENT);
INSERT INTO project_info (project_id, project_info_type_id, value, create_user, create_date, modify_user, modify_date) VALUES (100030, 37, '600.0', 132456, CURRENT, 132456, CURRENT);
INSERT INTO project_info (project_id, project_info_type_id, value, create_user, create_date, modify_user, modify_date) VALUES (100030, 45, 'true', 132456, CURRENT, 132456, CURRENT);
INSERT INTO project_info (project_id, project_info_type_id, value, create_user, create_date, modify_user, modify_date) VALUES (100030, 47, 'true', 132456, CURRENT, 132456, CURRENT);
INSERT INTO project_info (project_id, project_info_type_id, value, create_user, create_date, modify_user, modify_date) VALUES (100030, 38, '380.0', 132456, CURRENT, 132456, CURRENT);
INSERT INTO project_info (project_id, project_info_type_id, value, create_user, create_date, modify_user, modify_date) VALUES (100030, 39, '0.0', 132456, CURRENT, 132456, CURRENT);
INSERT INTO project_info (project_id, project_info_type_id, value, create_user, create_date, modify_user, modify_date) VALUES (100030, 40, 'C', 132456, CURRENT, 132456, CURRENT);
INSERT INTO project_info (project_id, project_info_type_id, value, create_user, create_date, modify_user, modify_date) VALUES (100030, 32, '100001', 132456, CURRENT, 132456, CURRENT);
INSERT INTO project_info (project_id, project_info_type_id, value, create_user, create_date, modify_user, modify_date) VALUES (100030, 41, 'true', 132456, CURRENT, 132456, CURRENT);
INSERT INTO project_info (project_id, project_info_type_id, value, create_user, create_date, modify_user, modify_date) VALUES (100030, 43, 'true', 132456, CURRENT, 132456, CURRENT);
INSERT INTO project_info (project_id, project_info_type_id, value, create_user, create_date, modify_user, modify_date) VALUES (100030, 44, 'false', 132456, CURRENT, 132456, CURRENT);
INSERT INTO project_info (project_id, project_info_type_id, value, create_user, create_date, modify_user, modify_date) VALUES (100030, 46, 'true', 132456, CURRENT, 132456, CURRENT);
INSERT INTO project_info (project_id, project_info_type_id, value, create_user, create_date, modify_user, modify_date) VALUES (100030, 48, 'true', 132456, CURRENT, 132456, CURRENT);
INSERT INTO project_info (project_id, project_info_type_id, value, create_user, create_date, modify_user, modify_date) VALUES (100030, 21, '02.06.2013 15:21 MSK', 132456, CURRENT, 132456, CURRENT);
INSERT INTO project_info (project_id, project_info_type_id, value, create_user, create_date, modify_user, modify_date) VALUES (100030, 49, '500', 132456, CURRENT, 132456, CURRENT);
INSERT INTO project_info (project_id, project_info_type_id, value, create_user, create_date, modify_user, modify_date) VALUES (100030, 59, 'true', 132456, CURRENT, 132456, CURRENT);
INSERT INTO resource (resource_id, resource_role_id, project_id, project_phase_id, create_user, create_date, modify_user, modify_date) VALUES (100117, 13, 100030, NULL, 132456, CURRENT, 132456, CURRENT);
INSERT INTO resource (resource_id, resource_role_id, project_id, project_phase_id, create_user, create_date, modify_user, modify_date) VALUES (100118, 13, 100030, NULL, 132456, CURRENT, 132456, CURRENT);
INSERT INTO resource (resource_id, resource_role_id, project_id, project_phase_id, create_user, create_date, modify_user, modify_date) VALUES (100119, 14, 100030, NULL, 132456, CURRENT, 132456, CURRENT);
INSERT INTO resource (resource_id, resource_role_id, project_id, project_phase_id, create_user, create_date, modify_user, modify_date) VALUES (100120, 10, 100030, NULL, 132456, CURRENT, 132456, CURRENT);
INSERT INTO resource_info (resource_id, resource_info_type_id, value, create_user, create_date, modify_user, modify_date) VALUES (100117, 1, '132456', 132456, CURRENT, 132456, CURRENT);
INSERT INTO resource_info (resource_id, resource_info_type_id, value, create_user, create_date, modify_user, modify_date) VALUES (100117, 2, 'heffan', 132456, CURRENT, 132456, CURRENT);
INSERT INTO resource_info (resource_id, resource_info_type_id, value, create_user, create_date, modify_user, modify_date) VALUES (100117, 8, 'N/A', 132456, CURRENT, 132456, CURRENT);
INSERT INTO resource_info (resource_id, resource_info_type_id, value, create_user, create_date, modify_user, modify_date) VALUES (100117, 6, '01.26.2013 03:22 PM', 132456, CURRENT, 132456, CURRENT);
INSERT INTO resource_info (resource_id, resource_info_type_id, value, create_user, create_date, modify_user, modify_date) VALUES (100118, 1, '22719217', 132456, CURRENT, 132456, CURRENT);
INSERT INTO resource_info (resource_id, resource_info_type_id, value, create_user, create_date, modify_user, modify_date) VALUES (100118, 2, 'Components', 132456, CURRENT, 132456, CURRENT);
INSERT INTO resource_info (resource_id, resource_info_type_id, value, create_user, create_date, modify_user, modify_date) VALUES (100118, 8, 'N/A', 132456, CURRENT, 132456, CURRENT);
INSERT INTO resource_info (resource_id, resource_info_type_id, value, create_user, create_date, modify_user, modify_date) VALUES (100118, 6, '01.26.2013 03:23 PM', 132456, CURRENT, 132456, CURRENT);
INSERT INTO resource_info (resource_id, resource_info_type_id, value, create_user, create_date, modify_user, modify_date) VALUES (100119, 1, '132458', 132456, CURRENT, 132456, CURRENT);
INSERT INTO resource_info (resource_id, resource_info_type_id, value, create_user, create_date, modify_user, modify_date) VALUES (100119, 2, 'user', 132456, CURRENT, 132456, CURRENT);
INSERT INTO resource_info (resource_id, resource_info_type_id, value, create_user, create_date, modify_user, modify_date) VALUES (100119, 8, 'N/A', 132456, CURRENT, 132456, CURRENT);
INSERT INTO resource_info (resource_id, resource_info_type_id, value, create_user, create_date, modify_user, modify_date) VALUES (100119, 6, '01.26.2013 03:24 PM', 132456, CURRENT, 132456, CURRENT);
INSERT INTO resource_info (resource_id, resource_info_type_id, value, create_user, create_date, modify_user, modify_date) VALUES (100120, 1, '132458', 132456, CURRENT, 132456, CURRENT);
INSERT INTO resource_info (resource_id, resource_info_type_id, value, create_user, create_date, modify_user, modify_date) VALUES (100120, 2, 'user', 132456, CURRENT, 132456, CURRENT);
INSERT INTO resource_info (resource_id, resource_info_type_id, value, create_user, create_date, modify_user, modify_date) VALUES (100120, 8, 'N/A', 132456, CURRENT, 132456, CURRENT);
INSERT INTO resource_info (resource_id, resource_info_type_id, value, create_user, create_date, modify_user, modify_date) VALUES (100120, 6, '01.26.2013 03:25 PM', 132456, CURRENT, 132456, CURRENT);
INSERT INTO project_info (project_id, project_info_type_id, value, create_user, create_date, modify_user, modify_date) VALUES (100031, 1, '100031', 132456, CURRENT, 132456, CURRENT);
INSERT INTO project_info (project_id, project_info_type_id, value, create_user, create_date, modify_user, modify_date) VALUES (100031, 2, '100031', 132456, CURRENT, 132456, CURRENT);
INSERT INTO project_info (project_id, project_info_type_id, value, create_user, create_date, modify_user, modify_date) VALUES (100031, 3, '100031', 132456, CURRENT, 132456, CURRENT);
INSERT INTO project_info (project_id, project_info_type_id, value, create_user, create_date, modify_user, modify_date) VALUES (100031, 4, '100032', 132456, CURRENT, 132456, CURRENT);
INSERT INTO project_info (project_id, project_info_type_id, value, create_user, create_date, modify_user, modify_date) VALUES (100031, 5, '27202907', 132456, CURRENT, 132456, CURRENT);
INSERT INTO project_info (project_id, project_info_type_id, value, create_user, create_date, modify_user, modify_date) VALUES (100031, 6, 'Client 100001 Billing Account 1 Project 1 Design Contest 31', 132456, CURRENT, 132456, CURRENT);
INSERT INTO project_info (project_id, project_info_type_id, value, create_user, create_date, modify_user, modify_date) VALUES (100031, 7, '1.0', 132456, CURRENT, 132456, CURRENT);
INSERT INTO project_info (project_id, project_info_type_id, value, create_user, create_date, modify_user, modify_date) VALUES (100031, 8, '', 132456, CURRENT, 132456, CURRENT);
INSERT INTO project_info (project_id, project_info_type_id, value, create_user, create_date, modify_user, modify_date) VALUES (100031, 11, 'On', 132456, CURRENT, 132456, CURRENT);
INSERT INTO project_info (project_id, project_info_type_id, value, create_user, create_date, modify_user, modify_date) VALUES (100031, 9, 'Off', 132456, CURRENT, 132456, CURRENT);
INSERT INTO project_info (project_id, project_info_type_id, value, create_user, create_date, modify_user, modify_date) VALUES (100031, 10, 'On', 132456, CURRENT, 132456, CURRENT);
INSERT INTO project_info (project_id, project_info_type_id, value, create_user, create_date, modify_user, modify_date) VALUES (100031, 12, 'Yes', 132456, CURRENT, 132456, CURRENT);
INSERT INTO project_info (project_id, project_info_type_id, value, create_user, create_date, modify_user, modify_date) VALUES (100031, 13, 'Yes', 132456, CURRENT, 132456, CURRENT);
INSERT INTO project_info (project_id, project_info_type_id, value, create_user, create_date, modify_user, modify_date) VALUES (100031, 14, 'Open', 132456, CURRENT, 132456, CURRENT);
INSERT INTO project_info (project_id, project_info_type_id, value, create_user, create_date, modify_user, modify_date) VALUES (100031, 16, '1200.0', 132456, CURRENT, 132456, CURRENT);
INSERT INTO project_info (project_id, project_info_type_id, value, create_user, create_date, modify_user, modify_date) VALUES (100031, 17, '', 132456, CURRENT, 132456, CURRENT);
INSERT INTO project_info (project_id, project_info_type_id, value, create_user, create_date, modify_user, modify_date) VALUES (100031, 26, 'On', 132456, CURRENT, 132456, CURRENT);
INSERT INTO project_info (project_id, project_info_type_id, value, create_user, create_date, modify_user, modify_date) VALUES (100031, 30, '540.0', 132456, CURRENT, 132456, CURRENT);
INSERT INTO project_info (project_id, project_info_type_id, value, create_user, create_date, modify_user, modify_date) VALUES (100031, 31, '6001.0', 132456, CURRENT, 132456, CURRENT);
INSERT INTO project_info (project_id, project_info_type_id, value, create_user, create_date, modify_user, modify_date) VALUES (100031, 33, '761.0', 132456, CURRENT, 132456, CURRENT);
INSERT INTO project_info (project_id, project_info_type_id, value, create_user, create_date, modify_user, modify_date) VALUES (100031, 35, '30.0', 132456, CURRENT, 132456, CURRENT);
INSERT INTO project_info (project_id, project_info_type_id, value, create_user, create_date, modify_user, modify_date) VALUES (100031, 36, '1200.0', 132456, CURRENT, 132456, CURRENT);
INSERT INTO project_info (project_id, project_info_type_id, value, create_user, create_date, modify_user, modify_date) VALUES (100031, 37, '600.0', 132456, CURRENT, 132456, CURRENT);
INSERT INTO project_info (project_id, project_info_type_id, value, create_user, create_date, modify_user, modify_date) VALUES (100031, 45, 'true', 132456, CURRENT, 132456, CURRENT);
INSERT INTO project_info (project_id, project_info_type_id, value, create_user, create_date, modify_user, modify_date) VALUES (100031, 47, 'true', 132456, CURRENT, 132456, CURRENT);
INSERT INTO project_info (project_id, project_info_type_id, value, create_user, create_date, modify_user, modify_date) VALUES (100031, 38, '380.0', 132456, CURRENT, 132456, CURRENT);
INSERT INTO project_info (project_id, project_info_type_id, value, create_user, create_date, modify_user, modify_date) VALUES (100031, 39, '0.0', 132456, CURRENT, 132456, CURRENT);
INSERT INTO project_info (project_id, project_info_type_id, value, create_user, create_date, modify_user, modify_date) VALUES (100031, 40, 'C', 132456, CURRENT, 132456, CURRENT);
INSERT INTO project_info (project_id, project_info_type_id, value, create_user, create_date, modify_user, modify_date) VALUES (100031, 32, '100001', 132456, CURRENT, 132456, CURRENT);
INSERT INTO project_info (project_id, project_info_type_id, value, create_user, create_date, modify_user, modify_date) VALUES (100031, 41, 'true', 132456, CURRENT, 132456, CURRENT);
INSERT INTO project_info (project_id, project_info_type_id, value, create_user, create_date, modify_user, modify_date) VALUES (100031, 43, 'true', 132456, CURRENT, 132456, CURRENT);
INSERT INTO project_info (project_id, project_info_type_id, value, create_user, create_date, modify_user, modify_date) VALUES (100031, 44, 'false', 132456, CURRENT, 132456, CURRENT);
INSERT INTO project_info (project_id, project_info_type_id, value, create_user, create_date, modify_user, modify_date) VALUES (100031, 46, 'true', 132456, CURRENT, 132456, CURRENT);
INSERT INTO project_info (project_id, project_info_type_id, value, create_user, create_date, modify_user, modify_date) VALUES (100031, 48, 'true', 132456, CURRENT, 132456, CURRENT);
INSERT INTO project_info (project_id, project_info_type_id, value, create_user, create_date, modify_user, modify_date) VALUES (100031, 21, '02.06.2013 15:21 MSK', 132456, CURRENT, 132456, CURRENT);
INSERT INTO project_info (project_id, project_info_type_id, value, create_user, create_date, modify_user, modify_date) VALUES (100031, 49, '500', 132456, CURRENT, 132456, CURRENT);
INSERT INTO project_info (project_id, project_info_type_id, value, create_user, create_date, modify_user, modify_date) VALUES (100031, 59, 'true', 132456, CURRENT, 132456, CURRENT);
INSERT INTO resource (resource_id, resource_role_id, project_id, project_phase_id, create_user, create_date, modify_user, modify_date) VALUES (100121, 13, 100031, NULL, 132456, CURRENT, 132456, CURRENT);
INSERT INTO resource (resource_id, resource_role_id, project_id, project_phase_id, create_user, create_date, modify_user, modify_date) VALUES (100122, 13, 100031, NULL, 132456, CURRENT, 132456, CURRENT);
INSERT INTO resource (resource_id, resource_role_id, project_id, project_phase_id, create_user, create_date, modify_user, modify_date) VALUES (100123, 14, 100031, NULL, 132456, CURRENT, 132456, CURRENT);
INSERT INTO resource (resource_id, resource_role_id, project_id, project_phase_id, create_user, create_date, modify_user, modify_date) VALUES (100124, 10, 100031, NULL, 132456, CURRENT, 132456, CURRENT);
INSERT INTO resource_info (resource_id, resource_info_type_id, value, create_user, create_date, modify_user, modify_date) VALUES (100121, 1, '132456', 132456, CURRENT, 132456, CURRENT);
INSERT INTO resource_info (resource_id, resource_info_type_id, value, create_user, create_date, modify_user, modify_date) VALUES (100121, 2, 'heffan', 132456, CURRENT, 132456, CURRENT);
INSERT INTO resource_info (resource_id, resource_info_type_id, value, create_user, create_date, modify_user, modify_date) VALUES (100121, 8, 'N/A', 132456, CURRENT, 132456, CURRENT);
INSERT INTO resource_info (resource_id, resource_info_type_id, value, create_user, create_date, modify_user, modify_date) VALUES (100121, 6, '01.26.2013 03:22 PM', 132456, CURRENT, 132456, CURRENT);
INSERT INTO resource_info (resource_id, resource_info_type_id, value, create_user, create_date, modify_user, modify_date) VALUES (100122, 1, '22719217', 132456, CURRENT, 132456, CURRENT);
INSERT INTO resource_info (resource_id, resource_info_type_id, value, create_user, create_date, modify_user, modify_date) VALUES (100122, 2, 'Components', 132456, CURRENT, 132456, CURRENT);
INSERT INTO resource_info (resource_id, resource_info_type_id, value, create_user, create_date, modify_user, modify_date) VALUES (100122, 8, 'N/A', 132456, CURRENT, 132456, CURRENT);
INSERT INTO resource_info (resource_id, resource_info_type_id, value, create_user, create_date, modify_user, modify_date) VALUES (100122, 6, '01.26.2013 03:23 PM', 132456, CURRENT, 132456, CURRENT);
INSERT INTO resource_info (resource_id, resource_info_type_id, value, create_user, create_date, modify_user, modify_date) VALUES (100123, 1, '132458', 132456, CURRENT, 132456, CURRENT);
INSERT INTO resource_info (resource_id, resource_info_type_id, value, create_user, create_date, modify_user, modify_date) VALUES (100123, 2, 'user', 132456, CURRENT, 132456, CURRENT);
INSERT INTO resource_info (resource_id, resource_info_type_id, value, create_user, create_date, modify_user, modify_date) VALUES (100123, 8, 'N/A', 132456, CURRENT, 132456, CURRENT);
INSERT INTO resource_info (resource_id, resource_info_type_id, value, create_user, create_date, modify_user, modify_date) VALUES (100123, 6, '01.26.2013 03:24 PM', 132456, CURRENT, 132456, CURRENT);
INSERT INTO resource_info (resource_id, resource_info_type_id, value, create_user, create_date, modify_user, modify_date) VALUES (100124, 1, '132458', 132456, CURRENT, 132456, CURRENT);
INSERT INTO resource_info (resource_id, resource_info_type_id, value, create_user, create_date, modify_user, modify_date) VALUES (100124, 2, 'user', 132456, CURRENT, 132456, CURRENT);
INSERT INTO resource_info (resource_id, resource_info_type_id, value, create_user, create_date, modify_user, modify_date) VALUES (100124, 8, 'N/A', 132456, CURRENT, 132456, CURRENT);
INSERT INTO resource_info (resource_id, resource_info_type_id, value, create_user, create_date, modify_user, modify_date) VALUES (100124, 6, '01.26.2013 03:25 PM', 132456, CURRENT, 132456, CURRENT);
INSERT INTO project_info (project_id, project_info_type_id, value, create_user, create_date, modify_user, modify_date) VALUES (100032, 1, '100032', 132456, CURRENT, 132456, CURRENT);
INSERT INTO project_info (project_id, project_info_type_id, value, create_user, create_date, modify_user, modify_date) VALUES (100032, 2, '100032', 132456, CURRENT, 132456, CURRENT);
INSERT INTO project_info (project_id, project_info_type_id, value, create_user, create_date, modify_user, modify_date) VALUES (100032, 3, '100032', 132456, CURRENT, 132456, CURRENT);
INSERT INTO project_info (project_id, project_info_type_id, value, create_user, create_date, modify_user, modify_date) VALUES (100032, 4, '100033', 132456, CURRENT, 132456, CURRENT);
INSERT INTO project_info (project_id, project_info_type_id, value, create_user, create_date, modify_user, modify_date) VALUES (100032, 5, '27202913', 132456, CURRENT, 132456, CURRENT);
INSERT INTO project_info (project_id, project_info_type_id, value, create_user, create_date, modify_user, modify_date) VALUES (100032, 6, 'Client 100001 Billing Account 1 Project 1 Module Assembly Contest 32', 132456, CURRENT, 132456, CURRENT);
INSERT INTO project_info (project_id, project_info_type_id, value, create_user, create_date, modify_user, modify_date) VALUES (100032, 7, '1.0', 132456, CURRENT, 132456, CURRENT);
INSERT INTO project_info (project_id, project_info_type_id, value, create_user, create_date, modify_user, modify_date) VALUES (100032, 8, '', 132456, CURRENT, 132456, CURRENT);
INSERT INTO project_info (project_id, project_info_type_id, value, create_user, create_date, modify_user, modify_date) VALUES (100032, 11, 'On', 132456, CURRENT, 132456, CURRENT);
INSERT INTO project_info (project_id, project_info_type_id, value, create_user, create_date, modify_user, modify_date) VALUES (100032, 9, 'Off', 132456, CURRENT, 132456, CURRENT);
INSERT INTO project_info (project_id, project_info_type_id, value, create_user, create_date, modify_user, modify_date) VALUES (100032, 10, 'On', 132456, CURRENT, 132456, CURRENT);
INSERT INTO project_info (project_id, project_info_type_id, value, create_user, create_date, modify_user, modify_date) VALUES (100032, 12, 'Yes', 132456, CURRENT, 132456, CURRENT);
INSERT INTO project_info (project_id, project_info_type_id, value, create_user, create_date, modify_user, modify_date) VALUES (100032, 13, 'Yes', 132456, CURRENT, 132456, CURRENT);
INSERT INTO project_info (project_id, project_info_type_id, value, create_user, create_date, modify_user, modify_date) VALUES (100032, 14, 'Open', 132456, CURRENT, 132456, CURRENT);
INSERT INTO project_info (project_id, project_info_type_id, value, create_user, create_date, modify_user, modify_date) VALUES (100032, 16, '1200.0', 132456, CURRENT, 132456, CURRENT);
INSERT INTO project_info (project_id, project_info_type_id, value, create_user, create_date, modify_user, modify_date) VALUES (100032, 17, '', 132456, CURRENT, 132456, CURRENT);
INSERT INTO project_info (project_id, project_info_type_id, value, create_user, create_date, modify_user, modify_date) VALUES (100032, 26, 'On', 132456, CURRENT, 132456, CURRENT);
INSERT INTO project_info (project_id, project_info_type_id, value, create_user, create_date, modify_user, modify_date) VALUES (100032, 30, '540.0', 132456, CURRENT, 132456, CURRENT);
INSERT INTO project_info (project_id, project_info_type_id, value, create_user, create_date, modify_user, modify_date) VALUES (100032, 31, '6001.0', 132456, CURRENT, 132456, CURRENT);
INSERT INTO project_info (project_id, project_info_type_id, value, create_user, create_date, modify_user, modify_date) VALUES (100032, 33, '761.0', 132456, CURRENT, 132456, CURRENT);
INSERT INTO project_info (project_id, project_info_type_id, value, create_user, create_date, modify_user, modify_date) VALUES (100032, 35, '30.0', 132456, CURRENT, 132456, CURRENT);
INSERT INTO project_info (project_id, project_info_type_id, value, create_user, create_date, modify_user, modify_date) VALUES (100032, 36, '1200.0', 132456, CURRENT, 132456, CURRENT);
INSERT INTO project_info (project_id, project_info_type_id, value, create_user, create_date, modify_user, modify_date) VALUES (100032, 37, '600.0', 132456, CURRENT, 132456, CURRENT);
INSERT INTO project_info (project_id, project_info_type_id, value, create_user, create_date, modify_user, modify_date) VALUES (100032, 45, 'true', 132456, CURRENT, 132456, CURRENT);
INSERT INTO project_info (project_id, project_info_type_id, value, create_user, create_date, modify_user, modify_date) VALUES (100032, 47, 'true', 132456, CURRENT, 132456, CURRENT);
INSERT INTO project_info (project_id, project_info_type_id, value, create_user, create_date, modify_user, modify_date) VALUES (100032, 38, '380.0', 132456, CURRENT, 132456, CURRENT);
INSERT INTO project_info (project_id, project_info_type_id, value, create_user, create_date, modify_user, modify_date) VALUES (100032, 39, '0.0', 132456, CURRENT, 132456, CURRENT);
INSERT INTO project_info (project_id, project_info_type_id, value, create_user, create_date, modify_user, modify_date) VALUES (100032, 40, 'C', 132456, CURRENT, 132456, CURRENT);
INSERT INTO project_info (project_id, project_info_type_id, value, create_user, create_date, modify_user, modify_date) VALUES (100032, 32, '100001', 132456, CURRENT, 132456, CURRENT);
INSERT INTO project_info (project_id, project_info_type_id, value, create_user, create_date, modify_user, modify_date) VALUES (100032, 41, 'true', 132456, CURRENT, 132456, CURRENT);
INSERT INTO project_info (project_id, project_info_type_id, value, create_user, create_date, modify_user, modify_date) VALUES (100032, 43, 'true', 132456, CURRENT, 132456, CURRENT);
INSERT INTO project_info (project_id, project_info_type_id, value, create_user, create_date, modify_user, modify_date) VALUES (100032, 44, 'false', 132456, CURRENT, 132456, CURRENT);
INSERT INTO project_info (project_id, project_info_type_id, value, create_user, create_date, modify_user, modify_date) VALUES (100032, 46, 'true', 132456, CURRENT, 132456, CURRENT);
INSERT INTO project_info (project_id, project_info_type_id, value, create_user, create_date, modify_user, modify_date) VALUES (100032, 48, 'true', 132456, CURRENT, 132456, CURRENT);
INSERT INTO project_info (project_id, project_info_type_id, value, create_user, create_date, modify_user, modify_date) VALUES (100032, 21, '02.11.2013 16:21 MSK', 132456, CURRENT, 132456, CURRENT);
INSERT INTO project_info (project_id, project_info_type_id, value, create_user, create_date, modify_user, modify_date) VALUES (100032, 49, '500', 132456, CURRENT, 132456, CURRENT);
INSERT INTO project_info (project_id, project_info_type_id, value, create_user, create_date, modify_user, modify_date) VALUES (100032, 59, 'true', 132456, CURRENT, 132456, CURRENT);
INSERT INTO resource (resource_id, resource_role_id, project_id, project_phase_id, create_user, create_date, modify_user, modify_date) VALUES (100125, 13, 100032, NULL, 132456, CURRENT, 132456, CURRENT);
INSERT INTO resource (resource_id, resource_role_id, project_id, project_phase_id, create_user, create_date, modify_user, modify_date) VALUES (100126, 13, 100032, NULL, 132456, CURRENT, 132456, CURRENT);
INSERT INTO resource (resource_id, resource_role_id, project_id, project_phase_id, create_user, create_date, modify_user, modify_date) VALUES (100127, 14, 100032, NULL, 132456, CURRENT, 132456, CURRENT);
INSERT INTO resource (resource_id, resource_role_id, project_id, project_phase_id, create_user, create_date, modify_user, modify_date) VALUES (100128, 10, 100032, NULL, 132456, CURRENT, 132456, CURRENT);
INSERT INTO resource_info (resource_id, resource_info_type_id, value, create_user, create_date, modify_user, modify_date) VALUES (100125, 1, '132456', 132456, CURRENT, 132456, CURRENT);
INSERT INTO resource_info (resource_id, resource_info_type_id, value, create_user, create_date, modify_user, modify_date) VALUES (100125, 2, 'heffan', 132456, CURRENT, 132456, CURRENT);
INSERT INTO resource_info (resource_id, resource_info_type_id, value, create_user, create_date, modify_user, modify_date) VALUES (100125, 8, 'N/A', 132456, CURRENT, 132456, CURRENT);
INSERT INTO resource_info (resource_id, resource_info_type_id, value, create_user, create_date, modify_user, modify_date) VALUES (100125, 6, '01.26.2013 03:22 PM', 132456, CURRENT, 132456, CURRENT);
INSERT INTO resource_info (resource_id, resource_info_type_id, value, create_user, create_date, modify_user, modify_date) VALUES (100126, 1, '22770213', 132456, CURRENT, 132456, CURRENT);
INSERT INTO resource_info (resource_id, resource_info_type_id, value, create_user, create_date, modify_user, modify_date) VALUES (100126, 2, 'Applications', 132456, CURRENT, 132456, CURRENT);
INSERT INTO resource_info (resource_id, resource_info_type_id, value, create_user, create_date, modify_user, modify_date) VALUES (100126, 8, 'N/A', 132456, CURRENT, 132456, CURRENT);
INSERT INTO resource_info (resource_id, resource_info_type_id, value, create_user, create_date, modify_user, modify_date) VALUES (100126, 6, '01.26.2013 03:23 PM', 132456, CURRENT, 132456, CURRENT);
INSERT INTO resource_info (resource_id, resource_info_type_id, value, create_user, create_date, modify_user, modify_date) VALUES (100127, 1, '132458', 132456, CURRENT, 132456, CURRENT);
INSERT INTO resource_info (resource_id, resource_info_type_id, value, create_user, create_date, modify_user, modify_date) VALUES (100127, 2, 'user', 132456, CURRENT, 132456, CURRENT);
INSERT INTO resource_info (resource_id, resource_info_type_id, value, create_user, create_date, modify_user, modify_date) VALUES (100127, 8, 'N/A', 132456, CURRENT, 132456, CURRENT);
INSERT INTO resource_info (resource_id, resource_info_type_id, value, create_user, create_date, modify_user, modify_date) VALUES (100127, 6, '01.26.2013 03:24 PM', 132456, CURRENT, 132456, CURRENT);
INSERT INTO resource_info (resource_id, resource_info_type_id, value, create_user, create_date, modify_user, modify_date) VALUES (100128, 1, '132458', 132456, CURRENT, 132456, CURRENT);
INSERT INTO resource_info (resource_id, resource_info_type_id, value, create_user, create_date, modify_user, modify_date) VALUES (100128, 2, 'user', 132456, CURRENT, 132456, CURRENT);
INSERT INTO resource_info (resource_id, resource_info_type_id, value, create_user, create_date, modify_user, modify_date) VALUES (100128, 8, 'N/A', 132456, CURRENT, 132456, CURRENT);
INSERT INTO resource_info (resource_id, resource_info_type_id, value, create_user, create_date, modify_user, modify_date) VALUES (100128, 6, '01.26.2013 03:25 PM', 132456, CURRENT, 132456, CURRENT);
INSERT INTO project_info (project_id, project_info_type_id, value, create_user, create_date, modify_user, modify_date) VALUES (100033, 1, '100033', 132456, CURRENT, 132456, CURRENT);
INSERT INTO project_info (project_id, project_info_type_id, value, create_user, create_date, modify_user, modify_date) VALUES (100033, 2, '100033', 132456, CURRENT, 132456, CURRENT);
INSERT INTO project_info (project_id, project_info_type_id, value, create_user, create_date, modify_user, modify_date) VALUES (100033, 3, '100033', 132456, CURRENT, 132456, CURRENT);
INSERT INTO project_info (project_id, project_info_type_id, value, create_user, create_date, modify_user, modify_date) VALUES (100033, 4, '100034', 132456, CURRENT, 132456, CURRENT);
INSERT INTO project_info (project_id, project_info_type_id, value, create_user, create_date, modify_user, modify_date) VALUES (100033, 5, '27202907', 132456, CURRENT, 132456, CURRENT);
INSERT INTO project_info (project_id, project_info_type_id, value, create_user, create_date, modify_user, modify_date) VALUES (100033, 6, 'Client 100001 Billing Account 1 Project 1 Design Contest 33', 132456, CURRENT, 132456, CURRENT);
INSERT INTO project_info (project_id, project_info_type_id, value, create_user, create_date, modify_user, modify_date) VALUES (100033, 7, '1.0', 132456, CURRENT, 132456, CURRENT);
INSERT INTO project_info (project_id, project_info_type_id, value, create_user, create_date, modify_user, modify_date) VALUES (100033, 8, '', 132456, CURRENT, 132456, CURRENT);
INSERT INTO project_info (project_id, project_info_type_id, value, create_user, create_date, modify_user, modify_date) VALUES (100033, 11, 'On', 132456, CURRENT, 132456, CURRENT);
INSERT INTO project_info (project_id, project_info_type_id, value, create_user, create_date, modify_user, modify_date) VALUES (100033, 9, 'Off', 132456, CURRENT, 132456, CURRENT);
INSERT INTO project_info (project_id, project_info_type_id, value, create_user, create_date, modify_user, modify_date) VALUES (100033, 10, 'On', 132456, CURRENT, 132456, CURRENT);
INSERT INTO project_info (project_id, project_info_type_id, value, create_user, create_date, modify_user, modify_date) VALUES (100033, 12, 'Yes', 132456, CURRENT, 132456, CURRENT);
INSERT INTO project_info (project_id, project_info_type_id, value, create_user, create_date, modify_user, modify_date) VALUES (100033, 13, 'Yes', 132456, CURRENT, 132456, CURRENT);
INSERT INTO project_info (project_id, project_info_type_id, value, create_user, create_date, modify_user, modify_date) VALUES (100033, 14, 'Open', 132456, CURRENT, 132456, CURRENT);
INSERT INTO project_info (project_id, project_info_type_id, value, create_user, create_date, modify_user, modify_date) VALUES (100033, 16, '1200.0', 132456, CURRENT, 132456, CURRENT);
INSERT INTO project_info (project_id, project_info_type_id, value, create_user, create_date, modify_user, modify_date) VALUES (100033, 17, '', 132456, CURRENT, 132456, CURRENT);
INSERT INTO project_info (project_id, project_info_type_id, value, create_user, create_date, modify_user, modify_date) VALUES (100033, 26, 'On', 132456, CURRENT, 132456, CURRENT);
INSERT INTO project_info (project_id, project_info_type_id, value, create_user, create_date, modify_user, modify_date) VALUES (100033, 30, '540.0', 132456, CURRENT, 132456, CURRENT);
INSERT INTO project_info (project_id, project_info_type_id, value, create_user, create_date, modify_user, modify_date) VALUES (100033, 31, '6001.0', 132456, CURRENT, 132456, CURRENT);
INSERT INTO project_info (project_id, project_info_type_id, value, create_user, create_date, modify_user, modify_date) VALUES (100033, 33, '761.0', 132456, CURRENT, 132456, CURRENT);
INSERT INTO project_info (project_id, project_info_type_id, value, create_user, create_date, modify_user, modify_date) VALUES (100033, 35, '30.0', 132456, CURRENT, 132456, CURRENT);
INSERT INTO project_info (project_id, project_info_type_id, value, create_user, create_date, modify_user, modify_date) VALUES (100033, 36, '1200.0', 132456, CURRENT, 132456, CURRENT);
INSERT INTO project_info (project_id, project_info_type_id, value, create_user, create_date, modify_user, modify_date) VALUES (100033, 37, '600.0', 132456, CURRENT, 132456, CURRENT);
INSERT INTO project_info (project_id, project_info_type_id, value, create_user, create_date, modify_user, modify_date) VALUES (100033, 45, 'true', 132456, CURRENT, 132456, CURRENT);
INSERT INTO project_info (project_id, project_info_type_id, value, create_user, create_date, modify_user, modify_date) VALUES (100033, 47, 'true', 132456, CURRENT, 132456, CURRENT);
INSERT INTO project_info (project_id, project_info_type_id, value, create_user, create_date, modify_user, modify_date) VALUES (100033, 38, '380.0', 132456, CURRENT, 132456, CURRENT);
INSERT INTO project_info (project_id, project_info_type_id, value, create_user, create_date, modify_user, modify_date) VALUES (100033, 39, '0.0', 132456, CURRENT, 132456, CURRENT);
INSERT INTO project_info (project_id, project_info_type_id, value, create_user, create_date, modify_user, modify_date) VALUES (100033, 40, 'C', 132456, CURRENT, 132456, CURRENT);
INSERT INTO project_info (project_id, project_info_type_id, value, create_user, create_date, modify_user, modify_date) VALUES (100033, 32, '100001', 132456, CURRENT, 132456, CURRENT);
INSERT INTO project_info (project_id, project_info_type_id, value, create_user, create_date, modify_user, modify_date) VALUES (100033, 41, 'true', 132456, CURRENT, 132456, CURRENT);
INSERT INTO project_info (project_id, project_info_type_id, value, create_user, create_date, modify_user, modify_date) VALUES (100033, 43, 'true', 132456, CURRENT, 132456, CURRENT);
INSERT INTO project_info (project_id, project_info_type_id, value, create_user, create_date, modify_user, modify_date) VALUES (100033, 44, 'false', 132456, CURRENT, 132456, CURRENT);
INSERT INTO project_info (project_id, project_info_type_id, value, create_user, create_date, modify_user, modify_date) VALUES (100033, 46, 'true', 132456, CURRENT, 132456, CURRENT);
INSERT INTO project_info (project_id, project_info_type_id, value, create_user, create_date, modify_user, modify_date) VALUES (100033, 48, 'true', 132456, CURRENT, 132456, CURRENT);
INSERT INTO project_info (project_id, project_info_type_id, value, create_user, create_date, modify_user, modify_date) VALUES (100033, 21, '02.06.2013 15:21 MSK', 132456, CURRENT, 132456, CURRENT);
INSERT INTO project_info (project_id, project_info_type_id, value, create_user, create_date, modify_user, modify_date) VALUES (100033, 49, '500', 132456, CURRENT, 132456, CURRENT);
INSERT INTO project_info (project_id, project_info_type_id, value, create_user, create_date, modify_user, modify_date) VALUES (100033, 59, 'true', 132456, CURRENT, 132456, CURRENT);
INSERT INTO resource (resource_id, resource_role_id, project_id, project_phase_id, create_user, create_date, modify_user, modify_date) VALUES (100129, 13, 100033, NULL, 132456, CURRENT, 132456, CURRENT);
INSERT INTO resource (resource_id, resource_role_id, project_id, project_phase_id, create_user, create_date, modify_user, modify_date) VALUES (100130, 13, 100033, NULL, 132456, CURRENT, 132456, CURRENT);
INSERT INTO resource (resource_id, resource_role_id, project_id, project_phase_id, create_user, create_date, modify_user, modify_date) VALUES (100131, 14, 100033, NULL, 132456, CURRENT, 132456, CURRENT);
INSERT INTO resource (resource_id, resource_role_id, project_id, project_phase_id, create_user, create_date, modify_user, modify_date) VALUES (100132, 10, 100033, NULL, 132456, CURRENT, 132456, CURRENT);
INSERT INTO resource_info (resource_id, resource_info_type_id, value, create_user, create_date, modify_user, modify_date) VALUES (100129, 1, '132456', 132456, CURRENT, 132456, CURRENT);
INSERT INTO resource_info (resource_id, resource_info_type_id, value, create_user, create_date, modify_user, modify_date) VALUES (100129, 2, 'heffan', 132456, CURRENT, 132456, CURRENT);
INSERT INTO resource_info (resource_id, resource_info_type_id, value, create_user, create_date, modify_user, modify_date) VALUES (100129, 8, 'N/A', 132456, CURRENT, 132456, CURRENT);
INSERT INTO resource_info (resource_id, resource_info_type_id, value, create_user, create_date, modify_user, modify_date) VALUES (100129, 6, '01.26.2013 03:22 PM', 132456, CURRENT, 132456, CURRENT);
INSERT INTO resource_info (resource_id, resource_info_type_id, value, create_user, create_date, modify_user, modify_date) VALUES (100130, 1, '22719217', 132456, CURRENT, 132456, CURRENT);
INSERT INTO resource_info (resource_id, resource_info_type_id, value, create_user, create_date, modify_user, modify_date) VALUES (100130, 2, 'Components', 132456, CURRENT, 132456, CURRENT);
INSERT INTO resource_info (resource_id, resource_info_type_id, value, create_user, create_date, modify_user, modify_date) VALUES (100130, 8, 'N/A', 132456, CURRENT, 132456, CURRENT);
INSERT INTO resource_info (resource_id, resource_info_type_id, value, create_user, create_date, modify_user, modify_date) VALUES (100130, 6, '01.26.2013 03:23 PM', 132456, CURRENT, 132456, CURRENT);
INSERT INTO resource_info (resource_id, resource_info_type_id, value, create_user, create_date, modify_user, modify_date) VALUES (100131, 1, '132458', 132456, CURRENT, 132456, CURRENT);
INSERT INTO resource_info (resource_id, resource_info_type_id, value, create_user, create_date, modify_user, modify_date) VALUES (100131, 2, 'user', 132456, CURRENT, 132456, CURRENT);
INSERT INTO resource_info (resource_id, resource_info_type_id, value, create_user, create_date, modify_user, modify_date) VALUES (100131, 8, 'N/A', 132456, CURRENT, 132456, CURRENT);
INSERT INTO resource_info (resource_id, resource_info_type_id, value, create_user, create_date, modify_user, modify_date) VALUES (100131, 6, '01.26.2013 03:24 PM', 132456, CURRENT, 132456, CURRENT);
INSERT INTO resource_info (resource_id, resource_info_type_id, value, create_user, create_date, modify_user, modify_date) VALUES (100132, 1, '132458', 132456, CURRENT, 132456, CURRENT);
INSERT INTO resource_info (resource_id, resource_info_type_id, value, create_user, create_date, modify_user, modify_date) VALUES (100132, 2, 'user', 132456, CURRENT, 132456, CURRENT);
INSERT INTO resource_info (resource_id, resource_info_type_id, value, create_user, create_date, modify_user, modify_date) VALUES (100132, 8, 'N/A', 132456, CURRENT, 132456, CURRENT);
INSERT INTO resource_info (resource_id, resource_info_type_id, value, create_user, create_date, modify_user, modify_date) VALUES (100132, 6, '01.26.2013 03:25 PM', 132456, CURRENT, 132456, CURRENT);
INSERT INTO project_info (project_id, project_info_type_id, value, create_user, create_date, modify_user, modify_date) VALUES (100034, 1, '100034', 132456, CURRENT, 132456, CURRENT);
INSERT INTO project_info (project_id, project_info_type_id, value, create_user, create_date, modify_user, modify_date) VALUES (100034, 2, '100034', 132456, CURRENT, 132456, CURRENT);
INSERT INTO project_info (project_id, project_info_type_id, value, create_user, create_date, modify_user, modify_date) VALUES (100034, 3, '100034', 132456, CURRENT, 132456, CURRENT);
INSERT INTO project_info (project_id, project_info_type_id, value, create_user, create_date, modify_user, modify_date) VALUES (100034, 4, '100035', 132456, CURRENT, 132456, CURRENT);
INSERT INTO project_info (project_id, project_info_type_id, value, create_user, create_date, modify_user, modify_date) VALUES (100034, 5, '26805357', 132456, CURRENT, 132456, CURRENT);
INSERT INTO project_info (project_id, project_info_type_id, value, create_user, create_date, modify_user, modify_date) VALUES (100034, 6, 'Client 100001 Billing Account 1 Project 1 Design Contest 34', 132456, CURRENT, 132456, CURRENT);
INSERT INTO project_info (project_id, project_info_type_id, value, create_user, create_date, modify_user, modify_date) VALUES (100034, 7, '1.0', 132456, CURRENT, 132456, CURRENT);
INSERT INTO project_info (project_id, project_info_type_id, value, create_user, create_date, modify_user, modify_date) VALUES (100034, 8, '', 132456, CURRENT, 132456, CURRENT);
INSERT INTO project_info (project_id, project_info_type_id, value, create_user, create_date, modify_user, modify_date) VALUES (100034, 11, 'On', 132456, CURRENT, 132456, CURRENT);
INSERT INTO project_info (project_id, project_info_type_id, value, create_user, create_date, modify_user, modify_date) VALUES (100034, 9, 'Off', 132456, CURRENT, 132456, CURRENT);
INSERT INTO project_info (project_id, project_info_type_id, value, create_user, create_date, modify_user, modify_date) VALUES (100034, 10, 'On', 132456, CURRENT, 132456, CURRENT);
INSERT INTO project_info (project_id, project_info_type_id, value, create_user, create_date, modify_user, modify_date) VALUES (100034, 12, 'Yes', 132456, CURRENT, 132456, CURRENT);
INSERT INTO project_info (project_id, project_info_type_id, value, create_user, create_date, modify_user, modify_date) VALUES (100034, 13, 'Yes', 132456, CURRENT, 132456, CURRENT);
INSERT INTO project_info (project_id, project_info_type_id, value, create_user, create_date, modify_user, modify_date) VALUES (100034, 14, 'Open', 132456, CURRENT, 132456, CURRENT);
INSERT INTO project_info (project_id, project_info_type_id, value, create_user, create_date, modify_user, modify_date) VALUES (100034, 16, '800.0', 132456, CURRENT, 132456, CURRENT);
INSERT INTO project_info (project_id, project_info_type_id, value, create_user, create_date, modify_user, modify_date) VALUES (100034, 17, '', 132456, CURRENT, 132456, CURRENT);
INSERT INTO project_info (project_id, project_info_type_id, value, create_user, create_date, modify_user, modify_date) VALUES (100034, 26, 'On', 132456, CURRENT, 132456, CURRENT);
INSERT INTO project_info (project_id, project_info_type_id, value, create_user, create_date, modify_user, modify_date) VALUES (100034, 30, '360.0', 132456, CURRENT, 132456, CURRENT);
INSERT INTO project_info (project_id, project_info_type_id, value, create_user, create_date, modify_user, modify_date) VALUES (100034, 31, '6001.0', 132456, CURRENT, 132456, CURRENT);
INSERT INTO project_info (project_id, project_info_type_id, value, create_user, create_date, modify_user, modify_date) VALUES (100034, 33, '605.0', 132456, CURRENT, 132456, CURRENT);
INSERT INTO project_info (project_id, project_info_type_id, value, create_user, create_date, modify_user, modify_date) VALUES (100034, 35, '30.0', 132456, CURRENT, 132456, CURRENT);
INSERT INTO project_info (project_id, project_info_type_id, value, create_user, create_date, modify_user, modify_date) VALUES (100034, 36, '800.0', 132456, CURRENT, 132456, CURRENT);
INSERT INTO project_info (project_id, project_info_type_id, value, create_user, create_date, modify_user, modify_date) VALUES (100034, 37, '400.0', 132456, CURRENT, 132456, CURRENT);
INSERT INTO project_info (project_id, project_info_type_id, value, create_user, create_date, modify_user, modify_date) VALUES (100034, 45, 'true', 132456, CURRENT, 132456, CURRENT);
INSERT INTO project_info (project_id, project_info_type_id, value, create_user, create_date, modify_user, modify_date) VALUES (100034, 47, 'true', 132456, CURRENT, 132456, CURRENT);
INSERT INTO project_info (project_id, project_info_type_id, value, create_user, create_date, modify_user, modify_date) VALUES (100034, 38, '240.0', 132456, CURRENT, 132456, CURRENT);
INSERT INTO project_info (project_id, project_info_type_id, value, create_user, create_date, modify_user, modify_date) VALUES (100034, 39, '0.0', 132456, CURRENT, 132456, CURRENT);
INSERT INTO project_info (project_id, project_info_type_id, value, create_user, create_date, modify_user, modify_date) VALUES (100034, 40, 'A', 132456, CURRENT, 132456, CURRENT);
INSERT INTO project_info (project_id, project_info_type_id, value, create_user, create_date, modify_user, modify_date) VALUES (100034, 32, '100001', 132456, CURRENT, 132456, CURRENT);
INSERT INTO project_info (project_id, project_info_type_id, value, create_user, create_date, modify_user, modify_date) VALUES (100034, 41, 'true', 132456, CURRENT, 132456, CURRENT);
INSERT INTO project_info (project_id, project_info_type_id, value, create_user, create_date, modify_user, modify_date) VALUES (100034, 43, 'true', 132456, CURRENT, 132456, CURRENT);
INSERT INTO project_info (project_id, project_info_type_id, value, create_user, create_date, modify_user, modify_date) VALUES (100034, 44, 'false', 132456, CURRENT, 132456, CURRENT);
INSERT INTO project_info (project_id, project_info_type_id, value, create_user, create_date, modify_user, modify_date) VALUES (100034, 46, 'true', 132456, CURRENT, 132456, CURRENT);
INSERT INTO project_info (project_id, project_info_type_id, value, create_user, create_date, modify_user, modify_date) VALUES (100034, 48, 'true', 132456, CURRENT, 132456, CURRENT);
INSERT INTO project_info (project_id, project_info_type_id, value, create_user, create_date, modify_user, modify_date) VALUES (100034, 21, '02.06.2013 15:21 MSK', 132456, CURRENT, 132456, CURRENT);
INSERT INTO project_info (project_id, project_info_type_id, value, create_user, create_date, modify_user, modify_date) VALUES (100034, 49, '500', 132456, CURRENT, 132456, CURRENT);
INSERT INTO project_info (project_id, project_info_type_id, value, create_user, create_date, modify_user, modify_date) VALUES (100034, 59, 'true', 132456, CURRENT, 132456, CURRENT);
INSERT INTO resource (resource_id, resource_role_id, project_id, project_phase_id, create_user, create_date, modify_user, modify_date) VALUES (100133, 13, 100034, NULL, 132456, CURRENT, 132456, CURRENT);
INSERT INTO resource (resource_id, resource_role_id, project_id, project_phase_id, create_user, create_date, modify_user, modify_date) VALUES (100134, 13, 100034, NULL, 132456, CURRENT, 132456, CURRENT);
INSERT INTO resource (resource_id, resource_role_id, project_id, project_phase_id, create_user, create_date, modify_user, modify_date) VALUES (100135, 14, 100034, NULL, 132456, CURRENT, 132456, CURRENT);
INSERT INTO resource (resource_id, resource_role_id, project_id, project_phase_id, create_user, create_date, modify_user, modify_date) VALUES (100136, 10, 100034, NULL, 132456, CURRENT, 132456, CURRENT);
INSERT INTO resource_info (resource_id, resource_info_type_id, value, create_user, create_date, modify_user, modify_date) VALUES (100133, 1, '132456', 132456, CURRENT, 132456, CURRENT);
INSERT INTO resource_info (resource_id, resource_info_type_id, value, create_user, create_date, modify_user, modify_date) VALUES (100133, 2, 'heffan', 132456, CURRENT, 132456, CURRENT);
INSERT INTO resource_info (resource_id, resource_info_type_id, value, create_user, create_date, modify_user, modify_date) VALUES (100133, 8, 'N/A', 132456, CURRENT, 132456, CURRENT);
INSERT INTO resource_info (resource_id, resource_info_type_id, value, create_user, create_date, modify_user, modify_date) VALUES (100133, 6, '01.26.2013 03:22 PM', 132456, CURRENT, 132456, CURRENT);
INSERT INTO resource_info (resource_id, resource_info_type_id, value, create_user, create_date, modify_user, modify_date) VALUES (100134, 1, '22719217', 132456, CURRENT, 132456, CURRENT);
INSERT INTO resource_info (resource_id, resource_info_type_id, value, create_user, create_date, modify_user, modify_date) VALUES (100134, 2, 'Components', 132456, CURRENT, 132456, CURRENT);
INSERT INTO resource_info (resource_id, resource_info_type_id, value, create_user, create_date, modify_user, modify_date) VALUES (100134, 8, 'N/A', 132456, CURRENT, 132456, CURRENT);
INSERT INTO resource_info (resource_id, resource_info_type_id, value, create_user, create_date, modify_user, modify_date) VALUES (100134, 6, '01.26.2013 03:23 PM', 132456, CURRENT, 132456, CURRENT);
INSERT INTO resource_info (resource_id, resource_info_type_id, value, create_user, create_date, modify_user, modify_date) VALUES (100135, 1, '132458', 132456, CURRENT, 132456, CURRENT);
INSERT INTO resource_info (resource_id, resource_info_type_id, value, create_user, create_date, modify_user, modify_date) VALUES (100135, 2, 'user', 132456, CURRENT, 132456, CURRENT);
INSERT INTO resource_info (resource_id, resource_info_type_id, value, create_user, create_date, modify_user, modify_date) VALUES (100135, 8, 'N/A', 132456, CURRENT, 132456, CURRENT);
INSERT INTO resource_info (resource_id, resource_info_type_id, value, create_user, create_date, modify_user, modify_date) VALUES (100135, 6, '01.26.2013 03:24 PM', 132456, CURRENT, 132456, CURRENT);
INSERT INTO resource_info (resource_id, resource_info_type_id, value, create_user, create_date, modify_user, modify_date) VALUES (100136, 1, '132458', 132456, CURRENT, 132456, CURRENT);
INSERT INTO resource_info (resource_id, resource_info_type_id, value, create_user, create_date, modify_user, modify_date) VALUES (100136, 2, 'user', 132456, CURRENT, 132456, CURRENT);
INSERT INTO resource_info (resource_id, resource_info_type_id, value, create_user, create_date, modify_user, modify_date) VALUES (100136, 8, 'N/A', 132456, CURRENT, 132456, CURRENT);
INSERT INTO resource_info (resource_id, resource_info_type_id, value, create_user, create_date, modify_user, modify_date) VALUES (100136, 6, '01.26.2013 03:25 PM', 132456, CURRENT, 132456, CURRENT);
INSERT INTO project_info (project_id, project_info_type_id, value, create_user, create_date, modify_user, modify_date) VALUES (100035, 1, '100035', 132456, CURRENT, 132456, CURRENT);
INSERT INTO project_info (project_id, project_info_type_id, value, create_user, create_date, modify_user, modify_date) VALUES (100035, 2, '100035', 132456, CURRENT, 132456, CURRENT);
INSERT INTO project_info (project_id, project_info_type_id, value, create_user, create_date, modify_user, modify_date) VALUES (100035, 3, '100035', 132456, CURRENT, 132456, CURRENT);
INSERT INTO project_info (project_id, project_info_type_id, value, create_user, create_date, modify_user, modify_date) VALUES (100035, 4, '100036', 132456, CURRENT, 132456, CURRENT);
INSERT INTO project_info (project_id, project_info_type_id, value, create_user, create_date, modify_user, modify_date) VALUES (100035, 5, '27202909', 132456, CURRENT, 132456, CURRENT);
INSERT INTO project_info (project_id, project_info_type_id, value, create_user, create_date, modify_user, modify_date) VALUES (100035, 6, 'Client 100001 Billing Account 1 Project 1 Design Contest 35', 132456, CURRENT, 132456, CURRENT);
INSERT INTO project_info (project_id, project_info_type_id, value, create_user, create_date, modify_user, modify_date) VALUES (100035, 7, '1.0', 132456, CURRENT, 132456, CURRENT);
INSERT INTO project_info (project_id, project_info_type_id, value, create_user, create_date, modify_user, modify_date) VALUES (100035, 8, '', 132456, CURRENT, 132456, CURRENT);
INSERT INTO project_info (project_id, project_info_type_id, value, create_user, create_date, modify_user, modify_date) VALUES (100035, 11, 'On', 132456, CURRENT, 132456, CURRENT);
INSERT INTO project_info (project_id, project_info_type_id, value, create_user, create_date, modify_user, modify_date) VALUES (100035, 9, 'Off', 132456, CURRENT, 132456, CURRENT);
INSERT INTO project_info (project_id, project_info_type_id, value, create_user, create_date, modify_user, modify_date) VALUES (100035, 10, 'On', 132456, CURRENT, 132456, CURRENT);
INSERT INTO project_info (project_id, project_info_type_id, value, create_user, create_date, modify_user, modify_date) VALUES (100035, 12, 'Yes', 132456, CURRENT, 132456, CURRENT);
INSERT INTO project_info (project_id, project_info_type_id, value, create_user, create_date, modify_user, modify_date) VALUES (100035, 13, 'Yes', 132456, CURRENT, 132456, CURRENT);
INSERT INTO project_info (project_id, project_info_type_id, value, create_user, create_date, modify_user, modify_date) VALUES (100035, 14, 'Open', 132456, CURRENT, 132456, CURRENT);
INSERT INTO project_info (project_id, project_info_type_id, value, create_user, create_date, modify_user, modify_date) VALUES (100035, 16, '1000.0', 132456, CURRENT, 132456, CURRENT);
INSERT INTO project_info (project_id, project_info_type_id, value, create_user, create_date, modify_user, modify_date) VALUES (100035, 17, '', 132456, CURRENT, 132456, CURRENT);
INSERT INTO project_info (project_id, project_info_type_id, value, create_user, create_date, modify_user, modify_date) VALUES (100035, 26, 'On', 132456, CURRENT, 132456, CURRENT);
INSERT INTO project_info (project_id, project_info_type_id, value, create_user, create_date, modify_user, modify_date) VALUES (100035, 30, '450.0', 132456, CURRENT, 132456, CURRENT);
INSERT INTO project_info (project_id, project_info_type_id, value, create_user, create_date, modify_user, modify_date) VALUES (100035, 31, '6001.0', 132456, CURRENT, 132456, CURRENT);
INSERT INTO project_info (project_id, project_info_type_id, value, create_user, create_date, modify_user, modify_date) VALUES (100035, 33, '683.0', 132456, CURRENT, 132456, CURRENT);
INSERT INTO project_info (project_id, project_info_type_id, value, create_user, create_date, modify_user, modify_date) VALUES (100035, 35, '30.0', 132456, CURRENT, 132456, CURRENT);
INSERT INTO project_info (project_id, project_info_type_id, value, create_user, create_date, modify_user, modify_date) VALUES (100035, 36, '1000.0', 132456, CURRENT, 132456, CURRENT);
INSERT INTO project_info (project_id, project_info_type_id, value, create_user, create_date, modify_user, modify_date) VALUES (100035, 37, '500.0', 132456, CURRENT, 132456, CURRENT);
INSERT INTO project_info (project_id, project_info_type_id, value, create_user, create_date, modify_user, modify_date) VALUES (100035, 45, 'true', 132456, CURRENT, 132456, CURRENT);
INSERT INTO project_info (project_id, project_info_type_id, value, create_user, create_date, modify_user, modify_date) VALUES (100035, 47, 'true', 132456, CURRENT, 132456, CURRENT);
INSERT INTO project_info (project_id, project_info_type_id, value, create_user, create_date, modify_user, modify_date) VALUES (100035, 38, '300.0', 132456, CURRENT, 132456, CURRENT);
INSERT INTO project_info (project_id, project_info_type_id, value, create_user, create_date, modify_user, modify_date) VALUES (100035, 39, '0.0', 132456, CURRENT, 132456, CURRENT);
INSERT INTO project_info (project_id, project_info_type_id, value, create_user, create_date, modify_user, modify_date) VALUES (100035, 40, 'B', 132456, CURRENT, 132456, CURRENT);
INSERT INTO project_info (project_id, project_info_type_id, value, create_user, create_date, modify_user, modify_date) VALUES (100035, 32, '100001', 132456, CURRENT, 132456, CURRENT);
INSERT INTO project_info (project_id, project_info_type_id, value, create_user, create_date, modify_user, modify_date) VALUES (100035, 41, 'true', 132456, CURRENT, 132456, CURRENT);
INSERT INTO project_info (project_id, project_info_type_id, value, create_user, create_date, modify_user, modify_date) VALUES (100035, 43, 'true', 132456, CURRENT, 132456, CURRENT);
INSERT INTO project_info (project_id, project_info_type_id, value, create_user, create_date, modify_user, modify_date) VALUES (100035, 44, 'false', 132456, CURRENT, 132456, CURRENT);
INSERT INTO project_info (project_id, project_info_type_id, value, create_user, create_date, modify_user, modify_date) VALUES (100035, 46, 'true', 132456, CURRENT, 132456, CURRENT);
INSERT INTO project_info (project_id, project_info_type_id, value, create_user, create_date, modify_user, modify_date) VALUES (100035, 48, 'true', 132456, CURRENT, 132456, CURRENT);
INSERT INTO project_info (project_id, project_info_type_id, value, create_user, create_date, modify_user, modify_date) VALUES (100035, 21, '02.03.2013 03:21 MSK', 132456, CURRENT, 132456, CURRENT);
INSERT INTO project_info (project_id, project_info_type_id, value, create_user, create_date, modify_user, modify_date) VALUES (100035, 49, '500', 132456, CURRENT, 132456, CURRENT);
INSERT INTO project_info (project_id, project_info_type_id, value, create_user, create_date, modify_user, modify_date) VALUES (100035, 59, 'true', 132456, CURRENT, 132456, CURRENT);
INSERT INTO resource (resource_id, resource_role_id, project_id, project_phase_id, create_user, create_date, modify_user, modify_date) VALUES (100137, 13, 100035, NULL, 132456, CURRENT, 132456, CURRENT);
INSERT INTO resource (resource_id, resource_role_id, project_id, project_phase_id, create_user, create_date, modify_user, modify_date) VALUES (100138, 13, 100035, NULL, 132456, CURRENT, 132456, CURRENT);
INSERT INTO resource (resource_id, resource_role_id, project_id, project_phase_id, create_user, create_date, modify_user, modify_date) VALUES (100139, 14, 100035, NULL, 132456, CURRENT, 132456, CURRENT);
INSERT INTO resource (resource_id, resource_role_id, project_id, project_phase_id, create_user, create_date, modify_user, modify_date) VALUES (100140, 10, 100035, NULL, 132456, CURRENT, 132456, CURRENT);
INSERT INTO resource_info (resource_id, resource_info_type_id, value, create_user, create_date, modify_user, modify_date) VALUES (100137, 1, '132456', 132456, CURRENT, 132456, CURRENT);
INSERT INTO resource_info (resource_id, resource_info_type_id, value, create_user, create_date, modify_user, modify_date) VALUES (100137, 2, 'heffan', 132456, CURRENT, 132456, CURRENT);
INSERT INTO resource_info (resource_id, resource_info_type_id, value, create_user, create_date, modify_user, modify_date) VALUES (100137, 8, 'N/A', 132456, CURRENT, 132456, CURRENT);
INSERT INTO resource_info (resource_id, resource_info_type_id, value, create_user, create_date, modify_user, modify_date) VALUES (100137, 6, '01.26.2013 03:22 PM', 132456, CURRENT, 132456, CURRENT);
INSERT INTO resource_info (resource_id, resource_info_type_id, value, create_user, create_date, modify_user, modify_date) VALUES (100138, 1, '22719217', 132456, CURRENT, 132456, CURRENT);
INSERT INTO resource_info (resource_id, resource_info_type_id, value, create_user, create_date, modify_user, modify_date) VALUES (100138, 2, 'Components', 132456, CURRENT, 132456, CURRENT);
INSERT INTO resource_info (resource_id, resource_info_type_id, value, create_user, create_date, modify_user, modify_date) VALUES (100138, 8, 'N/A', 132456, CURRENT, 132456, CURRENT);
INSERT INTO resource_info (resource_id, resource_info_type_id, value, create_user, create_date, modify_user, modify_date) VALUES (100138, 6, '01.26.2013 03:23 PM', 132456, CURRENT, 132456, CURRENT);
INSERT INTO resource_info (resource_id, resource_info_type_id, value, create_user, create_date, modify_user, modify_date) VALUES (100139, 1, '132458', 132456, CURRENT, 132456, CURRENT);
INSERT INTO resource_info (resource_id, resource_info_type_id, value, create_user, create_date, modify_user, modify_date) VALUES (100139, 2, 'user', 132456, CURRENT, 132456, CURRENT);
INSERT INTO resource_info (resource_id, resource_info_type_id, value, create_user, create_date, modify_user, modify_date) VALUES (100139, 8, 'N/A', 132456, CURRENT, 132456, CURRENT);
INSERT INTO resource_info (resource_id, resource_info_type_id, value, create_user, create_date, modify_user, modify_date) VALUES (100139, 6, '01.26.2013 03:24 PM', 132456, CURRENT, 132456, CURRENT);
INSERT INTO resource_info (resource_id, resource_info_type_id, value, create_user, create_date, modify_user, modify_date) VALUES (100140, 1, '132458', 132456, CURRENT, 132456, CURRENT);
INSERT INTO resource_info (resource_id, resource_info_type_id, value, create_user, create_date, modify_user, modify_date) VALUES (100140, 2, 'user', 132456, CURRENT, 132456, CURRENT);
INSERT INTO resource_info (resource_id, resource_info_type_id, value, create_user, create_date, modify_user, modify_date) VALUES (100140, 8, 'N/A', 132456, CURRENT, 132456, CURRENT);
INSERT INTO resource_info (resource_id, resource_info_type_id, value, create_user, create_date, modify_user, modify_date) VALUES (100140, 6, '01.26.2013 03:25 PM', 132456, CURRENT, 132456, CURRENT);
INSERT INTO project_info (project_id, project_info_type_id, value, create_user, create_date, modify_user, modify_date) VALUES (100036, 1, '100036', 132456, CURRENT, 132456, CURRENT);
INSERT INTO project_info (project_id, project_info_type_id, value, create_user, create_date, modify_user, modify_date) VALUES (100036, 2, '100036', 132456, CURRENT, 132456, CURRENT);
INSERT INTO project_info (project_id, project_info_type_id, value, create_user, create_date, modify_user, modify_date) VALUES (100036, 3, '100036', 132456, CURRENT, 132456, CURRENT);
INSERT INTO project_info (project_id, project_info_type_id, value, create_user, create_date, modify_user, modify_date) VALUES (100036, 4, '100037', 132456, CURRENT, 132456, CURRENT);
INSERT INTO project_info (project_id, project_info_type_id, value, create_user, create_date, modify_user, modify_date) VALUES (100036, 5, '27202907', 132456, CURRENT, 132456, CURRENT);
INSERT INTO project_info (project_id, project_info_type_id, value, create_user, create_date, modify_user, modify_date) VALUES (100036, 6, 'Client 100001 Billing Account 1 Project 1 Design Contest 36', 132456, CURRENT, 132456, CURRENT);
INSERT INTO project_info (project_id, project_info_type_id, value, create_user, create_date, modify_user, modify_date) VALUES (100036, 7, '1.0', 132456, CURRENT, 132456, CURRENT);
INSERT INTO project_info (project_id, project_info_type_id, value, create_user, create_date, modify_user, modify_date) VALUES (100036, 8, '', 132456, CURRENT, 132456, CURRENT);
INSERT INTO project_info (project_id, project_info_type_id, value, create_user, create_date, modify_user, modify_date) VALUES (100036, 11, 'On', 132456, CURRENT, 132456, CURRENT);
INSERT INTO project_info (project_id, project_info_type_id, value, create_user, create_date, modify_user, modify_date) VALUES (100036, 9, 'Off', 132456, CURRENT, 132456, CURRENT);
INSERT INTO project_info (project_id, project_info_type_id, value, create_user, create_date, modify_user, modify_date) VALUES (100036, 10, 'On', 132456, CURRENT, 132456, CURRENT);
INSERT INTO project_info (project_id, project_info_type_id, value, create_user, create_date, modify_user, modify_date) VALUES (100036, 12, 'Yes', 132456, CURRENT, 132456, CURRENT);
INSERT INTO project_info (project_id, project_info_type_id, value, create_user, create_date, modify_user, modify_date) VALUES (100036, 13, 'Yes', 132456, CURRENT, 132456, CURRENT);
INSERT INTO project_info (project_id, project_info_type_id, value, create_user, create_date, modify_user, modify_date) VALUES (100036, 14, 'Open', 132456, CURRENT, 132456, CURRENT);
INSERT INTO project_info (project_id, project_info_type_id, value, create_user, create_date, modify_user, modify_date) VALUES (100036, 16, '800.0', 132456, CURRENT, 132456, CURRENT);
INSERT INTO project_info (project_id, project_info_type_id, value, create_user, create_date, modify_user, modify_date) VALUES (100036, 17, '', 132456, CURRENT, 132456, CURRENT);
INSERT INTO project_info (project_id, project_info_type_id, value, create_user, create_date, modify_user, modify_date) VALUES (100036, 26, 'On', 132456, CURRENT, 132456, CURRENT);
INSERT INTO project_info (project_id, project_info_type_id, value, create_user, create_date, modify_user, modify_date) VALUES (100036, 30, '360.0', 132456, CURRENT, 132456, CURRENT);
INSERT INTO project_info (project_id, project_info_type_id, value, create_user, create_date, modify_user, modify_date) VALUES (100036, 31, '6001.0', 132456, CURRENT, 132456, CURRENT);
INSERT INTO project_info (project_id, project_info_type_id, value, create_user, create_date, modify_user, modify_date) VALUES (100036, 33, '605.0', 132456, CURRENT, 132456, CURRENT);
INSERT INTO project_info (project_id, project_info_type_id, value, create_user, create_date, modify_user, modify_date) VALUES (100036, 35, '30.0', 132456, CURRENT, 132456, CURRENT);
INSERT INTO project_info (project_id, project_info_type_id, value, create_user, create_date, modify_user, modify_date) VALUES (100036, 36, '800.0', 132456, CURRENT, 132456, CURRENT);
INSERT INTO project_info (project_id, project_info_type_id, value, create_user, create_date, modify_user, modify_date) VALUES (100036, 37, '400.0', 132456, CURRENT, 132456, CURRENT);
INSERT INTO project_info (project_id, project_info_type_id, value, create_user, create_date, modify_user, modify_date) VALUES (100036, 45, 'true', 132456, CURRENT, 132456, CURRENT);
INSERT INTO project_info (project_id, project_info_type_id, value, create_user, create_date, modify_user, modify_date) VALUES (100036, 47, 'true', 132456, CURRENT, 132456, CURRENT);
INSERT INTO project_info (project_id, project_info_type_id, value, create_user, create_date, modify_user, modify_date) VALUES (100036, 38, '240.0', 132456, CURRENT, 132456, CURRENT);
INSERT INTO project_info (project_id, project_info_type_id, value, create_user, create_date, modify_user, modify_date) VALUES (100036, 39, '0.0', 132456, CURRENT, 132456, CURRENT);
INSERT INTO project_info (project_id, project_info_type_id, value, create_user, create_date, modify_user, modify_date) VALUES (100036, 40, 'A', 132456, CURRENT, 132456, CURRENT);
INSERT INTO project_info (project_id, project_info_type_id, value, create_user, create_date, modify_user, modify_date) VALUES (100036, 32, '100001', 132456, CURRENT, 132456, CURRENT);
INSERT INTO project_info (project_id, project_info_type_id, value, create_user, create_date, modify_user, modify_date) VALUES (100036, 41, 'true', 132456, CURRENT, 132456, CURRENT);
INSERT INTO project_info (project_id, project_info_type_id, value, create_user, create_date, modify_user, modify_date) VALUES (100036, 43, 'true', 132456, CURRENT, 132456, CURRENT);
INSERT INTO project_info (project_id, project_info_type_id, value, create_user, create_date, modify_user, modify_date) VALUES (100036, 44, 'false', 132456, CURRENT, 132456, CURRENT);
INSERT INTO project_info (project_id, project_info_type_id, value, create_user, create_date, modify_user, modify_date) VALUES (100036, 46, 'true', 132456, CURRENT, 132456, CURRENT);
INSERT INTO project_info (project_id, project_info_type_id, value, create_user, create_date, modify_user, modify_date) VALUES (100036, 48, 'true', 132456, CURRENT, 132456, CURRENT);
INSERT INTO project_info (project_id, project_info_type_id, value, create_user, create_date, modify_user, modify_date) VALUES (100036, 21, '02.10.2013 16:21 MSK', 132456, CURRENT, 132456, CURRENT);
INSERT INTO project_info (project_id, project_info_type_id, value, create_user, create_date, modify_user, modify_date) VALUES (100036, 49, '500', 132456, CURRENT, 132456, CURRENT);
INSERT INTO project_info (project_id, project_info_type_id, value, create_user, create_date, modify_user, modify_date) VALUES (100036, 59, 'true', 132456, CURRENT, 132456, CURRENT);
INSERT INTO resource (resource_id, resource_role_id, project_id, project_phase_id, create_user, create_date, modify_user, modify_date) VALUES (100141, 13, 100036, NULL, 132456, CURRENT, 132456, CURRENT);
INSERT INTO resource (resource_id, resource_role_id, project_id, project_phase_id, create_user, create_date, modify_user, modify_date) VALUES (100142, 13, 100036, NULL, 132456, CURRENT, 132456, CURRENT);
INSERT INTO resource (resource_id, resource_role_id, project_id, project_phase_id, create_user, create_date, modify_user, modify_date) VALUES (100143, 14, 100036, NULL, 132456, CURRENT, 132456, CURRENT);
INSERT INTO resource (resource_id, resource_role_id, project_id, project_phase_id, create_user, create_date, modify_user, modify_date) VALUES (100144, 10, 100036, NULL, 132456, CURRENT, 132456, CURRENT);
INSERT INTO resource_info (resource_id, resource_info_type_id, value, create_user, create_date, modify_user, modify_date) VALUES (100141, 1, '132456', 132456, CURRENT, 132456, CURRENT);
INSERT INTO resource_info (resource_id, resource_info_type_id, value, create_user, create_date, modify_user, modify_date) VALUES (100141, 2, 'heffan', 132456, CURRENT, 132456, CURRENT);
INSERT INTO resource_info (resource_id, resource_info_type_id, value, create_user, create_date, modify_user, modify_date) VALUES (100141, 8, 'N/A', 132456, CURRENT, 132456, CURRENT);
INSERT INTO resource_info (resource_id, resource_info_type_id, value, create_user, create_date, modify_user, modify_date) VALUES (100141, 6, '01.26.2013 03:22 PM', 132456, CURRENT, 132456, CURRENT);
INSERT INTO resource_info (resource_id, resource_info_type_id, value, create_user, create_date, modify_user, modify_date) VALUES (100142, 1, '22719217', 132456, CURRENT, 132456, CURRENT);
INSERT INTO resource_info (resource_id, resource_info_type_id, value, create_user, create_date, modify_user, modify_date) VALUES (100142, 2, 'Components', 132456, CURRENT, 132456, CURRENT);
INSERT INTO resource_info (resource_id, resource_info_type_id, value, create_user, create_date, modify_user, modify_date) VALUES (100142, 8, 'N/A', 132456, CURRENT, 132456, CURRENT);
INSERT INTO resource_info (resource_id, resource_info_type_id, value, create_user, create_date, modify_user, modify_date) VALUES (100142, 6, '01.26.2013 03:23 PM', 132456, CURRENT, 132456, CURRENT);
INSERT INTO resource_info (resource_id, resource_info_type_id, value, create_user, create_date, modify_user, modify_date) VALUES (100143, 1, '132458', 132456, CURRENT, 132456, CURRENT);
INSERT INTO resource_info (resource_id, resource_info_type_id, value, create_user, create_date, modify_user, modify_date) VALUES (100143, 2, 'user', 132456, CURRENT, 132456, CURRENT);
INSERT INTO resource_info (resource_id, resource_info_type_id, value, create_user, create_date, modify_user, modify_date) VALUES (100143, 8, 'N/A', 132456, CURRENT, 132456, CURRENT);
INSERT INTO resource_info (resource_id, resource_info_type_id, value, create_user, create_date, modify_user, modify_date) VALUES (100143, 6, '01.26.2013 03:24 PM', 132456, CURRENT, 132456, CURRENT);
INSERT INTO resource_info (resource_id, resource_info_type_id, value, create_user, create_date, modify_user, modify_date) VALUES (100144, 1, '132458', 132456, CURRENT, 132456, CURRENT);
INSERT INTO resource_info (resource_id, resource_info_type_id, value, create_user, create_date, modify_user, modify_date) VALUES (100144, 2, 'user', 132456, CURRENT, 132456, CURRENT);
INSERT INTO resource_info (resource_id, resource_info_type_id, value, create_user, create_date, modify_user, modify_date) VALUES (100144, 8, 'N/A', 132456, CURRENT, 132456, CURRENT);
INSERT INTO resource_info (resource_id, resource_info_type_id, value, create_user, create_date, modify_user, modify_date) VALUES (100144, 6, '01.26.2013 03:25 PM', 132456, CURRENT, 132456, CURRENT);
INSERT INTO project_info (project_id, project_info_type_id, value, create_user, create_date, modify_user, modify_date) VALUES (100037, 1, '100037', 132456, CURRENT, 132456, CURRENT);
INSERT INTO project_info (project_id, project_info_type_id, value, create_user, create_date, modify_user, modify_date) VALUES (100037, 2, '100037', 132456, CURRENT, 132456, CURRENT);
INSERT INTO project_info (project_id, project_info_type_id, value, create_user, create_date, modify_user, modify_date) VALUES (100037, 3, '100037', 132456, CURRENT, 132456, CURRENT);
INSERT INTO project_info (project_id, project_info_type_id, value, create_user, create_date, modify_user, modify_date) VALUES (100037, 4, '100038', 132456, CURRENT, 132456, CURRENT);
INSERT INTO project_info (project_id, project_info_type_id, value, create_user, create_date, modify_user, modify_date) VALUES (100037, 5, '27355736', 132456, CURRENT, 132456, CURRENT);
INSERT INTO project_info (project_id, project_info_type_id, value, create_user, create_date, modify_user, modify_date) VALUES (100037, 6, 'Client 100001 Billing Account 1 Project 1 Development Contest 37', 132456, CURRENT, 132456, CURRENT);
INSERT INTO project_info (project_id, project_info_type_id, value, create_user, create_date, modify_user, modify_date) VALUES (100037, 7, '1.0', 132456, CURRENT, 132456, CURRENT);
INSERT INTO project_info (project_id, project_info_type_id, value, create_user, create_date, modify_user, modify_date) VALUES (100037, 8, '', 132456, CURRENT, 132456, CURRENT);
INSERT INTO project_info (project_id, project_info_type_id, value, create_user, create_date, modify_user, modify_date) VALUES (100037, 11, 'On', 132456, CURRENT, 132456, CURRENT);
INSERT INTO project_info (project_id, project_info_type_id, value, create_user, create_date, modify_user, modify_date) VALUES (100037, 9, 'Off', 132456, CURRENT, 132456, CURRENT);
INSERT INTO project_info (project_id, project_info_type_id, value, create_user, create_date, modify_user, modify_date) VALUES (100037, 10, 'On', 132456, CURRENT, 132456, CURRENT);
INSERT INTO project_info (project_id, project_info_type_id, value, create_user, create_date, modify_user, modify_date) VALUES (100037, 12, 'Yes', 132456, CURRENT, 132456, CURRENT);
INSERT INTO project_info (project_id, project_info_type_id, value, create_user, create_date, modify_user, modify_date) VALUES (100037, 13, 'Yes', 132456, CURRENT, 132456, CURRENT);
INSERT INTO project_info (project_id, project_info_type_id, value, create_user, create_date, modify_user, modify_date) VALUES (100037, 14, 'Open', 132456, CURRENT, 132456, CURRENT);
INSERT INTO project_info (project_id, project_info_type_id, value, create_user, create_date, modify_user, modify_date) VALUES (100037, 16, '800.0', 132456, CURRENT, 132456, CURRENT);
INSERT INTO project_info (project_id, project_info_type_id, value, create_user, create_date, modify_user, modify_date) VALUES (100037, 17, '', 132456, CURRENT, 132456, CURRENT);
INSERT INTO project_info (project_id, project_info_type_id, value, create_user, create_date, modify_user, modify_date) VALUES (100037, 26, 'On', 132456, CURRENT, 132456, CURRENT);
INSERT INTO project_info (project_id, project_info_type_id, value, create_user, create_date, modify_user, modify_date) VALUES (100037, 30, '360.0', 132456, CURRENT, 132456, CURRENT);
INSERT INTO project_info (project_id, project_info_type_id, value, create_user, create_date, modify_user, modify_date) VALUES (100037, 31, '6001.0', 132456, CURRENT, 132456, CURRENT);
INSERT INTO project_info (project_id, project_info_type_id, value, create_user, create_date, modify_user, modify_date) VALUES (100037, 33, '605.0', 132456, CURRENT, 132456, CURRENT);
INSERT INTO project_info (project_id, project_info_type_id, value, create_user, create_date, modify_user, modify_date) VALUES (100037, 35, '30.0', 132456, CURRENT, 132456, CURRENT);
INSERT INTO project_info (project_id, project_info_type_id, value, create_user, create_date, modify_user, modify_date) VALUES (100037, 36, '800.0', 132456, CURRENT, 132456, CURRENT);
INSERT INTO project_info (project_id, project_info_type_id, value, create_user, create_date, modify_user, modify_date) VALUES (100037, 37, '400.0', 132456, CURRENT, 132456, CURRENT);
INSERT INTO project_info (project_id, project_info_type_id, value, create_user, create_date, modify_user, modify_date) VALUES (100037, 45, 'true', 132456, CURRENT, 132456, CURRENT);
INSERT INTO project_info (project_id, project_info_type_id, value, create_user, create_date, modify_user, modify_date) VALUES (100037, 47, 'true', 132456, CURRENT, 132456, CURRENT);
INSERT INTO project_info (project_id, project_info_type_id, value, create_user, create_date, modify_user, modify_date) VALUES (100037, 38, '240.0', 132456, CURRENT, 132456, CURRENT);
INSERT INTO project_info (project_id, project_info_type_id, value, create_user, create_date, modify_user, modify_date) VALUES (100037, 39, '0.0', 132456, CURRENT, 132456, CURRENT);
INSERT INTO project_info (project_id, project_info_type_id, value, create_user, create_date, modify_user, modify_date) VALUES (100037, 40, 'A', 132456, CURRENT, 132456, CURRENT);
INSERT INTO project_info (project_id, project_info_type_id, value, create_user, create_date, modify_user, modify_date) VALUES (100037, 32, '100001', 132456, CURRENT, 132456, CURRENT);
INSERT INTO project_info (project_id, project_info_type_id, value, create_user, create_date, modify_user, modify_date) VALUES (100037, 41, 'true', 132456, CURRENT, 132456, CURRENT);
INSERT INTO project_info (project_id, project_info_type_id, value, create_user, create_date, modify_user, modify_date) VALUES (100037, 43, 'true', 132456, CURRENT, 132456, CURRENT);
INSERT INTO project_info (project_id, project_info_type_id, value, create_user, create_date, modify_user, modify_date) VALUES (100037, 44, 'false', 132456, CURRENT, 132456, CURRENT);
INSERT INTO project_info (project_id, project_info_type_id, value, create_user, create_date, modify_user, modify_date) VALUES (100037, 46, 'true', 132456, CURRENT, 132456, CURRENT);
INSERT INTO project_info (project_id, project_info_type_id, value, create_user, create_date, modify_user, modify_date) VALUES (100037, 48, 'true', 132456, CURRENT, 132456, CURRENT);
INSERT INTO project_info (project_id, project_info_type_id, value, create_user, create_date, modify_user, modify_date) VALUES (100037, 21, '02.10.2013 16:21 MSK', 132456, CURRENT, 132456, CURRENT);
INSERT INTO project_info (project_id, project_info_type_id, value, create_user, create_date, modify_user, modify_date) VALUES (100037, 49, '500', 132456, CURRENT, 132456, CURRENT);
INSERT INTO project_info (project_id, project_info_type_id, value, create_user, create_date, modify_user, modify_date) VALUES (100037, 59, 'true', 132456, CURRENT, 132456, CURRENT);
INSERT INTO resource (resource_id, resource_role_id, project_id, project_phase_id, create_user, create_date, modify_user, modify_date) VALUES (100145, 13, 100037, NULL, 132456, CURRENT, 132456, CURRENT);
INSERT INTO resource (resource_id, resource_role_id, project_id, project_phase_id, create_user, create_date, modify_user, modify_date) VALUES (100146, 13, 100037, NULL, 132456, CURRENT, 132456, CURRENT);
INSERT INTO resource (resource_id, resource_role_id, project_id, project_phase_id, create_user, create_date, modify_user, modify_date) VALUES (100147, 14, 100037, NULL, 132456, CURRENT, 132456, CURRENT);
INSERT INTO resource (resource_id, resource_role_id, project_id, project_phase_id, create_user, create_date, modify_user, modify_date) VALUES (100148, 10, 100037, NULL, 132456, CURRENT, 132456, CURRENT);
INSERT INTO resource_info (resource_id, resource_info_type_id, value, create_user, create_date, modify_user, modify_date) VALUES (100145, 1, '132456', 132456, CURRENT, 132456, CURRENT);
INSERT INTO resource_info (resource_id, resource_info_type_id, value, create_user, create_date, modify_user, modify_date) VALUES (100145, 2, 'heffan', 132456, CURRENT, 132456, CURRENT);
INSERT INTO resource_info (resource_id, resource_info_type_id, value, create_user, create_date, modify_user, modify_date) VALUES (100145, 8, 'N/A', 132456, CURRENT, 132456, CURRENT);
INSERT INTO resource_info (resource_id, resource_info_type_id, value, create_user, create_date, modify_user, modify_date) VALUES (100145, 6, '01.26.2013 03:22 PM', 132456, CURRENT, 132456, CURRENT);
INSERT INTO resource_info (resource_id, resource_info_type_id, value, create_user, create_date, modify_user, modify_date) VALUES (100146, 1, '22719217', 132456, CURRENT, 132456, CURRENT);
INSERT INTO resource_info (resource_id, resource_info_type_id, value, create_user, create_date, modify_user, modify_date) VALUES (100146, 2, 'Components', 132456, CURRENT, 132456, CURRENT);
INSERT INTO resource_info (resource_id, resource_info_type_id, value, create_user, create_date, modify_user, modify_date) VALUES (100146, 8, 'N/A', 132456, CURRENT, 132456, CURRENT);
INSERT INTO resource_info (resource_id, resource_info_type_id, value, create_user, create_date, modify_user, modify_date) VALUES (100146, 6, '01.26.2013 03:23 PM', 132456, CURRENT, 132456, CURRENT);
INSERT INTO resource_info (resource_id, resource_info_type_id, value, create_user, create_date, modify_user, modify_date) VALUES (100147, 1, '132458', 132456, CURRENT, 132456, CURRENT);
INSERT INTO resource_info (resource_id, resource_info_type_id, value, create_user, create_date, modify_user, modify_date) VALUES (100147, 2, 'user', 132456, CURRENT, 132456, CURRENT);
INSERT INTO resource_info (resource_id, resource_info_type_id, value, create_user, create_date, modify_user, modify_date) VALUES (100147, 8, 'N/A', 132456, CURRENT, 132456, CURRENT);
INSERT INTO resource_info (resource_id, resource_info_type_id, value, create_user, create_date, modify_user, modify_date) VALUES (100147, 6, '01.26.2013 03:24 PM', 132456, CURRENT, 132456, CURRENT);
INSERT INTO resource_info (resource_id, resource_info_type_id, value, create_user, create_date, modify_user, modify_date) VALUES (100148, 1, '132458', 132456, CURRENT, 132456, CURRENT);
INSERT INTO resource_info (resource_id, resource_info_type_id, value, create_user, create_date, modify_user, modify_date) VALUES (100148, 2, 'user', 132456, CURRENT, 132456, CURRENT);
INSERT INTO resource_info (resource_id, resource_info_type_id, value, create_user, create_date, modify_user, modify_date) VALUES (100148, 8, 'N/A', 132456, CURRENT, 132456, CURRENT);
INSERT INTO resource_info (resource_id, resource_info_type_id, value, create_user, create_date, modify_user, modify_date) VALUES (100148, 6, '01.26.2013 03:25 PM', 132456, CURRENT, 132456, CURRENT);
INSERT INTO project_info (project_id, project_info_type_id, value, create_user, create_date, modify_user, modify_date) VALUES (100038, 1, '100038', 132456, CURRENT, 132456, CURRENT);
INSERT INTO project_info (project_id, project_info_type_id, value, create_user, create_date, modify_user, modify_date) VALUES (100038, 2, '100038', 132456, CURRENT, 132456, CURRENT);
INSERT INTO project_info (project_id, project_info_type_id, value, create_user, create_date, modify_user, modify_date) VALUES (100038, 3, '100038', 132456, CURRENT, 132456, CURRENT);
INSERT INTO project_info (project_id, project_info_type_id, value, create_user, create_date, modify_user, modify_date) VALUES (100038, 4, '100039', 132456, CURRENT, 132456, CURRENT);
INSERT INTO project_info (project_id, project_info_type_id, value, create_user, create_date, modify_user, modify_date) VALUES (100038, 5, '5801776', 132456, CURRENT, 132456, CURRENT);
INSERT INTO project_info (project_id, project_info_type_id, value, create_user, create_date, modify_user, modify_date) VALUES (100038, 6, 'Client 100001 Billing Account 1 Project 1 Development Contest 38', 132456, CURRENT, 132456, CURRENT);
INSERT INTO project_info (project_id, project_info_type_id, value, create_user, create_date, modify_user, modify_date) VALUES (100038, 7, '1.0', 132456, CURRENT, 132456, CURRENT);
INSERT INTO project_info (project_id, project_info_type_id, value, create_user, create_date, modify_user, modify_date) VALUES (100038, 8, '', 132456, CURRENT, 132456, CURRENT);
INSERT INTO project_info (project_id, project_info_type_id, value, create_user, create_date, modify_user, modify_date) VALUES (100038, 11, 'On', 132456, CURRENT, 132456, CURRENT);
INSERT INTO project_info (project_id, project_info_type_id, value, create_user, create_date, modify_user, modify_date) VALUES (100038, 9, 'Off', 132456, CURRENT, 132456, CURRENT);
INSERT INTO project_info (project_id, project_info_type_id, value, create_user, create_date, modify_user, modify_date) VALUES (100038, 10, 'On', 132456, CURRENT, 132456, CURRENT);
INSERT INTO project_info (project_id, project_info_type_id, value, create_user, create_date, modify_user, modify_date) VALUES (100038, 12, 'Yes', 132456, CURRENT, 132456, CURRENT);
INSERT INTO project_info (project_id, project_info_type_id, value, create_user, create_date, modify_user, modify_date) VALUES (100038, 13, 'Yes', 132456, CURRENT, 132456, CURRENT);
INSERT INTO project_info (project_id, project_info_type_id, value, create_user, create_date, modify_user, modify_date) VALUES (100038, 14, 'Open', 132456, CURRENT, 132456, CURRENT);
INSERT INTO project_info (project_id, project_info_type_id, value, create_user, create_date, modify_user, modify_date) VALUES (100038, 16, '1200.0', 132456, CURRENT, 132456, CURRENT);
INSERT INTO project_info (project_id, project_info_type_id, value, create_user, create_date, modify_user, modify_date) VALUES (100038, 17, '', 132456, CURRENT, 132456, CURRENT);
INSERT INTO project_info (project_id, project_info_type_id, value, create_user, create_date, modify_user, modify_date) VALUES (100038, 26, 'On', 132456, CURRENT, 132456, CURRENT);
INSERT INTO project_info (project_id, project_info_type_id, value, create_user, create_date, modify_user, modify_date) VALUES (100038, 30, '540.0', 132456, CURRENT, 132456, CURRENT);
INSERT INTO project_info (project_id, project_info_type_id, value, create_user, create_date, modify_user, modify_date) VALUES (100038, 31, '6001.0', 132456, CURRENT, 132456, CURRENT);
INSERT INTO project_info (project_id, project_info_type_id, value, create_user, create_date, modify_user, modify_date) VALUES (100038, 33, '761.0', 132456, CURRENT, 132456, CURRENT);
INSERT INTO project_info (project_id, project_info_type_id, value, create_user, create_date, modify_user, modify_date) VALUES (100038, 35, '30.0', 132456, CURRENT, 132456, CURRENT);
INSERT INTO project_info (project_id, project_info_type_id, value, create_user, create_date, modify_user, modify_date) VALUES (100038, 36, '1200.0', 132456, CURRENT, 132456, CURRENT);
INSERT INTO project_info (project_id, project_info_type_id, value, create_user, create_date, modify_user, modify_date) VALUES (100038, 37, '600.0', 132456, CURRENT, 132456, CURRENT);
INSERT INTO project_info (project_id, project_info_type_id, value, create_user, create_date, modify_user, modify_date) VALUES (100038, 45, 'true', 132456, CURRENT, 132456, CURRENT);
INSERT INTO project_info (project_id, project_info_type_id, value, create_user, create_date, modify_user, modify_date) VALUES (100038, 47, 'true', 132456, CURRENT, 132456, CURRENT);
INSERT INTO project_info (project_id, project_info_type_id, value, create_user, create_date, modify_user, modify_date) VALUES (100038, 38, '380.0', 132456, CURRENT, 132456, CURRENT);
INSERT INTO project_info (project_id, project_info_type_id, value, create_user, create_date, modify_user, modify_date) VALUES (100038, 39, '0.0', 132456, CURRENT, 132456, CURRENT);
INSERT INTO project_info (project_id, project_info_type_id, value, create_user, create_date, modify_user, modify_date) VALUES (100038, 40, 'C', 132456, CURRENT, 132456, CURRENT);
INSERT INTO project_info (project_id, project_info_type_id, value, create_user, create_date, modify_user, modify_date) VALUES (100038, 32, '100001', 132456, CURRENT, 132456, CURRENT);
INSERT INTO project_info (project_id, project_info_type_id, value, create_user, create_date, modify_user, modify_date) VALUES (100038, 41, 'true', 132456, CURRENT, 132456, CURRENT);
INSERT INTO project_info (project_id, project_info_type_id, value, create_user, create_date, modify_user, modify_date) VALUES (100038, 43, 'true', 132456, CURRENT, 132456, CURRENT);
INSERT INTO project_info (project_id, project_info_type_id, value, create_user, create_date, modify_user, modify_date) VALUES (100038, 44, 'false', 132456, CURRENT, 132456, CURRENT);
INSERT INTO project_info (project_id, project_info_type_id, value, create_user, create_date, modify_user, modify_date) VALUES (100038, 46, 'true', 132456, CURRENT, 132456, CURRENT);
INSERT INTO project_info (project_id, project_info_type_id, value, create_user, create_date, modify_user, modify_date) VALUES (100038, 48, 'true', 132456, CURRENT, 132456, CURRENT);
INSERT INTO project_info (project_id, project_info_type_id, value, create_user, create_date, modify_user, modify_date) VALUES (100038, 21, '02.06.2013 15:21 MSK', 132456, CURRENT, 132456, CURRENT);
INSERT INTO project_info (project_id, project_info_type_id, value, create_user, create_date, modify_user, modify_date) VALUES (100038, 49, '500', 132456, CURRENT, 132456, CURRENT);
INSERT INTO project_info (project_id, project_info_type_id, value, create_user, create_date, modify_user, modify_date) VALUES (100038, 59, 'true', 132456, CURRENT, 132456, CURRENT);
INSERT INTO resource (resource_id, resource_role_id, project_id, project_phase_id, create_user, create_date, modify_user, modify_date) VALUES (100149, 13, 100038, NULL, 132456, CURRENT, 132456, CURRENT);
INSERT INTO resource (resource_id, resource_role_id, project_id, project_phase_id, create_user, create_date, modify_user, modify_date) VALUES (100150, 13, 100038, NULL, 132456, CURRENT, 132456, CURRENT);
INSERT INTO resource (resource_id, resource_role_id, project_id, project_phase_id, create_user, create_date, modify_user, modify_date) VALUES (100151, 14, 100038, NULL, 132456, CURRENT, 132456, CURRENT);
INSERT INTO resource (resource_id, resource_role_id, project_id, project_phase_id, create_user, create_date, modify_user, modify_date) VALUES (100152, 10, 100038, NULL, 132456, CURRENT, 132456, CURRENT);
INSERT INTO resource_info (resource_id, resource_info_type_id, value, create_user, create_date, modify_user, modify_date) VALUES (100149, 1, '132456', 132456, CURRENT, 132456, CURRENT);
INSERT INTO resource_info (resource_id, resource_info_type_id, value, create_user, create_date, modify_user, modify_date) VALUES (100149, 2, 'heffan', 132456, CURRENT, 132456, CURRENT);
INSERT INTO resource_info (resource_id, resource_info_type_id, value, create_user, create_date, modify_user, modify_date) VALUES (100149, 8, 'N/A', 132456, CURRENT, 132456, CURRENT);
INSERT INTO resource_info (resource_id, resource_info_type_id, value, create_user, create_date, modify_user, modify_date) VALUES (100149, 6, '01.26.2013 03:22 PM', 132456, CURRENT, 132456, CURRENT);
INSERT INTO resource_info (resource_id, resource_info_type_id, value, create_user, create_date, modify_user, modify_date) VALUES (100150, 1, '22719217', 132456, CURRENT, 132456, CURRENT);
INSERT INTO resource_info (resource_id, resource_info_type_id, value, create_user, create_date, modify_user, modify_date) VALUES (100150, 2, 'Components', 132456, CURRENT, 132456, CURRENT);
INSERT INTO resource_info (resource_id, resource_info_type_id, value, create_user, create_date, modify_user, modify_date) VALUES (100150, 8, 'N/A', 132456, CURRENT, 132456, CURRENT);
INSERT INTO resource_info (resource_id, resource_info_type_id, value, create_user, create_date, modify_user, modify_date) VALUES (100150, 6, '01.26.2013 03:23 PM', 132456, CURRENT, 132456, CURRENT);
INSERT INTO resource_info (resource_id, resource_info_type_id, value, create_user, create_date, modify_user, modify_date) VALUES (100151, 1, '132458', 132456, CURRENT, 132456, CURRENT);
INSERT INTO resource_info (resource_id, resource_info_type_id, value, create_user, create_date, modify_user, modify_date) VALUES (100151, 2, 'user', 132456, CURRENT, 132456, CURRENT);
INSERT INTO resource_info (resource_id, resource_info_type_id, value, create_user, create_date, modify_user, modify_date) VALUES (100151, 8, 'N/A', 132456, CURRENT, 132456, CURRENT);
INSERT INTO resource_info (resource_id, resource_info_type_id, value, create_user, create_date, modify_user, modify_date) VALUES (100151, 6, '01.26.2013 03:24 PM', 132456, CURRENT, 132456, CURRENT);
INSERT INTO resource_info (resource_id, resource_info_type_id, value, create_user, create_date, modify_user, modify_date) VALUES (100152, 1, '132458', 132456, CURRENT, 132456, CURRENT);
INSERT INTO resource_info (resource_id, resource_info_type_id, value, create_user, create_date, modify_user, modify_date) VALUES (100152, 2, 'user', 132456, CURRENT, 132456, CURRENT);
INSERT INTO resource_info (resource_id, resource_info_type_id, value, create_user, create_date, modify_user, modify_date) VALUES (100152, 8, 'N/A', 132456, CURRENT, 132456, CURRENT);
INSERT INTO resource_info (resource_id, resource_info_type_id, value, create_user, create_date, modify_user, modify_date) VALUES (100152, 6, '01.26.2013 03:25 PM', 132456, CURRENT, 132456, CURRENT);
INSERT INTO project_info (project_id, project_info_type_id, value, create_user, create_date, modify_user, modify_date) VALUES (100039, 1, '100039', 132456, CURRENT, 132456, CURRENT);
INSERT INTO project_info (project_id, project_info_type_id, value, create_user, create_date, modify_user, modify_date) VALUES (100039, 2, '100039', 132456, CURRENT, 132456, CURRENT);
INSERT INTO project_info (project_id, project_info_type_id, value, create_user, create_date, modify_user, modify_date) VALUES (100039, 3, '100039', 132456, CURRENT, 132456, CURRENT);
INSERT INTO project_info (project_id, project_info_type_id, value, create_user, create_date, modify_user, modify_date) VALUES (100039, 4, '100040', 132456, CURRENT, 132456, CURRENT);
INSERT INTO project_info (project_id, project_info_type_id, value, create_user, create_date, modify_user, modify_date) VALUES (100039, 5, '8459260', 132456, CURRENT, 132456, CURRENT);
INSERT INTO project_info (project_id, project_info_type_id, value, create_user, create_date, modify_user, modify_date) VALUES (100039, 6, 'Client 100001 Billing Account 1 Project 1 Development Contest 39', 132456, CURRENT, 132456, CURRENT);
INSERT INTO project_info (project_id, project_info_type_id, value, create_user, create_date, modify_user, modify_date) VALUES (100039, 7, '1.0', 132456, CURRENT, 132456, CURRENT);
INSERT INTO project_info (project_id, project_info_type_id, value, create_user, create_date, modify_user, modify_date) VALUES (100039, 8, '', 132456, CURRENT, 132456, CURRENT);
INSERT INTO project_info (project_id, project_info_type_id, value, create_user, create_date, modify_user, modify_date) VALUES (100039, 11, 'On', 132456, CURRENT, 132456, CURRENT);
INSERT INTO project_info (project_id, project_info_type_id, value, create_user, create_date, modify_user, modify_date) VALUES (100039, 9, 'Off', 132456, CURRENT, 132456, CURRENT);
INSERT INTO project_info (project_id, project_info_type_id, value, create_user, create_date, modify_user, modify_date) VALUES (100039, 10, 'On', 132456, CURRENT, 132456, CURRENT);
INSERT INTO project_info (project_id, project_info_type_id, value, create_user, create_date, modify_user, modify_date) VALUES (100039, 12, 'Yes', 132456, CURRENT, 132456, CURRENT);
INSERT INTO project_info (project_id, project_info_type_id, value, create_user, create_date, modify_user, modify_date) VALUES (100039, 13, 'Yes', 132456, CURRENT, 132456, CURRENT);
INSERT INTO project_info (project_id, project_info_type_id, value, create_user, create_date, modify_user, modify_date) VALUES (100039, 14, 'Open', 132456, CURRENT, 132456, CURRENT);
INSERT INTO project_info (project_id, project_info_type_id, value, create_user, create_date, modify_user, modify_date) VALUES (100039, 16, '1000.0', 132456, CURRENT, 132456, CURRENT);
INSERT INTO project_info (project_id, project_info_type_id, value, create_user, create_date, modify_user, modify_date) VALUES (100039, 17, '', 132456, CURRENT, 132456, CURRENT);
INSERT INTO project_info (project_id, project_info_type_id, value, create_user, create_date, modify_user, modify_date) VALUES (100039, 26, 'On', 132456, CURRENT, 132456, CURRENT);
INSERT INTO project_info (project_id, project_info_type_id, value, create_user, create_date, modify_user, modify_date) VALUES (100039, 30, '450.0', 132456, CURRENT, 132456, CURRENT);
INSERT INTO project_info (project_id, project_info_type_id, value, create_user, create_date, modify_user, modify_date) VALUES (100039, 31, '6001.0', 132456, CURRENT, 132456, CURRENT);
INSERT INTO project_info (project_id, project_info_type_id, value, create_user, create_date, modify_user, modify_date) VALUES (100039, 33, '683.0', 132456, CURRENT, 132456, CURRENT);
INSERT INTO project_info (project_id, project_info_type_id, value, create_user, create_date, modify_user, modify_date) VALUES (100039, 35, '30.0', 132456, CURRENT, 132456, CURRENT);
INSERT INTO project_info (project_id, project_info_type_id, value, create_user, create_date, modify_user, modify_date) VALUES (100039, 36, '1000.0', 132456, CURRENT, 132456, CURRENT);
INSERT INTO project_info (project_id, project_info_type_id, value, create_user, create_date, modify_user, modify_date) VALUES (100039, 37, '500.0', 132456, CURRENT, 132456, CURRENT);
INSERT INTO project_info (project_id, project_info_type_id, value, create_user, create_date, modify_user, modify_date) VALUES (100039, 45, 'true', 132456, CURRENT, 132456, CURRENT);
INSERT INTO project_info (project_id, project_info_type_id, value, create_user, create_date, modify_user, modify_date) VALUES (100039, 47, 'true', 132456, CURRENT, 132456, CURRENT);
INSERT INTO project_info (project_id, project_info_type_id, value, create_user, create_date, modify_user, modify_date) VALUES (100039, 38, '300.0', 132456, CURRENT, 132456, CURRENT);
INSERT INTO project_info (project_id, project_info_type_id, value, create_user, create_date, modify_user, modify_date) VALUES (100039, 39, '0.0', 132456, CURRENT, 132456, CURRENT);
INSERT INTO project_info (project_id, project_info_type_id, value, create_user, create_date, modify_user, modify_date) VALUES (100039, 40, 'B', 132456, CURRENT, 132456, CURRENT);
INSERT INTO project_info (project_id, project_info_type_id, value, create_user, create_date, modify_user, modify_date) VALUES (100039, 32, '100001', 132456, CURRENT, 132456, CURRENT);
INSERT INTO project_info (project_id, project_info_type_id, value, create_user, create_date, modify_user, modify_date) VALUES (100039, 41, 'true', 132456, CURRENT, 132456, CURRENT);
INSERT INTO project_info (project_id, project_info_type_id, value, create_user, create_date, modify_user, modify_date) VALUES (100039, 43, 'true', 132456, CURRENT, 132456, CURRENT);
INSERT INTO project_info (project_id, project_info_type_id, value, create_user, create_date, modify_user, modify_date) VALUES (100039, 44, 'false', 132456, CURRENT, 132456, CURRENT);
INSERT INTO project_info (project_id, project_info_type_id, value, create_user, create_date, modify_user, modify_date) VALUES (100039, 46, 'true', 132456, CURRENT, 132456, CURRENT);
INSERT INTO project_info (project_id, project_info_type_id, value, create_user, create_date, modify_user, modify_date) VALUES (100039, 48, 'true', 132456, CURRENT, 132456, CURRENT);
INSERT INTO project_info (project_id, project_info_type_id, value, create_user, create_date, modify_user, modify_date) VALUES (100039, 21, '02.10.2013 16:21 MSK', 132456, CURRENT, 132456, CURRENT);
INSERT INTO project_info (project_id, project_info_type_id, value, create_user, create_date, modify_user, modify_date) VALUES (100039, 49, '500', 132456, CURRENT, 132456, CURRENT);
INSERT INTO project_info (project_id, project_info_type_id, value, create_user, create_date, modify_user, modify_date) VALUES (100039, 59, 'true', 132456, CURRENT, 132456, CURRENT);
INSERT INTO resource (resource_id, resource_role_id, project_id, project_phase_id, create_user, create_date, modify_user, modify_date) VALUES (100153, 13, 100039, NULL, 132456, CURRENT, 132456, CURRENT);
INSERT INTO resource (resource_id, resource_role_id, project_id, project_phase_id, create_user, create_date, modify_user, modify_date) VALUES (100154, 13, 100039, NULL, 132456, CURRENT, 132456, CURRENT);
INSERT INTO resource (resource_id, resource_role_id, project_id, project_phase_id, create_user, create_date, modify_user, modify_date) VALUES (100155, 14, 100039, NULL, 132456, CURRENT, 132456, CURRENT);
INSERT INTO resource (resource_id, resource_role_id, project_id, project_phase_id, create_user, create_date, modify_user, modify_date) VALUES (100156, 10, 100039, NULL, 132456, CURRENT, 132456, CURRENT);
INSERT INTO resource_info (resource_id, resource_info_type_id, value, create_user, create_date, modify_user, modify_date) VALUES (100153, 1, '132456', 132456, CURRENT, 132456, CURRENT);
INSERT INTO resource_info (resource_id, resource_info_type_id, value, create_user, create_date, modify_user, modify_date) VALUES (100153, 2, 'heffan', 132456, CURRENT, 132456, CURRENT);
INSERT INTO resource_info (resource_id, resource_info_type_id, value, create_user, create_date, modify_user, modify_date) VALUES (100153, 8, 'N/A', 132456, CURRENT, 132456, CURRENT);
INSERT INTO resource_info (resource_id, resource_info_type_id, value, create_user, create_date, modify_user, modify_date) VALUES (100153, 6, '01.26.2013 03:22 PM', 132456, CURRENT, 132456, CURRENT);
INSERT INTO resource_info (resource_id, resource_info_type_id, value, create_user, create_date, modify_user, modify_date) VALUES (100154, 1, '22719217', 132456, CURRENT, 132456, CURRENT);
INSERT INTO resource_info (resource_id, resource_info_type_id, value, create_user, create_date, modify_user, modify_date) VALUES (100154, 2, 'Components', 132456, CURRENT, 132456, CURRENT);
INSERT INTO resource_info (resource_id, resource_info_type_id, value, create_user, create_date, modify_user, modify_date) VALUES (100154, 8, 'N/A', 132456, CURRENT, 132456, CURRENT);
INSERT INTO resource_info (resource_id, resource_info_type_id, value, create_user, create_date, modify_user, modify_date) VALUES (100154, 6, '01.26.2013 03:23 PM', 132456, CURRENT, 132456, CURRENT);
INSERT INTO resource_info (resource_id, resource_info_type_id, value, create_user, create_date, modify_user, modify_date) VALUES (100155, 1, '132458', 132456, CURRENT, 132456, CURRENT);
INSERT INTO resource_info (resource_id, resource_info_type_id, value, create_user, create_date, modify_user, modify_date) VALUES (100155, 2, 'user', 132456, CURRENT, 132456, CURRENT);
INSERT INTO resource_info (resource_id, resource_info_type_id, value, create_user, create_date, modify_user, modify_date) VALUES (100155, 8, 'N/A', 132456, CURRENT, 132456, CURRENT);
INSERT INTO resource_info (resource_id, resource_info_type_id, value, create_user, create_date, modify_user, modify_date) VALUES (100155, 6, '01.26.2013 03:24 PM', 132456, CURRENT, 132456, CURRENT);
INSERT INTO resource_info (resource_id, resource_info_type_id, value, create_user, create_date, modify_user, modify_date) VALUES (100156, 1, '132458', 132456, CURRENT, 132456, CURRENT);
INSERT INTO resource_info (resource_id, resource_info_type_id, value, create_user, create_date, modify_user, modify_date) VALUES (100156, 2, 'user', 132456, CURRENT, 132456, CURRENT);
INSERT INTO resource_info (resource_id, resource_info_type_id, value, create_user, create_date, modify_user, modify_date) VALUES (100156, 8, 'N/A', 132456, CURRENT, 132456, CURRENT);
INSERT INTO resource_info (resource_id, resource_info_type_id, value, create_user, create_date, modify_user, modify_date) VALUES (100156, 6, '01.26.2013 03:25 PM', 132456, CURRENT, 132456, CURRENT);
INSERT INTO project_info (project_id, project_info_type_id, value, create_user, create_date, modify_user, modify_date) VALUES (100040, 1, '100040', 132456, CURRENT, 132456, CURRENT);
INSERT INTO project_info (project_id, project_info_type_id, value, create_user, create_date, modify_user, modify_date) VALUES (100040, 2, '100040', 132456, CURRENT, 132456, CURRENT);
INSERT INTO project_info (project_id, project_info_type_id, value, create_user, create_date, modify_user, modify_date) VALUES (100040, 3, '100040', 132456, CURRENT, 132456, CURRENT);
INSERT INTO project_info (project_id, project_info_type_id, value, create_user, create_date, modify_user, modify_date) VALUES (100040, 4, '100041', 132456, CURRENT, 132456, CURRENT);
INSERT INTO project_info (project_id, project_info_type_id, value, create_user, create_date, modify_user, modify_date) VALUES (100040, 5, '27202905', 132456, CURRENT, 132456, CURRENT);
INSERT INTO project_info (project_id, project_info_type_id, value, create_user, create_date, modify_user, modify_date) VALUES (100040, 6, 'Client 100001 Billing Account 1 Project 1 Development Contest 40', 132456, CURRENT, 132456, CURRENT);
INSERT INTO project_info (project_id, project_info_type_id, value, create_user, create_date, modify_user, modify_date) VALUES (100040, 7, '1.0', 132456, CURRENT, 132456, CURRENT);
INSERT INTO project_info (project_id, project_info_type_id, value, create_user, create_date, modify_user, modify_date) VALUES (100040, 8, '', 132456, CURRENT, 132456, CURRENT);
INSERT INTO project_info (project_id, project_info_type_id, value, create_user, create_date, modify_user, modify_date) VALUES (100040, 11, 'On', 132456, CURRENT, 132456, CURRENT);
INSERT INTO project_info (project_id, project_info_type_id, value, create_user, create_date, modify_user, modify_date) VALUES (100040, 9, 'Off', 132456, CURRENT, 132456, CURRENT);
INSERT INTO project_info (project_id, project_info_type_id, value, create_user, create_date, modify_user, modify_date) VALUES (100040, 10, 'On', 132456, CURRENT, 132456, CURRENT);
INSERT INTO project_info (project_id, project_info_type_id, value, create_user, create_date, modify_user, modify_date) VALUES (100040, 12, 'Yes', 132456, CURRENT, 132456, CURRENT);
INSERT INTO project_info (project_id, project_info_type_id, value, create_user, create_date, modify_user, modify_date) VALUES (100040, 13, 'Yes', 132456, CURRENT, 132456, CURRENT);
INSERT INTO project_info (project_id, project_info_type_id, value, create_user, create_date, modify_user, modify_date) VALUES (100040, 14, 'Open', 132456, CURRENT, 132456, CURRENT);
INSERT INTO project_info (project_id, project_info_type_id, value, create_user, create_date, modify_user, modify_date) VALUES (100040, 16, '1000.0', 132456, CURRENT, 132456, CURRENT);
INSERT INTO project_info (project_id, project_info_type_id, value, create_user, create_date, modify_user, modify_date) VALUES (100040, 17, '', 132456, CURRENT, 132456, CURRENT);
INSERT INTO project_info (project_id, project_info_type_id, value, create_user, create_date, modify_user, modify_date) VALUES (100040, 26, 'On', 132456, CURRENT, 132456, CURRENT);
INSERT INTO project_info (project_id, project_info_type_id, value, create_user, create_date, modify_user, modify_date) VALUES (100040, 30, '450.0', 132456, CURRENT, 132456, CURRENT);
INSERT INTO project_info (project_id, project_info_type_id, value, create_user, create_date, modify_user, modify_date) VALUES (100040, 31, '6001.0', 132456, CURRENT, 132456, CURRENT);
INSERT INTO project_info (project_id, project_info_type_id, value, create_user, create_date, modify_user, modify_date) VALUES (100040, 33, '683.0', 132456, CURRENT, 132456, CURRENT);
INSERT INTO project_info (project_id, project_info_type_id, value, create_user, create_date, modify_user, modify_date) VALUES (100040, 35, '30.0', 132456, CURRENT, 132456, CURRENT);
INSERT INTO project_info (project_id, project_info_type_id, value, create_user, create_date, modify_user, modify_date) VALUES (100040, 36, '1000.0', 132456, CURRENT, 132456, CURRENT);
INSERT INTO project_info (project_id, project_info_type_id, value, create_user, create_date, modify_user, modify_date) VALUES (100040, 37, '500.0', 132456, CURRENT, 132456, CURRENT);
INSERT INTO project_info (project_id, project_info_type_id, value, create_user, create_date, modify_user, modify_date) VALUES (100040, 45, 'true', 132456, CURRENT, 132456, CURRENT);
INSERT INTO project_info (project_id, project_info_type_id, value, create_user, create_date, modify_user, modify_date) VALUES (100040, 47, 'true', 132456, CURRENT, 132456, CURRENT);
INSERT INTO project_info (project_id, project_info_type_id, value, create_user, create_date, modify_user, modify_date) VALUES (100040, 38, '300.0', 132456, CURRENT, 132456, CURRENT);
INSERT INTO project_info (project_id, project_info_type_id, value, create_user, create_date, modify_user, modify_date) VALUES (100040, 39, '0.0', 132456, CURRENT, 132456, CURRENT);
INSERT INTO project_info (project_id, project_info_type_id, value, create_user, create_date, modify_user, modify_date) VALUES (100040, 40, 'B', 132456, CURRENT, 132456, CURRENT);
INSERT INTO project_info (project_id, project_info_type_id, value, create_user, create_date, modify_user, modify_date) VALUES (100040, 32, '100001', 132456, CURRENT, 132456, CURRENT);
INSERT INTO project_info (project_id, project_info_type_id, value, create_user, create_date, modify_user, modify_date) VALUES (100040, 41, 'true', 132456, CURRENT, 132456, CURRENT);
INSERT INTO project_info (project_id, project_info_type_id, value, create_user, create_date, modify_user, modify_date) VALUES (100040, 43, 'true', 132456, CURRENT, 132456, CURRENT);
INSERT INTO project_info (project_id, project_info_type_id, value, create_user, create_date, modify_user, modify_date) VALUES (100040, 44, 'false', 132456, CURRENT, 132456, CURRENT);
INSERT INTO project_info (project_id, project_info_type_id, value, create_user, create_date, modify_user, modify_date) VALUES (100040, 46, 'true', 132456, CURRENT, 132456, CURRENT);
INSERT INTO project_info (project_id, project_info_type_id, value, create_user, create_date, modify_user, modify_date) VALUES (100040, 48, 'true', 132456, CURRENT, 132456, CURRENT);
INSERT INTO project_info (project_id, project_info_type_id, value, create_user, create_date, modify_user, modify_date) VALUES (100040, 21, '02.10.2013 16:21 MSK', 132456, CURRENT, 132456, CURRENT);
INSERT INTO project_info (project_id, project_info_type_id, value, create_user, create_date, modify_user, modify_date) VALUES (100040, 49, '500', 132456, CURRENT, 132456, CURRENT);
INSERT INTO project_info (project_id, project_info_type_id, value, create_user, create_date, modify_user, modify_date) VALUES (100040, 59, 'true', 132456, CURRENT, 132456, CURRENT);
INSERT INTO resource (resource_id, resource_role_id, project_id, project_phase_id, create_user, create_date, modify_user, modify_date) VALUES (100157, 13, 100040, NULL, 132456, CURRENT, 132456, CURRENT);
INSERT INTO resource (resource_id, resource_role_id, project_id, project_phase_id, create_user, create_date, modify_user, modify_date) VALUES (100158, 13, 100040, NULL, 132456, CURRENT, 132456, CURRENT);
INSERT INTO resource (resource_id, resource_role_id, project_id, project_phase_id, create_user, create_date, modify_user, modify_date) VALUES (100159, 14, 100040, NULL, 132456, CURRENT, 132456, CURRENT);
INSERT INTO resource (resource_id, resource_role_id, project_id, project_phase_id, create_user, create_date, modify_user, modify_date) VALUES (100160, 10, 100040, NULL, 132456, CURRENT, 132456, CURRENT);
INSERT INTO resource_info (resource_id, resource_info_type_id, value, create_user, create_date, modify_user, modify_date) VALUES (100157, 1, '132456', 132456, CURRENT, 132456, CURRENT);
INSERT INTO resource_info (resource_id, resource_info_type_id, value, create_user, create_date, modify_user, modify_date) VALUES (100157, 2, 'heffan', 132456, CURRENT, 132456, CURRENT);
INSERT INTO resource_info (resource_id, resource_info_type_id, value, create_user, create_date, modify_user, modify_date) VALUES (100157, 8, 'N/A', 132456, CURRENT, 132456, CURRENT);
INSERT INTO resource_info (resource_id, resource_info_type_id, value, create_user, create_date, modify_user, modify_date) VALUES (100157, 6, '01.26.2013 03:22 PM', 132456, CURRENT, 132456, CURRENT);
INSERT INTO resource_info (resource_id, resource_info_type_id, value, create_user, create_date, modify_user, modify_date) VALUES (100158, 1, '22719217', 132456, CURRENT, 132456, CURRENT);
INSERT INTO resource_info (resource_id, resource_info_type_id, value, create_user, create_date, modify_user, modify_date) VALUES (100158, 2, 'Components', 132456, CURRENT, 132456, CURRENT);
INSERT INTO resource_info (resource_id, resource_info_type_id, value, create_user, create_date, modify_user, modify_date) VALUES (100158, 8, 'N/A', 132456, CURRENT, 132456, CURRENT);
INSERT INTO resource_info (resource_id, resource_info_type_id, value, create_user, create_date, modify_user, modify_date) VALUES (100158, 6, '01.26.2013 03:23 PM', 132456, CURRENT, 132456, CURRENT);
INSERT INTO resource_info (resource_id, resource_info_type_id, value, create_user, create_date, modify_user, modify_date) VALUES (100159, 1, '132458', 132456, CURRENT, 132456, CURRENT);
INSERT INTO resource_info (resource_id, resource_info_type_id, value, create_user, create_date, modify_user, modify_date) VALUES (100159, 2, 'user', 132456, CURRENT, 132456, CURRENT);
INSERT INTO resource_info (resource_id, resource_info_type_id, value, create_user, create_date, modify_user, modify_date) VALUES (100159, 8, 'N/A', 132456, CURRENT, 132456, CURRENT);
INSERT INTO resource_info (resource_id, resource_info_type_id, value, create_user, create_date, modify_user, modify_date) VALUES (100159, 6, '01.26.2013 03:24 PM', 132456, CURRENT, 132456, CURRENT);
INSERT INTO resource_info (resource_id, resource_info_type_id, value, create_user, create_date, modify_user, modify_date) VALUES (100160, 1, '132458', 132456, CURRENT, 132456, CURRENT);
INSERT INTO resource_info (resource_id, resource_info_type_id, value, create_user, create_date, modify_user, modify_date) VALUES (100160, 2, 'user', 132456, CURRENT, 132456, CURRENT);
INSERT INTO resource_info (resource_id, resource_info_type_id, value, create_user, create_date, modify_user, modify_date) VALUES (100160, 8, 'N/A', 132456, CURRENT, 132456, CURRENT);
INSERT INTO resource_info (resource_id, resource_info_type_id, value, create_user, create_date, modify_user, modify_date) VALUES (100160, 6, '01.26.2013 03:25 PM', 132456, CURRENT, 132456, CURRENT);
INSERT INTO project_info (project_id, project_info_type_id, value, create_user, create_date, modify_user, modify_date) VALUES (100041, 1, '100041', 132456, CURRENT, 132456, CURRENT);
INSERT INTO project_info (project_id, project_info_type_id, value, create_user, create_date, modify_user, modify_date) VALUES (100041, 2, '100041', 132456, CURRENT, 132456, CURRENT);
INSERT INTO project_info (project_id, project_info_type_id, value, create_user, create_date, modify_user, modify_date) VALUES (100041, 3, '100041', 132456, CURRENT, 132456, CURRENT);
INSERT INTO project_info (project_id, project_info_type_id, value, create_user, create_date, modify_user, modify_date) VALUES (100041, 4, '100042', 132456, CURRENT, 132456, CURRENT);
INSERT INTO project_info (project_id, project_info_type_id, value, create_user, create_date, modify_user, modify_date) VALUES (100041, 5, '27202915', 132456, CURRENT, 132456, CURRENT);
INSERT INTO project_info (project_id, project_info_type_id, value, create_user, create_date, modify_user, modify_date) VALUES (100041, 6, 'Client 100001 Billing Account 1 Project 1 Development Contest 41', 132456, CURRENT, 132456, CURRENT);
INSERT INTO project_info (project_id, project_info_type_id, value, create_user, create_date, modify_user, modify_date) VALUES (100041, 7, '1.0', 132456, CURRENT, 132456, CURRENT);
INSERT INTO project_info (project_id, project_info_type_id, value, create_user, create_date, modify_user, modify_date) VALUES (100041, 8, '', 132456, CURRENT, 132456, CURRENT);
INSERT INTO project_info (project_id, project_info_type_id, value, create_user, create_date, modify_user, modify_date) VALUES (100041, 11, 'On', 132456, CURRENT, 132456, CURRENT);
INSERT INTO project_info (project_id, project_info_type_id, value, create_user, create_date, modify_user, modify_date) VALUES (100041, 9, 'Off', 132456, CURRENT, 132456, CURRENT);
INSERT INTO project_info (project_id, project_info_type_id, value, create_user, create_date, modify_user, modify_date) VALUES (100041, 10, 'On', 132456, CURRENT, 132456, CURRENT);
INSERT INTO project_info (project_id, project_info_type_id, value, create_user, create_date, modify_user, modify_date) VALUES (100041, 12, 'Yes', 132456, CURRENT, 132456, CURRENT);
INSERT INTO project_info (project_id, project_info_type_id, value, create_user, create_date, modify_user, modify_date) VALUES (100041, 13, 'Yes', 132456, CURRENT, 132456, CURRENT);
INSERT INTO project_info (project_id, project_info_type_id, value, create_user, create_date, modify_user, modify_date) VALUES (100041, 14, 'Open', 132456, CURRENT, 132456, CURRENT);
INSERT INTO project_info (project_id, project_info_type_id, value, create_user, create_date, modify_user, modify_date) VALUES (100041, 16, '1000.0', 132456, CURRENT, 132456, CURRENT);
INSERT INTO project_info (project_id, project_info_type_id, value, create_user, create_date, modify_user, modify_date) VALUES (100041, 17, '', 132456, CURRENT, 132456, CURRENT);
INSERT INTO project_info (project_id, project_info_type_id, value, create_user, create_date, modify_user, modify_date) VALUES (100041, 26, 'On', 132456, CURRENT, 132456, CURRENT);
INSERT INTO project_info (project_id, project_info_type_id, value, create_user, create_date, modify_user, modify_date) VALUES (100041, 30, '450.0', 132456, CURRENT, 132456, CURRENT);
INSERT INTO project_info (project_id, project_info_type_id, value, create_user, create_date, modify_user, modify_date) VALUES (100041, 31, '6001.0', 132456, CURRENT, 132456, CURRENT);
INSERT INTO project_info (project_id, project_info_type_id, value, create_user, create_date, modify_user, modify_date) VALUES (100041, 33, '683.0', 132456, CURRENT, 132456, CURRENT);
INSERT INTO project_info (project_id, project_info_type_id, value, create_user, create_date, modify_user, modify_date) VALUES (100041, 35, '30.0', 132456, CURRENT, 132456, CURRENT);
INSERT INTO project_info (project_id, project_info_type_id, value, create_user, create_date, modify_user, modify_date) VALUES (100041, 36, '1000.0', 132456, CURRENT, 132456, CURRENT);
INSERT INTO project_info (project_id, project_info_type_id, value, create_user, create_date, modify_user, modify_date) VALUES (100041, 37, '500.0', 132456, CURRENT, 132456, CURRENT);
INSERT INTO project_info (project_id, project_info_type_id, value, create_user, create_date, modify_user, modify_date) VALUES (100041, 45, 'true', 132456, CURRENT, 132456, CURRENT);
INSERT INTO project_info (project_id, project_info_type_id, value, create_user, create_date, modify_user, modify_date) VALUES (100041, 47, 'true', 132456, CURRENT, 132456, CURRENT);
INSERT INTO project_info (project_id, project_info_type_id, value, create_user, create_date, modify_user, modify_date) VALUES (100041, 38, '300.0', 132456, CURRENT, 132456, CURRENT);
INSERT INTO project_info (project_id, project_info_type_id, value, create_user, create_date, modify_user, modify_date) VALUES (100041, 39, '0.0', 132456, CURRENT, 132456, CURRENT);
INSERT INTO project_info (project_id, project_info_type_id, value, create_user, create_date, modify_user, modify_date) VALUES (100041, 40, 'B', 132456, CURRENT, 132456, CURRENT);
INSERT INTO project_info (project_id, project_info_type_id, value, create_user, create_date, modify_user, modify_date) VALUES (100041, 32, '100001', 132456, CURRENT, 132456, CURRENT);
INSERT INTO project_info (project_id, project_info_type_id, value, create_user, create_date, modify_user, modify_date) VALUES (100041, 41, 'true', 132456, CURRENT, 132456, CURRENT);
INSERT INTO project_info (project_id, project_info_type_id, value, create_user, create_date, modify_user, modify_date) VALUES (100041, 43, 'true', 132456, CURRENT, 132456, CURRENT);
INSERT INTO project_info (project_id, project_info_type_id, value, create_user, create_date, modify_user, modify_date) VALUES (100041, 44, 'false', 132456, CURRENT, 132456, CURRENT);
INSERT INTO project_info (project_id, project_info_type_id, value, create_user, create_date, modify_user, modify_date) VALUES (100041, 46, 'true', 132456, CURRENT, 132456, CURRENT);
INSERT INTO project_info (project_id, project_info_type_id, value, create_user, create_date, modify_user, modify_date) VALUES (100041, 48, 'true', 132456, CURRENT, 132456, CURRENT);
INSERT INTO project_info (project_id, project_info_type_id, value, create_user, create_date, modify_user, modify_date) VALUES (100041, 21, '02.06.2013 15:21 MSK', 132456, CURRENT, 132456, CURRENT);
INSERT INTO project_info (project_id, project_info_type_id, value, create_user, create_date, modify_user, modify_date) VALUES (100041, 49, '500', 132456, CURRENT, 132456, CURRENT);
INSERT INTO project_info (project_id, project_info_type_id, value, create_user, create_date, modify_user, modify_date) VALUES (100041, 59, 'true', 132456, CURRENT, 132456, CURRENT);
INSERT INTO resource (resource_id, resource_role_id, project_id, project_phase_id, create_user, create_date, modify_user, modify_date) VALUES (100161, 13, 100041, NULL, 132456, CURRENT, 132456, CURRENT);
INSERT INTO resource (resource_id, resource_role_id, project_id, project_phase_id, create_user, create_date, modify_user, modify_date) VALUES (100162, 13, 100041, NULL, 132456, CURRENT, 132456, CURRENT);
INSERT INTO resource (resource_id, resource_role_id, project_id, project_phase_id, create_user, create_date, modify_user, modify_date) VALUES (100163, 14, 100041, NULL, 132456, CURRENT, 132456, CURRENT);
INSERT INTO resource (resource_id, resource_role_id, project_id, project_phase_id, create_user, create_date, modify_user, modify_date) VALUES (100164, 10, 100041, NULL, 132456, CURRENT, 132456, CURRENT);
INSERT INTO resource_info (resource_id, resource_info_type_id, value, create_user, create_date, modify_user, modify_date) VALUES (100161, 1, '132456', 132456, CURRENT, 132456, CURRENT);
INSERT INTO resource_info (resource_id, resource_info_type_id, value, create_user, create_date, modify_user, modify_date) VALUES (100161, 2, 'heffan', 132456, CURRENT, 132456, CURRENT);
INSERT INTO resource_info (resource_id, resource_info_type_id, value, create_user, create_date, modify_user, modify_date) VALUES (100161, 8, 'N/A', 132456, CURRENT, 132456, CURRENT);
INSERT INTO resource_info (resource_id, resource_info_type_id, value, create_user, create_date, modify_user, modify_date) VALUES (100161, 6, '01.26.2013 03:22 PM', 132456, CURRENT, 132456, CURRENT);
INSERT INTO resource_info (resource_id, resource_info_type_id, value, create_user, create_date, modify_user, modify_date) VALUES (100162, 1, '22719217', 132456, CURRENT, 132456, CURRENT);
INSERT INTO resource_info (resource_id, resource_info_type_id, value, create_user, create_date, modify_user, modify_date) VALUES (100162, 2, 'Components', 132456, CURRENT, 132456, CURRENT);
INSERT INTO resource_info (resource_id, resource_info_type_id, value, create_user, create_date, modify_user, modify_date) VALUES (100162, 8, 'N/A', 132456, CURRENT, 132456, CURRENT);
INSERT INTO resource_info (resource_id, resource_info_type_id, value, create_user, create_date, modify_user, modify_date) VALUES (100162, 6, '01.26.2013 03:23 PM', 132456, CURRENT, 132456, CURRENT);
INSERT INTO resource_info (resource_id, resource_info_type_id, value, create_user, create_date, modify_user, modify_date) VALUES (100163, 1, '132458', 132456, CURRENT, 132456, CURRENT);
INSERT INTO resource_info (resource_id, resource_info_type_id, value, create_user, create_date, modify_user, modify_date) VALUES (100163, 2, 'user', 132456, CURRENT, 132456, CURRENT);
INSERT INTO resource_info (resource_id, resource_info_type_id, value, create_user, create_date, modify_user, modify_date) VALUES (100163, 8, 'N/A', 132456, CURRENT, 132456, CURRENT);
INSERT INTO resource_info (resource_id, resource_info_type_id, value, create_user, create_date, modify_user, modify_date) VALUES (100163, 6, '01.26.2013 03:24 PM', 132456, CURRENT, 132456, CURRENT);
INSERT INTO resource_info (resource_id, resource_info_type_id, value, create_user, create_date, modify_user, modify_date) VALUES (100164, 1, '132458', 132456, CURRENT, 132456, CURRENT);
INSERT INTO resource_info (resource_id, resource_info_type_id, value, create_user, create_date, modify_user, modify_date) VALUES (100164, 2, 'user', 132456, CURRENT, 132456, CURRENT);
INSERT INTO resource_info (resource_id, resource_info_type_id, value, create_user, create_date, modify_user, modify_date) VALUES (100164, 8, 'N/A', 132456, CURRENT, 132456, CURRENT);
INSERT INTO resource_info (resource_id, resource_info_type_id, value, create_user, create_date, modify_user, modify_date) VALUES (100164, 6, '01.26.2013 03:25 PM', 132456, CURRENT, 132456, CURRENT);
INSERT INTO project_info (project_id, project_info_type_id, value, create_user, create_date, modify_user, modify_date) VALUES (100042, 1, '100042', 132456, CURRENT, 132456, CURRENT);
INSERT INTO project_info (project_id, project_info_type_id, value, create_user, create_date, modify_user, modify_date) VALUES (100042, 2, '100042', 132456, CURRENT, 132456, CURRENT);
INSERT INTO project_info (project_id, project_info_type_id, value, create_user, create_date, modify_user, modify_date) VALUES (100042, 3, '100042', 132456, CURRENT, 132456, CURRENT);
INSERT INTO project_info (project_id, project_info_type_id, value, create_user, create_date, modify_user, modify_date) VALUES (100042, 4, '100043', 132456, CURRENT, 132456, CURRENT);
INSERT INTO project_info (project_id, project_info_type_id, value, create_user, create_date, modify_user, modify_date) VALUES (100042, 5, '27202907', 132456, CURRENT, 132456, CURRENT);
INSERT INTO project_info (project_id, project_info_type_id, value, create_user, create_date, modify_user, modify_date) VALUES (100042, 6, 'Client 100001 Billing Account 1 Project 1 Module Assembly Contest 42', 132456, CURRENT, 132456, CURRENT);
INSERT INTO project_info (project_id, project_info_type_id, value, create_user, create_date, modify_user, modify_date) VALUES (100042, 7, '1.0', 132456, CURRENT, 132456, CURRENT);
INSERT INTO project_info (project_id, project_info_type_id, value, create_user, create_date, modify_user, modify_date) VALUES (100042, 8, '', 132456, CURRENT, 132456, CURRENT);
INSERT INTO project_info (project_id, project_info_type_id, value, create_user, create_date, modify_user, modify_date) VALUES (100042, 11, 'On', 132456, CURRENT, 132456, CURRENT);
INSERT INTO project_info (project_id, project_info_type_id, value, create_user, create_date, modify_user, modify_date) VALUES (100042, 9, 'Off', 132456, CURRENT, 132456, CURRENT);
INSERT INTO project_info (project_id, project_info_type_id, value, create_user, create_date, modify_user, modify_date) VALUES (100042, 10, 'On', 132456, CURRENT, 132456, CURRENT);
INSERT INTO project_info (project_id, project_info_type_id, value, create_user, create_date, modify_user, modify_date) VALUES (100042, 12, 'Yes', 132456, CURRENT, 132456, CURRENT);
INSERT INTO project_info (project_id, project_info_type_id, value, create_user, create_date, modify_user, modify_date) VALUES (100042, 13, 'Yes', 132456, CURRENT, 132456, CURRENT);
INSERT INTO project_info (project_id, project_info_type_id, value, create_user, create_date, modify_user, modify_date) VALUES (100042, 14, 'Open', 132456, CURRENT, 132456, CURRENT);
INSERT INTO project_info (project_id, project_info_type_id, value, create_user, create_date, modify_user, modify_date) VALUES (100042, 16, '1000.0', 132456, CURRENT, 132456, CURRENT);
INSERT INTO project_info (project_id, project_info_type_id, value, create_user, create_date, modify_user, modify_date) VALUES (100042, 17, '', 132456, CURRENT, 132456, CURRENT);
INSERT INTO project_info (project_id, project_info_type_id, value, create_user, create_date, modify_user, modify_date) VALUES (100042, 26, 'On', 132456, CURRENT, 132456, CURRENT);
INSERT INTO project_info (project_id, project_info_type_id, value, create_user, create_date, modify_user, modify_date) VALUES (100042, 30, '450.0', 132456, CURRENT, 132456, CURRENT);
INSERT INTO project_info (project_id, project_info_type_id, value, create_user, create_date, modify_user, modify_date) VALUES (100042, 31, '6001.0', 132456, CURRENT, 132456, CURRENT);
INSERT INTO project_info (project_id, project_info_type_id, value, create_user, create_date, modify_user, modify_date) VALUES (100042, 33, '683.0', 132456, CURRENT, 132456, CURRENT);
INSERT INTO project_info (project_id, project_info_type_id, value, create_user, create_date, modify_user, modify_date) VALUES (100042, 35, '30.0', 132456, CURRENT, 132456, CURRENT);
INSERT INTO project_info (project_id, project_info_type_id, value, create_user, create_date, modify_user, modify_date) VALUES (100042, 36, '1000.0', 132456, CURRENT, 132456, CURRENT);
INSERT INTO project_info (project_id, project_info_type_id, value, create_user, create_date, modify_user, modify_date) VALUES (100042, 37, '500.0', 132456, CURRENT, 132456, CURRENT);
INSERT INTO project_info (project_id, project_info_type_id, value, create_user, create_date, modify_user, modify_date) VALUES (100042, 45, 'true', 132456, CURRENT, 132456, CURRENT);
INSERT INTO project_info (project_id, project_info_type_id, value, create_user, create_date, modify_user, modify_date) VALUES (100042, 47, 'true', 132456, CURRENT, 132456, CURRENT);
INSERT INTO project_info (project_id, project_info_type_id, value, create_user, create_date, modify_user, modify_date) VALUES (100042, 38, '300.0', 132456, CURRENT, 132456, CURRENT);
INSERT INTO project_info (project_id, project_info_type_id, value, create_user, create_date, modify_user, modify_date) VALUES (100042, 39, '0.0', 132456, CURRENT, 132456, CURRENT);
INSERT INTO project_info (project_id, project_info_type_id, value, create_user, create_date, modify_user, modify_date) VALUES (100042, 40, 'B', 132456, CURRENT, 132456, CURRENT);
INSERT INTO project_info (project_id, project_info_type_id, value, create_user, create_date, modify_user, modify_date) VALUES (100042, 32, '100001', 132456, CURRENT, 132456, CURRENT);
INSERT INTO project_info (project_id, project_info_type_id, value, create_user, create_date, modify_user, modify_date) VALUES (100042, 41, 'true', 132456, CURRENT, 132456, CURRENT);
INSERT INTO project_info (project_id, project_info_type_id, value, create_user, create_date, modify_user, modify_date) VALUES (100042, 43, 'true', 132456, CURRENT, 132456, CURRENT);
INSERT INTO project_info (project_id, project_info_type_id, value, create_user, create_date, modify_user, modify_date) VALUES (100042, 44, 'false', 132456, CURRENT, 132456, CURRENT);
INSERT INTO project_info (project_id, project_info_type_id, value, create_user, create_date, modify_user, modify_date) VALUES (100042, 46, 'true', 132456, CURRENT, 132456, CURRENT);
INSERT INTO project_info (project_id, project_info_type_id, value, create_user, create_date, modify_user, modify_date) VALUES (100042, 48, 'true', 132456, CURRENT, 132456, CURRENT);
INSERT INTO project_info (project_id, project_info_type_id, value, create_user, create_date, modify_user, modify_date) VALUES (100042, 21, '02.03.2013 03:21 MSK', 132456, CURRENT, 132456, CURRENT);
INSERT INTO project_info (project_id, project_info_type_id, value, create_user, create_date, modify_user, modify_date) VALUES (100042, 49, '500', 132456, CURRENT, 132456, CURRENT);
INSERT INTO project_info (project_id, project_info_type_id, value, create_user, create_date, modify_user, modify_date) VALUES (100042, 59, 'true', 132456, CURRENT, 132456, CURRENT);
INSERT INTO resource (resource_id, resource_role_id, project_id, project_phase_id, create_user, create_date, modify_user, modify_date) VALUES (100165, 13, 100042, NULL, 132456, CURRENT, 132456, CURRENT);
INSERT INTO resource (resource_id, resource_role_id, project_id, project_phase_id, create_user, create_date, modify_user, modify_date) VALUES (100166, 13, 100042, NULL, 132456, CURRENT, 132456, CURRENT);
INSERT INTO resource (resource_id, resource_role_id, project_id, project_phase_id, create_user, create_date, modify_user, modify_date) VALUES (100167, 14, 100042, NULL, 132456, CURRENT, 132456, CURRENT);
INSERT INTO resource (resource_id, resource_role_id, project_id, project_phase_id, create_user, create_date, modify_user, modify_date) VALUES (100168, 10, 100042, NULL, 132456, CURRENT, 132456, CURRENT);
INSERT INTO resource_info (resource_id, resource_info_type_id, value, create_user, create_date, modify_user, modify_date) VALUES (100165, 1, '132456', 132456, CURRENT, 132456, CURRENT);
INSERT INTO resource_info (resource_id, resource_info_type_id, value, create_user, create_date, modify_user, modify_date) VALUES (100165, 2, 'heffan', 132456, CURRENT, 132456, CURRENT);
INSERT INTO resource_info (resource_id, resource_info_type_id, value, create_user, create_date, modify_user, modify_date) VALUES (100165, 8, 'N/A', 132456, CURRENT, 132456, CURRENT);
INSERT INTO resource_info (resource_id, resource_info_type_id, value, create_user, create_date, modify_user, modify_date) VALUES (100165, 6, '01.26.2013 03:22 PM', 132456, CURRENT, 132456, CURRENT);
INSERT INTO resource_info (resource_id, resource_info_type_id, value, create_user, create_date, modify_user, modify_date) VALUES (100166, 1, '22770213', 132456, CURRENT, 132456, CURRENT);
INSERT INTO resource_info (resource_id, resource_info_type_id, value, create_user, create_date, modify_user, modify_date) VALUES (100166, 2, 'Applications', 132456, CURRENT, 132456, CURRENT);
INSERT INTO resource_info (resource_id, resource_info_type_id, value, create_user, create_date, modify_user, modify_date) VALUES (100166, 8, 'N/A', 132456, CURRENT, 132456, CURRENT);
INSERT INTO resource_info (resource_id, resource_info_type_id, value, create_user, create_date, modify_user, modify_date) VALUES (100166, 6, '01.26.2013 03:23 PM', 132456, CURRENT, 132456, CURRENT);
INSERT INTO resource_info (resource_id, resource_info_type_id, value, create_user, create_date, modify_user, modify_date) VALUES (100167, 1, '132458', 132456, CURRENT, 132456, CURRENT);
INSERT INTO resource_info (resource_id, resource_info_type_id, value, create_user, create_date, modify_user, modify_date) VALUES (100167, 2, 'user', 132456, CURRENT, 132456, CURRENT);
INSERT INTO resource_info (resource_id, resource_info_type_id, value, create_user, create_date, modify_user, modify_date) VALUES (100167, 8, 'N/A', 132456, CURRENT, 132456, CURRENT);
INSERT INTO resource_info (resource_id, resource_info_type_id, value, create_user, create_date, modify_user, modify_date) VALUES (100167, 6, '01.26.2013 03:24 PM', 132456, CURRENT, 132456, CURRENT);
INSERT INTO resource_info (resource_id, resource_info_type_id, value, create_user, create_date, modify_user, modify_date) VALUES (100168, 1, '132458', 132456, CURRENT, 132456, CURRENT);
INSERT INTO resource_info (resource_id, resource_info_type_id, value, create_user, create_date, modify_user, modify_date) VALUES (100168, 2, 'user', 132456, CURRENT, 132456, CURRENT);
INSERT INTO resource_info (resource_id, resource_info_type_id, value, create_user, create_date, modify_user, modify_date) VALUES (100168, 8, 'N/A', 132456, CURRENT, 132456, CURRENT);
INSERT INTO resource_info (resource_id, resource_info_type_id, value, create_user, create_date, modify_user, modify_date) VALUES (100168, 6, '01.26.2013 03:25 PM', 132456, CURRENT, 132456, CURRENT);
INSERT INTO project_info (project_id, project_info_type_id, value, create_user, create_date, modify_user, modify_date) VALUES (100043, 1, '100043', 132456, CURRENT, 132456, CURRENT);
INSERT INTO project_info (project_id, project_info_type_id, value, create_user, create_date, modify_user, modify_date) VALUES (100043, 2, '100043', 132456, CURRENT, 132456, CURRENT);
INSERT INTO project_info (project_id, project_info_type_id, value, create_user, create_date, modify_user, modify_date) VALUES (100043, 3, '100043', 132456, CURRENT, 132456, CURRENT);
INSERT INTO project_info (project_id, project_info_type_id, value, create_user, create_date, modify_user, modify_date) VALUES (100043, 4, '100044', 132456, CURRENT, 132456, CURRENT);
INSERT INTO project_info (project_id, project_info_type_id, value, create_user, create_date, modify_user, modify_date) VALUES (100043, 5, '5801776', 132456, CURRENT, 132456, CURRENT);
INSERT INTO project_info (project_id, project_info_type_id, value, create_user, create_date, modify_user, modify_date) VALUES (100043, 6, 'Client 100001 Billing Account 1 Project 1 Development Contest 43', 132456, CURRENT, 132456, CURRENT);
INSERT INTO project_info (project_id, project_info_type_id, value, create_user, create_date, modify_user, modify_date) VALUES (100043, 7, '1.0', 132456, CURRENT, 132456, CURRENT);
INSERT INTO project_info (project_id, project_info_type_id, value, create_user, create_date, modify_user, modify_date) VALUES (100043, 8, '', 132456, CURRENT, 132456, CURRENT);
INSERT INTO project_info (project_id, project_info_type_id, value, create_user, create_date, modify_user, modify_date) VALUES (100043, 11, 'On', 132456, CURRENT, 132456, CURRENT);
INSERT INTO project_info (project_id, project_info_type_id, value, create_user, create_date, modify_user, modify_date) VALUES (100043, 9, 'Off', 132456, CURRENT, 132456, CURRENT);
INSERT INTO project_info (project_id, project_info_type_id, value, create_user, create_date, modify_user, modify_date) VALUES (100043, 10, 'On', 132456, CURRENT, 132456, CURRENT);
INSERT INTO project_info (project_id, project_info_type_id, value, create_user, create_date, modify_user, modify_date) VALUES (100043, 12, 'Yes', 132456, CURRENT, 132456, CURRENT);
INSERT INTO project_info (project_id, project_info_type_id, value, create_user, create_date, modify_user, modify_date) VALUES (100043, 13, 'Yes', 132456, CURRENT, 132456, CURRENT);
INSERT INTO project_info (project_id, project_info_type_id, value, create_user, create_date, modify_user, modify_date) VALUES (100043, 14, 'Open', 132456, CURRENT, 132456, CURRENT);
INSERT INTO project_info (project_id, project_info_type_id, value, create_user, create_date, modify_user, modify_date) VALUES (100043, 16, '1200.0', 132456, CURRENT, 132456, CURRENT);
INSERT INTO project_info (project_id, project_info_type_id, value, create_user, create_date, modify_user, modify_date) VALUES (100043, 17, '', 132456, CURRENT, 132456, CURRENT);
INSERT INTO project_info (project_id, project_info_type_id, value, create_user, create_date, modify_user, modify_date) VALUES (100043, 26, 'On', 132456, CURRENT, 132456, CURRENT);
INSERT INTO project_info (project_id, project_info_type_id, value, create_user, create_date, modify_user, modify_date) VALUES (100043, 30, '540.0', 132456, CURRENT, 132456, CURRENT);
INSERT INTO project_info (project_id, project_info_type_id, value, create_user, create_date, modify_user, modify_date) VALUES (100043, 31, '6001.0', 132456, CURRENT, 132456, CURRENT);
INSERT INTO project_info (project_id, project_info_type_id, value, create_user, create_date, modify_user, modify_date) VALUES (100043, 33, '761.0', 132456, CURRENT, 132456, CURRENT);
INSERT INTO project_info (project_id, project_info_type_id, value, create_user, create_date, modify_user, modify_date) VALUES (100043, 35, '30.0', 132456, CURRENT, 132456, CURRENT);
INSERT INTO project_info (project_id, project_info_type_id, value, create_user, create_date, modify_user, modify_date) VALUES (100043, 36, '1200.0', 132456, CURRENT, 132456, CURRENT);
INSERT INTO project_info (project_id, project_info_type_id, value, create_user, create_date, modify_user, modify_date) VALUES (100043, 37, '600.0', 132456, CURRENT, 132456, CURRENT);
INSERT INTO project_info (project_id, project_info_type_id, value, create_user, create_date, modify_user, modify_date) VALUES (100043, 45, 'true', 132456, CURRENT, 132456, CURRENT);
INSERT INTO project_info (project_id, project_info_type_id, value, create_user, create_date, modify_user, modify_date) VALUES (100043, 47, 'true', 132456, CURRENT, 132456, CURRENT);
INSERT INTO project_info (project_id, project_info_type_id, value, create_user, create_date, modify_user, modify_date) VALUES (100043, 38, '380.0', 132456, CURRENT, 132456, CURRENT);
INSERT INTO project_info (project_id, project_info_type_id, value, create_user, create_date, modify_user, modify_date) VALUES (100043, 39, '0.0', 132456, CURRENT, 132456, CURRENT);
INSERT INTO project_info (project_id, project_info_type_id, value, create_user, create_date, modify_user, modify_date) VALUES (100043, 40, 'C', 132456, CURRENT, 132456, CURRENT);
INSERT INTO project_info (project_id, project_info_type_id, value, create_user, create_date, modify_user, modify_date) VALUES (100043, 32, '100001', 132456, CURRENT, 132456, CURRENT);
INSERT INTO project_info (project_id, project_info_type_id, value, create_user, create_date, modify_user, modify_date) VALUES (100043, 41, 'true', 132456, CURRENT, 132456, CURRENT);
INSERT INTO project_info (project_id, project_info_type_id, value, create_user, create_date, modify_user, modify_date) VALUES (100043, 43, 'true', 132456, CURRENT, 132456, CURRENT);
INSERT INTO project_info (project_id, project_info_type_id, value, create_user, create_date, modify_user, modify_date) VALUES (100043, 44, 'false', 132456, CURRENT, 132456, CURRENT);
INSERT INTO project_info (project_id, project_info_type_id, value, create_user, create_date, modify_user, modify_date) VALUES (100043, 46, 'true', 132456, CURRENT, 132456, CURRENT);
INSERT INTO project_info (project_id, project_info_type_id, value, create_user, create_date, modify_user, modify_date) VALUES (100043, 48, 'true', 132456, CURRENT, 132456, CURRENT);
INSERT INTO project_info (project_id, project_info_type_id, value, create_user, create_date, modify_user, modify_date) VALUES (100043, 21, '02.06.2013 15:21 MSK', 132456, CURRENT, 132456, CURRENT);
INSERT INTO project_info (project_id, project_info_type_id, value, create_user, create_date, modify_user, modify_date) VALUES (100043, 49, '500', 132456, CURRENT, 132456, CURRENT);
INSERT INTO project_info (project_id, project_info_type_id, value, create_user, create_date, modify_user, modify_date) VALUES (100043, 59, 'true', 132456, CURRENT, 132456, CURRENT);
INSERT INTO resource (resource_id, resource_role_id, project_id, project_phase_id, create_user, create_date, modify_user, modify_date) VALUES (100169, 13, 100043, NULL, 132456, CURRENT, 132456, CURRENT);
INSERT INTO resource (resource_id, resource_role_id, project_id, project_phase_id, create_user, create_date, modify_user, modify_date) VALUES (100170, 13, 100043, NULL, 132456, CURRENT, 132456, CURRENT);
INSERT INTO resource (resource_id, resource_role_id, project_id, project_phase_id, create_user, create_date, modify_user, modify_date) VALUES (100171, 14, 100043, NULL, 132456, CURRENT, 132456, CURRENT);
INSERT INTO resource (resource_id, resource_role_id, project_id, project_phase_id, create_user, create_date, modify_user, modify_date) VALUES (100172, 10, 100043, NULL, 132456, CURRENT, 132456, CURRENT);
INSERT INTO resource_info (resource_id, resource_info_type_id, value, create_user, create_date, modify_user, modify_date) VALUES (100169, 1, '132456', 132456, CURRENT, 132456, CURRENT);
INSERT INTO resource_info (resource_id, resource_info_type_id, value, create_user, create_date, modify_user, modify_date) VALUES (100169, 2, 'heffan', 132456, CURRENT, 132456, CURRENT);
INSERT INTO resource_info (resource_id, resource_info_type_id, value, create_user, create_date, modify_user, modify_date) VALUES (100169, 8, 'N/A', 132456, CURRENT, 132456, CURRENT);
INSERT INTO resource_info (resource_id, resource_info_type_id, value, create_user, create_date, modify_user, modify_date) VALUES (100169, 6, '01.26.2013 03:22 PM', 132456, CURRENT, 132456, CURRENT);
INSERT INTO resource_info (resource_id, resource_info_type_id, value, create_user, create_date, modify_user, modify_date) VALUES (100170, 1, '22719217', 132456, CURRENT, 132456, CURRENT);
INSERT INTO resource_info (resource_id, resource_info_type_id, value, create_user, create_date, modify_user, modify_date) VALUES (100170, 2, 'Components', 132456, CURRENT, 132456, CURRENT);
INSERT INTO resource_info (resource_id, resource_info_type_id, value, create_user, create_date, modify_user, modify_date) VALUES (100170, 8, 'N/A', 132456, CURRENT, 132456, CURRENT);
INSERT INTO resource_info (resource_id, resource_info_type_id, value, create_user, create_date, modify_user, modify_date) VALUES (100170, 6, '01.26.2013 03:23 PM', 132456, CURRENT, 132456, CURRENT);
INSERT INTO resource_info (resource_id, resource_info_type_id, value, create_user, create_date, modify_user, modify_date) VALUES (100171, 1, '132458', 132456, CURRENT, 132456, CURRENT);
INSERT INTO resource_info (resource_id, resource_info_type_id, value, create_user, create_date, modify_user, modify_date) VALUES (100171, 2, 'user', 132456, CURRENT, 132456, CURRENT);
INSERT INTO resource_info (resource_id, resource_info_type_id, value, create_user, create_date, modify_user, modify_date) VALUES (100171, 8, 'N/A', 132456, CURRENT, 132456, CURRENT);
INSERT INTO resource_info (resource_id, resource_info_type_id, value, create_user, create_date, modify_user, modify_date) VALUES (100171, 6, '01.26.2013 03:24 PM', 132456, CURRENT, 132456, CURRENT);
INSERT INTO resource_info (resource_id, resource_info_type_id, value, create_user, create_date, modify_user, modify_date) VALUES (100172, 1, '132458', 132456, CURRENT, 132456, CURRENT);
INSERT INTO resource_info (resource_id, resource_info_type_id, value, create_user, create_date, modify_user, modify_date) VALUES (100172, 2, 'user', 132456, CURRENT, 132456, CURRENT);
INSERT INTO resource_info (resource_id, resource_info_type_id, value, create_user, create_date, modify_user, modify_date) VALUES (100172, 8, 'N/A', 132456, CURRENT, 132456, CURRENT);
INSERT INTO resource_info (resource_id, resource_info_type_id, value, create_user, create_date, modify_user, modify_date) VALUES (100172, 6, '01.26.2013 03:25 PM', 132456, CURRENT, 132456, CURRENT);
INSERT INTO project_info (project_id, project_info_type_id, value, create_user, create_date, modify_user, modify_date) VALUES (100044, 1, '100044', 132456, CURRENT, 132456, CURRENT);
INSERT INTO project_info (project_id, project_info_type_id, value, create_user, create_date, modify_user, modify_date) VALUES (100044, 2, '100044', 132456, CURRENT, 132456, CURRENT);
INSERT INTO project_info (project_id, project_info_type_id, value, create_user, create_date, modify_user, modify_date) VALUES (100044, 3, '100044', 132456, CURRENT, 132456, CURRENT);
INSERT INTO project_info (project_id, project_info_type_id, value, create_user, create_date, modify_user, modify_date) VALUES (100044, 4, '100045', 132456, CURRENT, 132456, CURRENT);
INSERT INTO project_info (project_id, project_info_type_id, value, create_user, create_date, modify_user, modify_date) VALUES (100044, 5, '27202913', 132456, CURRENT, 132456, CURRENT);
INSERT INTO project_info (project_id, project_info_type_id, value, create_user, create_date, modify_user, modify_date) VALUES (100044, 6, 'Client 100001 Billing Account 1 Project 1 Design Contest 44', 132456, CURRENT, 132456, CURRENT);
INSERT INTO project_info (project_id, project_info_type_id, value, create_user, create_date, modify_user, modify_date) VALUES (100044, 7, '1.0', 132456, CURRENT, 132456, CURRENT);
INSERT INTO project_info (project_id, project_info_type_id, value, create_user, create_date, modify_user, modify_date) VALUES (100044, 8, '', 132456, CURRENT, 132456, CURRENT);
INSERT INTO project_info (project_id, project_info_type_id, value, create_user, create_date, modify_user, modify_date) VALUES (100044, 11, 'On', 132456, CURRENT, 132456, CURRENT);
INSERT INTO project_info (project_id, project_info_type_id, value, create_user, create_date, modify_user, modify_date) VALUES (100044, 9, 'Off', 132456, CURRENT, 132456, CURRENT);
INSERT INTO project_info (project_id, project_info_type_id, value, create_user, create_date, modify_user, modify_date) VALUES (100044, 10, 'On', 132456, CURRENT, 132456, CURRENT);
INSERT INTO project_info (project_id, project_info_type_id, value, create_user, create_date, modify_user, modify_date) VALUES (100044, 12, 'Yes', 132456, CURRENT, 132456, CURRENT);
INSERT INTO project_info (project_id, project_info_type_id, value, create_user, create_date, modify_user, modify_date) VALUES (100044, 13, 'Yes', 132456, CURRENT, 132456, CURRENT);
INSERT INTO project_info (project_id, project_info_type_id, value, create_user, create_date, modify_user, modify_date) VALUES (100044, 14, 'Open', 132456, CURRENT, 132456, CURRENT);
INSERT INTO project_info (project_id, project_info_type_id, value, create_user, create_date, modify_user, modify_date) VALUES (100044, 16, '1200.0', 132456, CURRENT, 132456, CURRENT);
INSERT INTO project_info (project_id, project_info_type_id, value, create_user, create_date, modify_user, modify_date) VALUES (100044, 17, '', 132456, CURRENT, 132456, CURRENT);
INSERT INTO project_info (project_id, project_info_type_id, value, create_user, create_date, modify_user, modify_date) VALUES (100044, 26, 'On', 132456, CURRENT, 132456, CURRENT);
INSERT INTO project_info (project_id, project_info_type_id, value, create_user, create_date, modify_user, modify_date) VALUES (100044, 30, '540.0', 132456, CURRENT, 132456, CURRENT);
INSERT INTO project_info (project_id, project_info_type_id, value, create_user, create_date, modify_user, modify_date) VALUES (100044, 31, '6001.0', 132456, CURRENT, 132456, CURRENT);
INSERT INTO project_info (project_id, project_info_type_id, value, create_user, create_date, modify_user, modify_date) VALUES (100044, 33, '761.0', 132456, CURRENT, 132456, CURRENT);
INSERT INTO project_info (project_id, project_info_type_id, value, create_user, create_date, modify_user, modify_date) VALUES (100044, 35, '30.0', 132456, CURRENT, 132456, CURRENT);
INSERT INTO project_info (project_id, project_info_type_id, value, create_user, create_date, modify_user, modify_date) VALUES (100044, 36, '1200.0', 132456, CURRENT, 132456, CURRENT);
INSERT INTO project_info (project_id, project_info_type_id, value, create_user, create_date, modify_user, modify_date) VALUES (100044, 37, '600.0', 132456, CURRENT, 132456, CURRENT);
INSERT INTO project_info (project_id, project_info_type_id, value, create_user, create_date, modify_user, modify_date) VALUES (100044, 45, 'true', 132456, CURRENT, 132456, CURRENT);
INSERT INTO project_info (project_id, project_info_type_id, value, create_user, create_date, modify_user, modify_date) VALUES (100044, 47, 'true', 132456, CURRENT, 132456, CURRENT);
INSERT INTO project_info (project_id, project_info_type_id, value, create_user, create_date, modify_user, modify_date) VALUES (100044, 38, '380.0', 132456, CURRENT, 132456, CURRENT);
INSERT INTO project_info (project_id, project_info_type_id, value, create_user, create_date, modify_user, modify_date) VALUES (100044, 39, '0.0', 132456, CURRENT, 132456, CURRENT);
INSERT INTO project_info (project_id, project_info_type_id, value, create_user, create_date, modify_user, modify_date) VALUES (100044, 40, 'C', 132456, CURRENT, 132456, CURRENT);
INSERT INTO project_info (project_id, project_info_type_id, value, create_user, create_date, modify_user, modify_date) VALUES (100044, 32, '100001', 132456, CURRENT, 132456, CURRENT);
INSERT INTO project_info (project_id, project_info_type_id, value, create_user, create_date, modify_user, modify_date) VALUES (100044, 41, 'true', 132456, CURRENT, 132456, CURRENT);
INSERT INTO project_info (project_id, project_info_type_id, value, create_user, create_date, modify_user, modify_date) VALUES (100044, 43, 'true', 132456, CURRENT, 132456, CURRENT);
INSERT INTO project_info (project_id, project_info_type_id, value, create_user, create_date, modify_user, modify_date) VALUES (100044, 44, 'false', 132456, CURRENT, 132456, CURRENT);
INSERT INTO project_info (project_id, project_info_type_id, value, create_user, create_date, modify_user, modify_date) VALUES (100044, 46, 'true', 132456, CURRENT, 132456, CURRENT);
INSERT INTO project_info (project_id, project_info_type_id, value, create_user, create_date, modify_user, modify_date) VALUES (100044, 48, 'true', 132456, CURRENT, 132456, CURRENT);
INSERT INTO project_info (project_id, project_info_type_id, value, create_user, create_date, modify_user, modify_date) VALUES (100044, 21, '02.06.2013 15:21 MSK', 132456, CURRENT, 132456, CURRENT);
INSERT INTO project_info (project_id, project_info_type_id, value, create_user, create_date, modify_user, modify_date) VALUES (100044, 49, '500', 132456, CURRENT, 132456, CURRENT);
INSERT INTO project_info (project_id, project_info_type_id, value, create_user, create_date, modify_user, modify_date) VALUES (100044, 59, 'true', 132456, CURRENT, 132456, CURRENT);
INSERT INTO resource (resource_id, resource_role_id, project_id, project_phase_id, create_user, create_date, modify_user, modify_date) VALUES (100173, 13, 100044, NULL, 132456, CURRENT, 132456, CURRENT);
INSERT INTO resource (resource_id, resource_role_id, project_id, project_phase_id, create_user, create_date, modify_user, modify_date) VALUES (100174, 13, 100044, NULL, 132456, CURRENT, 132456, CURRENT);
INSERT INTO resource (resource_id, resource_role_id, project_id, project_phase_id, create_user, create_date, modify_user, modify_date) VALUES (100175, 14, 100044, NULL, 132456, CURRENT, 132456, CURRENT);
INSERT INTO resource (resource_id, resource_role_id, project_id, project_phase_id, create_user, create_date, modify_user, modify_date) VALUES (100176, 10, 100044, NULL, 132456, CURRENT, 132456, CURRENT);
INSERT INTO resource_info (resource_id, resource_info_type_id, value, create_user, create_date, modify_user, modify_date) VALUES (100173, 1, '132456', 132456, CURRENT, 132456, CURRENT);
INSERT INTO resource_info (resource_id, resource_info_type_id, value, create_user, create_date, modify_user, modify_date) VALUES (100173, 2, 'heffan', 132456, CURRENT, 132456, CURRENT);
INSERT INTO resource_info (resource_id, resource_info_type_id, value, create_user, create_date, modify_user, modify_date) VALUES (100173, 8, 'N/A', 132456, CURRENT, 132456, CURRENT);
INSERT INTO resource_info (resource_id, resource_info_type_id, value, create_user, create_date, modify_user, modify_date) VALUES (100173, 6, '01.26.2013 03:22 PM', 132456, CURRENT, 132456, CURRENT);
INSERT INTO resource_info (resource_id, resource_info_type_id, value, create_user, create_date, modify_user, modify_date) VALUES (100174, 1, '22719217', 132456, CURRENT, 132456, CURRENT);
INSERT INTO resource_info (resource_id, resource_info_type_id, value, create_user, create_date, modify_user, modify_date) VALUES (100174, 2, 'Components', 132456, CURRENT, 132456, CURRENT);
INSERT INTO resource_info (resource_id, resource_info_type_id, value, create_user, create_date, modify_user, modify_date) VALUES (100174, 8, 'N/A', 132456, CURRENT, 132456, CURRENT);
INSERT INTO resource_info (resource_id, resource_info_type_id, value, create_user, create_date, modify_user, modify_date) VALUES (100174, 6, '01.26.2013 03:23 PM', 132456, CURRENT, 132456, CURRENT);
INSERT INTO resource_info (resource_id, resource_info_type_id, value, create_user, create_date, modify_user, modify_date) VALUES (100175, 1, '132458', 132456, CURRENT, 132456, CURRENT);
INSERT INTO resource_info (resource_id, resource_info_type_id, value, create_user, create_date, modify_user, modify_date) VALUES (100175, 2, 'user', 132456, CURRENT, 132456, CURRENT);
INSERT INTO resource_info (resource_id, resource_info_type_id, value, create_user, create_date, modify_user, modify_date) VALUES (100175, 8, 'N/A', 132456, CURRENT, 132456, CURRENT);
INSERT INTO resource_info (resource_id, resource_info_type_id, value, create_user, create_date, modify_user, modify_date) VALUES (100175, 6, '01.26.2013 03:24 PM', 132456, CURRENT, 132456, CURRENT);
INSERT INTO resource_info (resource_id, resource_info_type_id, value, create_user, create_date, modify_user, modify_date) VALUES (100176, 1, '132458', 132456, CURRENT, 132456, CURRENT);
INSERT INTO resource_info (resource_id, resource_info_type_id, value, create_user, create_date, modify_user, modify_date) VALUES (100176, 2, 'user', 132456, CURRENT, 132456, CURRENT);
INSERT INTO resource_info (resource_id, resource_info_type_id, value, create_user, create_date, modify_user, modify_date) VALUES (100176, 8, 'N/A', 132456, CURRENT, 132456, CURRENT);
INSERT INTO resource_info (resource_id, resource_info_type_id, value, create_user, create_date, modify_user, modify_date) VALUES (100176, 6, '01.26.2013 03:25 PM', 132456, CURRENT, 132456, CURRENT);
INSERT INTO project_info (project_id, project_info_type_id, value, create_user, create_date, modify_user, modify_date) VALUES (100045, 1, '100045', 132456, CURRENT, 132456, CURRENT);
INSERT INTO project_info (project_id, project_info_type_id, value, create_user, create_date, modify_user, modify_date) VALUES (100045, 2, '100045', 132456, CURRENT, 132456, CURRENT);
INSERT INTO project_info (project_id, project_info_type_id, value, create_user, create_date, modify_user, modify_date) VALUES (100045, 3, '100045', 132456, CURRENT, 132456, CURRENT);
INSERT INTO project_info (project_id, project_info_type_id, value, create_user, create_date, modify_user, modify_date) VALUES (100045, 4, '100046', 132456, CURRENT, 132456, CURRENT);
INSERT INTO project_info (project_id, project_info_type_id, value, create_user, create_date, modify_user, modify_date) VALUES (100045, 5, '27202913', 132456, CURRENT, 132456, CURRENT);
INSERT INTO project_info (project_id, project_info_type_id, value, create_user, create_date, modify_user, modify_date) VALUES (100045, 6, 'Client 100001 Billing Account 1 Project 1 Development Contest 45', 132456, CURRENT, 132456, CURRENT);
INSERT INTO project_info (project_id, project_info_type_id, value, create_user, create_date, modify_user, modify_date) VALUES (100045, 7, '1.0', 132456, CURRENT, 132456, CURRENT);
INSERT INTO project_info (project_id, project_info_type_id, value, create_user, create_date, modify_user, modify_date) VALUES (100045, 8, '', 132456, CURRENT, 132456, CURRENT);
INSERT INTO project_info (project_id, project_info_type_id, value, create_user, create_date, modify_user, modify_date) VALUES (100045, 11, 'On', 132456, CURRENT, 132456, CURRENT);
INSERT INTO project_info (project_id, project_info_type_id, value, create_user, create_date, modify_user, modify_date) VALUES (100045, 9, 'Off', 132456, CURRENT, 132456, CURRENT);
INSERT INTO project_info (project_id, project_info_type_id, value, create_user, create_date, modify_user, modify_date) VALUES (100045, 10, 'On', 132456, CURRENT, 132456, CURRENT);
INSERT INTO project_info (project_id, project_info_type_id, value, create_user, create_date, modify_user, modify_date) VALUES (100045, 12, 'Yes', 132456, CURRENT, 132456, CURRENT);
INSERT INTO project_info (project_id, project_info_type_id, value, create_user, create_date, modify_user, modify_date) VALUES (100045, 13, 'Yes', 132456, CURRENT, 132456, CURRENT);
INSERT INTO project_info (project_id, project_info_type_id, value, create_user, create_date, modify_user, modify_date) VALUES (100045, 14, 'Open', 132456, CURRENT, 132456, CURRENT);
INSERT INTO project_info (project_id, project_info_type_id, value, create_user, create_date, modify_user, modify_date) VALUES (100045, 16, '1200.0', 132456, CURRENT, 132456, CURRENT);
INSERT INTO project_info (project_id, project_info_type_id, value, create_user, create_date, modify_user, modify_date) VALUES (100045, 17, '', 132456, CURRENT, 132456, CURRENT);
INSERT INTO project_info (project_id, project_info_type_id, value, create_user, create_date, modify_user, modify_date) VALUES (100045, 26, 'On', 132456, CURRENT, 132456, CURRENT);
INSERT INTO project_info (project_id, project_info_type_id, value, create_user, create_date, modify_user, modify_date) VALUES (100045, 30, '540.0', 132456, CURRENT, 132456, CURRENT);
INSERT INTO project_info (project_id, project_info_type_id, value, create_user, create_date, modify_user, modify_date) VALUES (100045, 31, '6001.0', 132456, CURRENT, 132456, CURRENT);
INSERT INTO project_info (project_id, project_info_type_id, value, create_user, create_date, modify_user, modify_date) VALUES (100045, 33, '761.0', 132456, CURRENT, 132456, CURRENT);
INSERT INTO project_info (project_id, project_info_type_id, value, create_user, create_date, modify_user, modify_date) VALUES (100045, 35, '30.0', 132456, CURRENT, 132456, CURRENT);
INSERT INTO project_info (project_id, project_info_type_id, value, create_user, create_date, modify_user, modify_date) VALUES (100045, 36, '1200.0', 132456, CURRENT, 132456, CURRENT);
INSERT INTO project_info (project_id, project_info_type_id, value, create_user, create_date, modify_user, modify_date) VALUES (100045, 37, '600.0', 132456, CURRENT, 132456, CURRENT);
INSERT INTO project_info (project_id, project_info_type_id, value, create_user, create_date, modify_user, modify_date) VALUES (100045, 45, 'true', 132456, CURRENT, 132456, CURRENT);
INSERT INTO project_info (project_id, project_info_type_id, value, create_user, create_date, modify_user, modify_date) VALUES (100045, 47, 'true', 132456, CURRENT, 132456, CURRENT);
INSERT INTO project_info (project_id, project_info_type_id, value, create_user, create_date, modify_user, modify_date) VALUES (100045, 38, '380.0', 132456, CURRENT, 132456, CURRENT);
INSERT INTO project_info (project_id, project_info_type_id, value, create_user, create_date, modify_user, modify_date) VALUES (100045, 39, '0.0', 132456, CURRENT, 132456, CURRENT);
INSERT INTO project_info (project_id, project_info_type_id, value, create_user, create_date, modify_user, modify_date) VALUES (100045, 40, 'C', 132456, CURRENT, 132456, CURRENT);
INSERT INTO project_info (project_id, project_info_type_id, value, create_user, create_date, modify_user, modify_date) VALUES (100045, 32, '100001', 132456, CURRENT, 132456, CURRENT);
INSERT INTO project_info (project_id, project_info_type_id, value, create_user, create_date, modify_user, modify_date) VALUES (100045, 41, 'true', 132456, CURRENT, 132456, CURRENT);
INSERT INTO project_info (project_id, project_info_type_id, value, create_user, create_date, modify_user, modify_date) VALUES (100045, 43, 'true', 132456, CURRENT, 132456, CURRENT);
INSERT INTO project_info (project_id, project_info_type_id, value, create_user, create_date, modify_user, modify_date) VALUES (100045, 44, 'false', 132456, CURRENT, 132456, CURRENT);
INSERT INTO project_info (project_id, project_info_type_id, value, create_user, create_date, modify_user, modify_date) VALUES (100045, 46, 'true', 132456, CURRENT, 132456, CURRENT);
INSERT INTO project_info (project_id, project_info_type_id, value, create_user, create_date, modify_user, modify_date) VALUES (100045, 48, 'true', 132456, CURRENT, 132456, CURRENT);
INSERT INTO project_info (project_id, project_info_type_id, value, create_user, create_date, modify_user, modify_date) VALUES (100045, 21, '02.03.2013 03:21 MSK', 132456, CURRENT, 132456, CURRENT);
INSERT INTO project_info (project_id, project_info_type_id, value, create_user, create_date, modify_user, modify_date) VALUES (100045, 49, '500', 132456, CURRENT, 132456, CURRENT);
INSERT INTO project_info (project_id, project_info_type_id, value, create_user, create_date, modify_user, modify_date) VALUES (100045, 59, 'true', 132456, CURRENT, 132456, CURRENT);
INSERT INTO resource (resource_id, resource_role_id, project_id, project_phase_id, create_user, create_date, modify_user, modify_date) VALUES (100177, 13, 100045, NULL, 132456, CURRENT, 132456, CURRENT);
INSERT INTO resource (resource_id, resource_role_id, project_id, project_phase_id, create_user, create_date, modify_user, modify_date) VALUES (100178, 13, 100045, NULL, 132456, CURRENT, 132456, CURRENT);
INSERT INTO resource (resource_id, resource_role_id, project_id, project_phase_id, create_user, create_date, modify_user, modify_date) VALUES (100179, 14, 100045, NULL, 132456, CURRENT, 132456, CURRENT);
INSERT INTO resource (resource_id, resource_role_id, project_id, project_phase_id, create_user, create_date, modify_user, modify_date) VALUES (100180, 10, 100045, NULL, 132456, CURRENT, 132456, CURRENT);
INSERT INTO resource_info (resource_id, resource_info_type_id, value, create_user, create_date, modify_user, modify_date) VALUES (100177, 1, '132456', 132456, CURRENT, 132456, CURRENT);
INSERT INTO resource_info (resource_id, resource_info_type_id, value, create_user, create_date, modify_user, modify_date) VALUES (100177, 2, 'heffan', 132456, CURRENT, 132456, CURRENT);
INSERT INTO resource_info (resource_id, resource_info_type_id, value, create_user, create_date, modify_user, modify_date) VALUES (100177, 8, 'N/A', 132456, CURRENT, 132456, CURRENT);
INSERT INTO resource_info (resource_id, resource_info_type_id, value, create_user, create_date, modify_user, modify_date) VALUES (100177, 6, '01.26.2013 03:22 PM', 132456, CURRENT, 132456, CURRENT);
INSERT INTO resource_info (resource_id, resource_info_type_id, value, create_user, create_date, modify_user, modify_date) VALUES (100178, 1, '22719217', 132456, CURRENT, 132456, CURRENT);
INSERT INTO resource_info (resource_id, resource_info_type_id, value, create_user, create_date, modify_user, modify_date) VALUES (100178, 2, 'Components', 132456, CURRENT, 132456, CURRENT);
INSERT INTO resource_info (resource_id, resource_info_type_id, value, create_user, create_date, modify_user, modify_date) VALUES (100178, 8, 'N/A', 132456, CURRENT, 132456, CURRENT);
INSERT INTO resource_info (resource_id, resource_info_type_id, value, create_user, create_date, modify_user, modify_date) VALUES (100178, 6, '01.26.2013 03:23 PM', 132456, CURRENT, 132456, CURRENT);
INSERT INTO resource_info (resource_id, resource_info_type_id, value, create_user, create_date, modify_user, modify_date) VALUES (100179, 1, '132458', 132456, CURRENT, 132456, CURRENT);
INSERT INTO resource_info (resource_id, resource_info_type_id, value, create_user, create_date, modify_user, modify_date) VALUES (100179, 2, 'user', 132456, CURRENT, 132456, CURRENT);
INSERT INTO resource_info (resource_id, resource_info_type_id, value, create_user, create_date, modify_user, modify_date) VALUES (100179, 8, 'N/A', 132456, CURRENT, 132456, CURRENT);
INSERT INTO resource_info (resource_id, resource_info_type_id, value, create_user, create_date, modify_user, modify_date) VALUES (100179, 6, '01.26.2013 03:24 PM', 132456, CURRENT, 132456, CURRENT);
INSERT INTO resource_info (resource_id, resource_info_type_id, value, create_user, create_date, modify_user, modify_date) VALUES (100180, 1, '132458', 132456, CURRENT, 132456, CURRENT);
INSERT INTO resource_info (resource_id, resource_info_type_id, value, create_user, create_date, modify_user, modify_date) VALUES (100180, 2, 'user', 132456, CURRENT, 132456, CURRENT);
INSERT INTO resource_info (resource_id, resource_info_type_id, value, create_user, create_date, modify_user, modify_date) VALUES (100180, 8, 'N/A', 132456, CURRENT, 132456, CURRENT);
INSERT INTO resource_info (resource_id, resource_info_type_id, value, create_user, create_date, modify_user, modify_date) VALUES (100180, 6, '01.26.2013 03:25 PM', 132456, CURRENT, 132456, CURRENT);
INSERT INTO project_info (project_id, project_info_type_id, value, create_user, create_date, modify_user, modify_date) VALUES (100046, 1, '100046', 132456, CURRENT, 132456, CURRENT);
INSERT INTO project_info (project_id, project_info_type_id, value, create_user, create_date, modify_user, modify_date) VALUES (100046, 2, '100046', 132456, CURRENT, 132456, CURRENT);
INSERT INTO project_info (project_id, project_info_type_id, value, create_user, create_date, modify_user, modify_date) VALUES (100046, 3, '100046', 132456, CURRENT, 132456, CURRENT);
INSERT INTO project_info (project_id, project_info_type_id, value, create_user, create_date, modify_user, modify_date) VALUES (100046, 4, '100047', 132456, CURRENT, 132456, CURRENT);
INSERT INTO project_info (project_id, project_info_type_id, value, create_user, create_date, modify_user, modify_date) VALUES (100046, 5, '5801776', 132456, CURRENT, 132456, CURRENT);
INSERT INTO project_info (project_id, project_info_type_id, value, create_user, create_date, modify_user, modify_date) VALUES (100046, 6, 'Client 100001 Billing Account 1 Project 1 Design Contest 46', 132456, CURRENT, 132456, CURRENT);
INSERT INTO project_info (project_id, project_info_type_id, value, create_user, create_date, modify_user, modify_date) VALUES (100046, 7, '1.0', 132456, CURRENT, 132456, CURRENT);
INSERT INTO project_info (project_id, project_info_type_id, value, create_user, create_date, modify_user, modify_date) VALUES (100046, 8, '', 132456, CURRENT, 132456, CURRENT);
INSERT INTO project_info (project_id, project_info_type_id, value, create_user, create_date, modify_user, modify_date) VALUES (100046, 11, 'On', 132456, CURRENT, 132456, CURRENT);
INSERT INTO project_info (project_id, project_info_type_id, value, create_user, create_date, modify_user, modify_date) VALUES (100046, 9, 'Off', 132456, CURRENT, 132456, CURRENT);
INSERT INTO project_info (project_id, project_info_type_id, value, create_user, create_date, modify_user, modify_date) VALUES (100046, 10, 'On', 132456, CURRENT, 132456, CURRENT);
INSERT INTO project_info (project_id, project_info_type_id, value, create_user, create_date, modify_user, modify_date) VALUES (100046, 12, 'Yes', 132456, CURRENT, 132456, CURRENT);
INSERT INTO project_info (project_id, project_info_type_id, value, create_user, create_date, modify_user, modify_date) VALUES (100046, 13, 'Yes', 132456, CURRENT, 132456, CURRENT);
INSERT INTO project_info (project_id, project_info_type_id, value, create_user, create_date, modify_user, modify_date) VALUES (100046, 14, 'Open', 132456, CURRENT, 132456, CURRENT);
INSERT INTO project_info (project_id, project_info_type_id, value, create_user, create_date, modify_user, modify_date) VALUES (100046, 16, '1000.0', 132456, CURRENT, 132456, CURRENT);
INSERT INTO project_info (project_id, project_info_type_id, value, create_user, create_date, modify_user, modify_date) VALUES (100046, 17, '', 132456, CURRENT, 132456, CURRENT);
INSERT INTO project_info (project_id, project_info_type_id, value, create_user, create_date, modify_user, modify_date) VALUES (100046, 26, 'On', 132456, CURRENT, 132456, CURRENT);
INSERT INTO project_info (project_id, project_info_type_id, value, create_user, create_date, modify_user, modify_date) VALUES (100046, 30, '450.0', 132456, CURRENT, 132456, CURRENT);
INSERT INTO project_info (project_id, project_info_type_id, value, create_user, create_date, modify_user, modify_date) VALUES (100046, 31, '6001.0', 132456, CURRENT, 132456, CURRENT);
INSERT INTO project_info (project_id, project_info_type_id, value, create_user, create_date, modify_user, modify_date) VALUES (100046, 33, '683.0', 132456, CURRENT, 132456, CURRENT);
INSERT INTO project_info (project_id, project_info_type_id, value, create_user, create_date, modify_user, modify_date) VALUES (100046, 35, '30.0', 132456, CURRENT, 132456, CURRENT);
INSERT INTO project_info (project_id, project_info_type_id, value, create_user, create_date, modify_user, modify_date) VALUES (100046, 36, '1000.0', 132456, CURRENT, 132456, CURRENT);
INSERT INTO project_info (project_id, project_info_type_id, value, create_user, create_date, modify_user, modify_date) VALUES (100046, 37, '500.0', 132456, CURRENT, 132456, CURRENT);
INSERT INTO project_info (project_id, project_info_type_id, value, create_user, create_date, modify_user, modify_date) VALUES (100046, 45, 'true', 132456, CURRENT, 132456, CURRENT);
INSERT INTO project_info (project_id, project_info_type_id, value, create_user, create_date, modify_user, modify_date) VALUES (100046, 47, 'true', 132456, CURRENT, 132456, CURRENT);
INSERT INTO project_info (project_id, project_info_type_id, value, create_user, create_date, modify_user, modify_date) VALUES (100046, 38, '300.0', 132456, CURRENT, 132456, CURRENT);
INSERT INTO project_info (project_id, project_info_type_id, value, create_user, create_date, modify_user, modify_date) VALUES (100046, 39, '0.0', 132456, CURRENT, 132456, CURRENT);
INSERT INTO project_info (project_id, project_info_type_id, value, create_user, create_date, modify_user, modify_date) VALUES (100046, 40, 'B', 132456, CURRENT, 132456, CURRENT);
INSERT INTO project_info (project_id, project_info_type_id, value, create_user, create_date, modify_user, modify_date) VALUES (100046, 32, '100001', 132456, CURRENT, 132456, CURRENT);
INSERT INTO project_info (project_id, project_info_type_id, value, create_user, create_date, modify_user, modify_date) VALUES (100046, 41, 'true', 132456, CURRENT, 132456, CURRENT);
INSERT INTO project_info (project_id, project_info_type_id, value, create_user, create_date, modify_user, modify_date) VALUES (100046, 43, 'true', 132456, CURRENT, 132456, CURRENT);
INSERT INTO project_info (project_id, project_info_type_id, value, create_user, create_date, modify_user, modify_date) VALUES (100046, 44, 'false', 132456, CURRENT, 132456, CURRENT);
INSERT INTO project_info (project_id, project_info_type_id, value, create_user, create_date, modify_user, modify_date) VALUES (100046, 46, 'true', 132456, CURRENT, 132456, CURRENT);
INSERT INTO project_info (project_id, project_info_type_id, value, create_user, create_date, modify_user, modify_date) VALUES (100046, 48, 'true', 132456, CURRENT, 132456, CURRENT);
INSERT INTO project_info (project_id, project_info_type_id, value, create_user, create_date, modify_user, modify_date) VALUES (100046, 21, '02.03.2013 03:21 MSK', 132456, CURRENT, 132456, CURRENT);
INSERT INTO project_info (project_id, project_info_type_id, value, create_user, create_date, modify_user, modify_date) VALUES (100046, 49, '500', 132456, CURRENT, 132456, CURRENT);
INSERT INTO project_info (project_id, project_info_type_id, value, create_user, create_date, modify_user, modify_date) VALUES (100046, 59, 'true', 132456, CURRENT, 132456, CURRENT);
INSERT INTO resource (resource_id, resource_role_id, project_id, project_phase_id, create_user, create_date, modify_user, modify_date) VALUES (100181, 13, 100046, NULL, 132456, CURRENT, 132456, CURRENT);
INSERT INTO resource (resource_id, resource_role_id, project_id, project_phase_id, create_user, create_date, modify_user, modify_date) VALUES (100182, 13, 100046, NULL, 132456, CURRENT, 132456, CURRENT);
INSERT INTO resource (resource_id, resource_role_id, project_id, project_phase_id, create_user, create_date, modify_user, modify_date) VALUES (100183, 14, 100046, NULL, 132456, CURRENT, 132456, CURRENT);
INSERT INTO resource (resource_id, resource_role_id, project_id, project_phase_id, create_user, create_date, modify_user, modify_date) VALUES (100184, 10, 100046, NULL, 132456, CURRENT, 132456, CURRENT);
INSERT INTO resource_info (resource_id, resource_info_type_id, value, create_user, create_date, modify_user, modify_date) VALUES (100181, 1, '132456', 132456, CURRENT, 132456, CURRENT);
INSERT INTO resource_info (resource_id, resource_info_type_id, value, create_user, create_date, modify_user, modify_date) VALUES (100181, 2, 'heffan', 132456, CURRENT, 132456, CURRENT);
INSERT INTO resource_info (resource_id, resource_info_type_id, value, create_user, create_date, modify_user, modify_date) VALUES (100181, 8, 'N/A', 132456, CURRENT, 132456, CURRENT);
INSERT INTO resource_info (resource_id, resource_info_type_id, value, create_user, create_date, modify_user, modify_date) VALUES (100181, 6, '01.26.2013 03:22 PM', 132456, CURRENT, 132456, CURRENT);
INSERT INTO resource_info (resource_id, resource_info_type_id, value, create_user, create_date, modify_user, modify_date) VALUES (100182, 1, '22719217', 132456, CURRENT, 132456, CURRENT);
INSERT INTO resource_info (resource_id, resource_info_type_id, value, create_user, create_date, modify_user, modify_date) VALUES (100182, 2, 'Components', 132456, CURRENT, 132456, CURRENT);
INSERT INTO resource_info (resource_id, resource_info_type_id, value, create_user, create_date, modify_user, modify_date) VALUES (100182, 8, 'N/A', 132456, CURRENT, 132456, CURRENT);
INSERT INTO resource_info (resource_id, resource_info_type_id, value, create_user, create_date, modify_user, modify_date) VALUES (100182, 6, '01.26.2013 03:23 PM', 132456, CURRENT, 132456, CURRENT);
INSERT INTO resource_info (resource_id, resource_info_type_id, value, create_user, create_date, modify_user, modify_date) VALUES (100183, 1, '132458', 132456, CURRENT, 132456, CURRENT);
INSERT INTO resource_info (resource_id, resource_info_type_id, value, create_user, create_date, modify_user, modify_date) VALUES (100183, 2, 'user', 132456, CURRENT, 132456, CURRENT);
INSERT INTO resource_info (resource_id, resource_info_type_id, value, create_user, create_date, modify_user, modify_date) VALUES (100183, 8, 'N/A', 132456, CURRENT, 132456, CURRENT);
INSERT INTO resource_info (resource_id, resource_info_type_id, value, create_user, create_date, modify_user, modify_date) VALUES (100183, 6, '01.26.2013 03:24 PM', 132456, CURRENT, 132456, CURRENT);
INSERT INTO resource_info (resource_id, resource_info_type_id, value, create_user, create_date, modify_user, modify_date) VALUES (100184, 1, '132458', 132456, CURRENT, 132456, CURRENT);
INSERT INTO resource_info (resource_id, resource_info_type_id, value, create_user, create_date, modify_user, modify_date) VALUES (100184, 2, 'user', 132456, CURRENT, 132456, CURRENT);
INSERT INTO resource_info (resource_id, resource_info_type_id, value, create_user, create_date, modify_user, modify_date) VALUES (100184, 8, 'N/A', 132456, CURRENT, 132456, CURRENT);
INSERT INTO resource_info (resource_id, resource_info_type_id, value, create_user, create_date, modify_user, modify_date) VALUES (100184, 6, '01.26.2013 03:25 PM', 132456, CURRENT, 132456, CURRENT);
INSERT INTO project_info (project_id, project_info_type_id, value, create_user, create_date, modify_user, modify_date) VALUES (100047, 1, '100047', 132456, CURRENT, 132456, CURRENT);
INSERT INTO project_info (project_id, project_info_type_id, value, create_user, create_date, modify_user, modify_date) VALUES (100047, 2, '100047', 132456, CURRENT, 132456, CURRENT);
INSERT INTO project_info (project_id, project_info_type_id, value, create_user, create_date, modify_user, modify_date) VALUES (100047, 3, '100047', 132456, CURRENT, 132456, CURRENT);
INSERT INTO project_info (project_id, project_info_type_id, value, create_user, create_date, modify_user, modify_date) VALUES (100047, 4, '100048', 132456, CURRENT, 132456, CURRENT);
INSERT INTO project_info (project_id, project_info_type_id, value, create_user, create_date, modify_user, modify_date) VALUES (100047, 5, '27202911', 132456, CURRENT, 132456, CURRENT);
INSERT INTO project_info (project_id, project_info_type_id, value, create_user, create_date, modify_user, modify_date) VALUES (100047, 6, 'Client 100001 Billing Account 1 Project 1 Development Contest 47', 132456, CURRENT, 132456, CURRENT);
INSERT INTO project_info (project_id, project_info_type_id, value, create_user, create_date, modify_user, modify_date) VALUES (100047, 7, '1.0', 132456, CURRENT, 132456, CURRENT);
INSERT INTO project_info (project_id, project_info_type_id, value, create_user, create_date, modify_user, modify_date) VALUES (100047, 8, '', 132456, CURRENT, 132456, CURRENT);
INSERT INTO project_info (project_id, project_info_type_id, value, create_user, create_date, modify_user, modify_date) VALUES (100047, 11, 'On', 132456, CURRENT, 132456, CURRENT);
INSERT INTO project_info (project_id, project_info_type_id, value, create_user, create_date, modify_user, modify_date) VALUES (100047, 9, 'Off', 132456, CURRENT, 132456, CURRENT);
INSERT INTO project_info (project_id, project_info_type_id, value, create_user, create_date, modify_user, modify_date) VALUES (100047, 10, 'On', 132456, CURRENT, 132456, CURRENT);
INSERT INTO project_info (project_id, project_info_type_id, value, create_user, create_date, modify_user, modify_date) VALUES (100047, 12, 'Yes', 132456, CURRENT, 132456, CURRENT);
INSERT INTO project_info (project_id, project_info_type_id, value, create_user, create_date, modify_user, modify_date) VALUES (100047, 13, 'Yes', 132456, CURRENT, 132456, CURRENT);
INSERT INTO project_info (project_id, project_info_type_id, value, create_user, create_date, modify_user, modify_date) VALUES (100047, 14, 'Open', 132456, CURRENT, 132456, CURRENT);
INSERT INTO project_info (project_id, project_info_type_id, value, create_user, create_date, modify_user, modify_date) VALUES (100047, 16, '1000.0', 132456, CURRENT, 132456, CURRENT);
INSERT INTO project_info (project_id, project_info_type_id, value, create_user, create_date, modify_user, modify_date) VALUES (100047, 17, '', 132456, CURRENT, 132456, CURRENT);
INSERT INTO project_info (project_id, project_info_type_id, value, create_user, create_date, modify_user, modify_date) VALUES (100047, 26, 'On', 132456, CURRENT, 132456, CURRENT);
INSERT INTO project_info (project_id, project_info_type_id, value, create_user, create_date, modify_user, modify_date) VALUES (100047, 30, '450.0', 132456, CURRENT, 132456, CURRENT);
INSERT INTO project_info (project_id, project_info_type_id, value, create_user, create_date, modify_user, modify_date) VALUES (100047, 31, '6001.0', 132456, CURRENT, 132456, CURRENT);
INSERT INTO project_info (project_id, project_info_type_id, value, create_user, create_date, modify_user, modify_date) VALUES (100047, 33, '683.0', 132456, CURRENT, 132456, CURRENT);
INSERT INTO project_info (project_id, project_info_type_id, value, create_user, create_date, modify_user, modify_date) VALUES (100047, 35, '30.0', 132456, CURRENT, 132456, CURRENT);
INSERT INTO project_info (project_id, project_info_type_id, value, create_user, create_date, modify_user, modify_date) VALUES (100047, 36, '1000.0', 132456, CURRENT, 132456, CURRENT);
INSERT INTO project_info (project_id, project_info_type_id, value, create_user, create_date, modify_user, modify_date) VALUES (100047, 37, '500.0', 132456, CURRENT, 132456, CURRENT);
INSERT INTO project_info (project_id, project_info_type_id, value, create_user, create_date, modify_user, modify_date) VALUES (100047, 45, 'true', 132456, CURRENT, 132456, CURRENT);
INSERT INTO project_info (project_id, project_info_type_id, value, create_user, create_date, modify_user, modify_date) VALUES (100047, 47, 'true', 132456, CURRENT, 132456, CURRENT);
INSERT INTO project_info (project_id, project_info_type_id, value, create_user, create_date, modify_user, modify_date) VALUES (100047, 38, '300.0', 132456, CURRENT, 132456, CURRENT);
INSERT INTO project_info (project_id, project_info_type_id, value, create_user, create_date, modify_user, modify_date) VALUES (100047, 39, '0.0', 132456, CURRENT, 132456, CURRENT);
INSERT INTO project_info (project_id, project_info_type_id, value, create_user, create_date, modify_user, modify_date) VALUES (100047, 40, 'B', 132456, CURRENT, 132456, CURRENT);
INSERT INTO project_info (project_id, project_info_type_id, value, create_user, create_date, modify_user, modify_date) VALUES (100047, 32, '100001', 132456, CURRENT, 132456, CURRENT);
INSERT INTO project_info (project_id, project_info_type_id, value, create_user, create_date, modify_user, modify_date) VALUES (100047, 41, 'true', 132456, CURRENT, 132456, CURRENT);
INSERT INTO project_info (project_id, project_info_type_id, value, create_user, create_date, modify_user, modify_date) VALUES (100047, 43, 'true', 132456, CURRENT, 132456, CURRENT);
INSERT INTO project_info (project_id, project_info_type_id, value, create_user, create_date, modify_user, modify_date) VALUES (100047, 44, 'false', 132456, CURRENT, 132456, CURRENT);
INSERT INTO project_info (project_id, project_info_type_id, value, create_user, create_date, modify_user, modify_date) VALUES (100047, 46, 'true', 132456, CURRENT, 132456, CURRENT);
INSERT INTO project_info (project_id, project_info_type_id, value, create_user, create_date, modify_user, modify_date) VALUES (100047, 48, 'true', 132456, CURRENT, 132456, CURRENT);
INSERT INTO project_info (project_id, project_info_type_id, value, create_user, create_date, modify_user, modify_date) VALUES (100047, 21, '02.06.2013 15:21 MSK', 132456, CURRENT, 132456, CURRENT);
INSERT INTO project_info (project_id, project_info_type_id, value, create_user, create_date, modify_user, modify_date) VALUES (100047, 49, '500', 132456, CURRENT, 132456, CURRENT);
INSERT INTO project_info (project_id, project_info_type_id, value, create_user, create_date, modify_user, modify_date) VALUES (100047, 59, 'true', 132456, CURRENT, 132456, CURRENT);
INSERT INTO resource (resource_id, resource_role_id, project_id, project_phase_id, create_user, create_date, modify_user, modify_date) VALUES (100185, 13, 100047, NULL, 132456, CURRENT, 132456, CURRENT);
INSERT INTO resource (resource_id, resource_role_id, project_id, project_phase_id, create_user, create_date, modify_user, modify_date) VALUES (100186, 13, 100047, NULL, 132456, CURRENT, 132456, CURRENT);
INSERT INTO resource (resource_id, resource_role_id, project_id, project_phase_id, create_user, create_date, modify_user, modify_date) VALUES (100187, 14, 100047, NULL, 132456, CURRENT, 132456, CURRENT);
INSERT INTO resource (resource_id, resource_role_id, project_id, project_phase_id, create_user, create_date, modify_user, modify_date) VALUES (100188, 10, 100047, NULL, 132456, CURRENT, 132456, CURRENT);
INSERT INTO resource_info (resource_id, resource_info_type_id, value, create_user, create_date, modify_user, modify_date) VALUES (100185, 1, '132456', 132456, CURRENT, 132456, CURRENT);
INSERT INTO resource_info (resource_id, resource_info_type_id, value, create_user, create_date, modify_user, modify_date) VALUES (100185, 2, 'heffan', 132456, CURRENT, 132456, CURRENT);
INSERT INTO resource_info (resource_id, resource_info_type_id, value, create_user, create_date, modify_user, modify_date) VALUES (100185, 8, 'N/A', 132456, CURRENT, 132456, CURRENT);
INSERT INTO resource_info (resource_id, resource_info_type_id, value, create_user, create_date, modify_user, modify_date) VALUES (100185, 6, '01.26.2013 03:22 PM', 132456, CURRENT, 132456, CURRENT);
INSERT INTO resource_info (resource_id, resource_info_type_id, value, create_user, create_date, modify_user, modify_date) VALUES (100186, 1, '22719217', 132456, CURRENT, 132456, CURRENT);
INSERT INTO resource_info (resource_id, resource_info_type_id, value, create_user, create_date, modify_user, modify_date) VALUES (100186, 2, 'Components', 132456, CURRENT, 132456, CURRENT);
INSERT INTO resource_info (resource_id, resource_info_type_id, value, create_user, create_date, modify_user, modify_date) VALUES (100186, 8, 'N/A', 132456, CURRENT, 132456, CURRENT);
INSERT INTO resource_info (resource_id, resource_info_type_id, value, create_user, create_date, modify_user, modify_date) VALUES (100186, 6, '01.26.2013 03:23 PM', 132456, CURRENT, 132456, CURRENT);
INSERT INTO resource_info (resource_id, resource_info_type_id, value, create_user, create_date, modify_user, modify_date) VALUES (100187, 1, '132458', 132456, CURRENT, 132456, CURRENT);
INSERT INTO resource_info (resource_id, resource_info_type_id, value, create_user, create_date, modify_user, modify_date) VALUES (100187, 2, 'user', 132456, CURRENT, 132456, CURRENT);
INSERT INTO resource_info (resource_id, resource_info_type_id, value, create_user, create_date, modify_user, modify_date) VALUES (100187, 8, 'N/A', 132456, CURRENT, 132456, CURRENT);
INSERT INTO resource_info (resource_id, resource_info_type_id, value, create_user, create_date, modify_user, modify_date) VALUES (100187, 6, '01.26.2013 03:24 PM', 132456, CURRENT, 132456, CURRENT);
INSERT INTO resource_info (resource_id, resource_info_type_id, value, create_user, create_date, modify_user, modify_date) VALUES (100188, 1, '132458', 132456, CURRENT, 132456, CURRENT);
INSERT INTO resource_info (resource_id, resource_info_type_id, value, create_user, create_date, modify_user, modify_date) VALUES (100188, 2, 'user', 132456, CURRENT, 132456, CURRENT);
INSERT INTO resource_info (resource_id, resource_info_type_id, value, create_user, create_date, modify_user, modify_date) VALUES (100188, 8, 'N/A', 132456, CURRENT, 132456, CURRENT);
INSERT INTO resource_info (resource_id, resource_info_type_id, value, create_user, create_date, modify_user, modify_date) VALUES (100188, 6, '01.26.2013 03:25 PM', 132456, CURRENT, 132456, CURRENT);
INSERT INTO project_info (project_id, project_info_type_id, value, create_user, create_date, modify_user, modify_date) VALUES (100048, 1, '100048', 132456, CURRENT, 132456, CURRENT);
INSERT INTO project_info (project_id, project_info_type_id, value, create_user, create_date, modify_user, modify_date) VALUES (100048, 2, '100048', 132456, CURRENT, 132456, CURRENT);
INSERT INTO project_info (project_id, project_info_type_id, value, create_user, create_date, modify_user, modify_date) VALUES (100048, 3, '100048', 132456, CURRENT, 132456, CURRENT);
INSERT INTO project_info (project_id, project_info_type_id, value, create_user, create_date, modify_user, modify_date) VALUES (100048, 4, '100049', 132456, CURRENT, 132456, CURRENT);
INSERT INTO project_info (project_id, project_info_type_id, value, create_user, create_date, modify_user, modify_date) VALUES (100048, 5, '8459260', 132456, CURRENT, 132456, CURRENT);
INSERT INTO project_info (project_id, project_info_type_id, value, create_user, create_date, modify_user, modify_date) VALUES (100048, 6, 'Client 100001 Billing Account 1 Project 1 Module Assembly Contest 48', 132456, CURRENT, 132456, CURRENT);
INSERT INTO project_info (project_id, project_info_type_id, value, create_user, create_date, modify_user, modify_date) VALUES (100048, 7, '1.0', 132456, CURRENT, 132456, CURRENT);
INSERT INTO project_info (project_id, project_info_type_id, value, create_user, create_date, modify_user, modify_date) VALUES (100048, 8, '', 132456, CURRENT, 132456, CURRENT);
INSERT INTO project_info (project_id, project_info_type_id, value, create_user, create_date, modify_user, modify_date) VALUES (100048, 11, 'On', 132456, CURRENT, 132456, CURRENT);
INSERT INTO project_info (project_id, project_info_type_id, value, create_user, create_date, modify_user, modify_date) VALUES (100048, 9, 'Off', 132456, CURRENT, 132456, CURRENT);
INSERT INTO project_info (project_id, project_info_type_id, value, create_user, create_date, modify_user, modify_date) VALUES (100048, 10, 'On', 132456, CURRENT, 132456, CURRENT);
INSERT INTO project_info (project_id, project_info_type_id, value, create_user, create_date, modify_user, modify_date) VALUES (100048, 12, 'Yes', 132456, CURRENT, 132456, CURRENT);
INSERT INTO project_info (project_id, project_info_type_id, value, create_user, create_date, modify_user, modify_date) VALUES (100048, 13, 'Yes', 132456, CURRENT, 132456, CURRENT);
INSERT INTO project_info (project_id, project_info_type_id, value, create_user, create_date, modify_user, modify_date) VALUES (100048, 14, 'Open', 132456, CURRENT, 132456, CURRENT);
INSERT INTO project_info (project_id, project_info_type_id, value, create_user, create_date, modify_user, modify_date) VALUES (100048, 16, '800.0', 132456, CURRENT, 132456, CURRENT);
INSERT INTO project_info (project_id, project_info_type_id, value, create_user, create_date, modify_user, modify_date) VALUES (100048, 17, '', 132456, CURRENT, 132456, CURRENT);
INSERT INTO project_info (project_id, project_info_type_id, value, create_user, create_date, modify_user, modify_date) VALUES (100048, 26, 'On', 132456, CURRENT, 132456, CURRENT);
INSERT INTO project_info (project_id, project_info_type_id, value, create_user, create_date, modify_user, modify_date) VALUES (100048, 30, '360.0', 132456, CURRENT, 132456, CURRENT);
INSERT INTO project_info (project_id, project_info_type_id, value, create_user, create_date, modify_user, modify_date) VALUES (100048, 31, '6001.0', 132456, CURRENT, 132456, CURRENT);
INSERT INTO project_info (project_id, project_info_type_id, value, create_user, create_date, modify_user, modify_date) VALUES (100048, 33, '605.0', 132456, CURRENT, 132456, CURRENT);
INSERT INTO project_info (project_id, project_info_type_id, value, create_user, create_date, modify_user, modify_date) VALUES (100048, 35, '30.0', 132456, CURRENT, 132456, CURRENT);
INSERT INTO project_info (project_id, project_info_type_id, value, create_user, create_date, modify_user, modify_date) VALUES (100048, 36, '800.0', 132456, CURRENT, 132456, CURRENT);
INSERT INTO project_info (project_id, project_info_type_id, value, create_user, create_date, modify_user, modify_date) VALUES (100048, 37, '400.0', 132456, CURRENT, 132456, CURRENT);
INSERT INTO project_info (project_id, project_info_type_id, value, create_user, create_date, modify_user, modify_date) VALUES (100048, 45, 'true', 132456, CURRENT, 132456, CURRENT);
INSERT INTO project_info (project_id, project_info_type_id, value, create_user, create_date, modify_user, modify_date) VALUES (100048, 47, 'true', 132456, CURRENT, 132456, CURRENT);
INSERT INTO project_info (project_id, project_info_type_id, value, create_user, create_date, modify_user, modify_date) VALUES (100048, 38, '240.0', 132456, CURRENT, 132456, CURRENT);
INSERT INTO project_info (project_id, project_info_type_id, value, create_user, create_date, modify_user, modify_date) VALUES (100048, 39, '0.0', 132456, CURRENT, 132456, CURRENT);
INSERT INTO project_info (project_id, project_info_type_id, value, create_user, create_date, modify_user, modify_date) VALUES (100048, 40, 'A', 132456, CURRENT, 132456, CURRENT);
INSERT INTO project_info (project_id, project_info_type_id, value, create_user, create_date, modify_user, modify_date) VALUES (100048, 32, '100001', 132456, CURRENT, 132456, CURRENT);
INSERT INTO project_info (project_id, project_info_type_id, value, create_user, create_date, modify_user, modify_date) VALUES (100048, 41, 'true', 132456, CURRENT, 132456, CURRENT);
INSERT INTO project_info (project_id, project_info_type_id, value, create_user, create_date, modify_user, modify_date) VALUES (100048, 43, 'true', 132456, CURRENT, 132456, CURRENT);
INSERT INTO project_info (project_id, project_info_type_id, value, create_user, create_date, modify_user, modify_date) VALUES (100048, 44, 'false', 132456, CURRENT, 132456, CURRENT);
INSERT INTO project_info (project_id, project_info_type_id, value, create_user, create_date, modify_user, modify_date) VALUES (100048, 46, 'true', 132456, CURRENT, 132456, CURRENT);
INSERT INTO project_info (project_id, project_info_type_id, value, create_user, create_date, modify_user, modify_date) VALUES (100048, 48, 'true', 132456, CURRENT, 132456, CURRENT);
INSERT INTO project_info (project_id, project_info_type_id, value, create_user, create_date, modify_user, modify_date) VALUES (100048, 21, '02.07.2013 03:21 MSK', 132456, CURRENT, 132456, CURRENT);
INSERT INTO project_info (project_id, project_info_type_id, value, create_user, create_date, modify_user, modify_date) VALUES (100048, 49, '500', 132456, CURRENT, 132456, CURRENT);
INSERT INTO project_info (project_id, project_info_type_id, value, create_user, create_date, modify_user, modify_date) VALUES (100048, 59, 'true', 132456, CURRENT, 132456, CURRENT);
INSERT INTO resource (resource_id, resource_role_id, project_id, project_phase_id, create_user, create_date, modify_user, modify_date) VALUES (100189, 13, 100048, NULL, 132456, CURRENT, 132456, CURRENT);
INSERT INTO resource (resource_id, resource_role_id, project_id, project_phase_id, create_user, create_date, modify_user, modify_date) VALUES (100190, 13, 100048, NULL, 132456, CURRENT, 132456, CURRENT);
INSERT INTO resource (resource_id, resource_role_id, project_id, project_phase_id, create_user, create_date, modify_user, modify_date) VALUES (100191, 14, 100048, NULL, 132456, CURRENT, 132456, CURRENT);
INSERT INTO resource (resource_id, resource_role_id, project_id, project_phase_id, create_user, create_date, modify_user, modify_date) VALUES (100192, 10, 100048, NULL, 132456, CURRENT, 132456, CURRENT);
INSERT INTO resource_info (resource_id, resource_info_type_id, value, create_user, create_date, modify_user, modify_date) VALUES (100189, 1, '132456', 132456, CURRENT, 132456, CURRENT);
INSERT INTO resource_info (resource_id, resource_info_type_id, value, create_user, create_date, modify_user, modify_date) VALUES (100189, 2, 'heffan', 132456, CURRENT, 132456, CURRENT);
INSERT INTO resource_info (resource_id, resource_info_type_id, value, create_user, create_date, modify_user, modify_date) VALUES (100189, 8, 'N/A', 132456, CURRENT, 132456, CURRENT);
INSERT INTO resource_info (resource_id, resource_info_type_id, value, create_user, create_date, modify_user, modify_date) VALUES (100189, 6, '01.26.2013 03:22 PM', 132456, CURRENT, 132456, CURRENT);
INSERT INTO resource_info (resource_id, resource_info_type_id, value, create_user, create_date, modify_user, modify_date) VALUES (100190, 1, '22770213', 132456, CURRENT, 132456, CURRENT);
INSERT INTO resource_info (resource_id, resource_info_type_id, value, create_user, create_date, modify_user, modify_date) VALUES (100190, 2, 'Applications', 132456, CURRENT, 132456, CURRENT);
INSERT INTO resource_info (resource_id, resource_info_type_id, value, create_user, create_date, modify_user, modify_date) VALUES (100190, 8, 'N/A', 132456, CURRENT, 132456, CURRENT);
INSERT INTO resource_info (resource_id, resource_info_type_id, value, create_user, create_date, modify_user, modify_date) VALUES (100190, 6, '01.26.2013 03:23 PM', 132456, CURRENT, 132456, CURRENT);
INSERT INTO resource_info (resource_id, resource_info_type_id, value, create_user, create_date, modify_user, modify_date) VALUES (100191, 1, '132458', 132456, CURRENT, 132456, CURRENT);
INSERT INTO resource_info (resource_id, resource_info_type_id, value, create_user, create_date, modify_user, modify_date) VALUES (100191, 2, 'user', 132456, CURRENT, 132456, CURRENT);
INSERT INTO resource_info (resource_id, resource_info_type_id, value, create_user, create_date, modify_user, modify_date) VALUES (100191, 8, 'N/A', 132456, CURRENT, 132456, CURRENT);
INSERT INTO resource_info (resource_id, resource_info_type_id, value, create_user, create_date, modify_user, modify_date) VALUES (100191, 6, '01.26.2013 03:24 PM', 132456, CURRENT, 132456, CURRENT);
INSERT INTO resource_info (resource_id, resource_info_type_id, value, create_user, create_date, modify_user, modify_date) VALUES (100192, 1, '132458', 132456, CURRENT, 132456, CURRENT);
INSERT INTO resource_info (resource_id, resource_info_type_id, value, create_user, create_date, modify_user, modify_date) VALUES (100192, 2, 'user', 132456, CURRENT, 132456, CURRENT);
INSERT INTO resource_info (resource_id, resource_info_type_id, value, create_user, create_date, modify_user, modify_date) VALUES (100192, 8, 'N/A', 132456, CURRENT, 132456, CURRENT);
INSERT INTO resource_info (resource_id, resource_info_type_id, value, create_user, create_date, modify_user, modify_date) VALUES (100192, 6, '01.26.2013 03:25 PM', 132456, CURRENT, 132456, CURRENT);
INSERT INTO project_info (project_id, project_info_type_id, value, create_user, create_date, modify_user, modify_date) VALUES (100049, 1, '100049', 132456, CURRENT, 132456, CURRENT);
INSERT INTO project_info (project_id, project_info_type_id, value, create_user, create_date, modify_user, modify_date) VALUES (100049, 2, '100049', 132456, CURRENT, 132456, CURRENT);
INSERT INTO project_info (project_id, project_info_type_id, value, create_user, create_date, modify_user, modify_date) VALUES (100049, 3, '100049', 132456, CURRENT, 132456, CURRENT);
INSERT INTO project_info (project_id, project_info_type_id, value, create_user, create_date, modify_user, modify_date) VALUES (100049, 4, '100050', 132456, CURRENT, 132456, CURRENT);
INSERT INTO project_info (project_id, project_info_type_id, value, create_user, create_date, modify_user, modify_date) VALUES (100049, 5, '5801777', 132456, CURRENT, 132456, CURRENT);
INSERT INTO project_info (project_id, project_info_type_id, value, create_user, create_date, modify_user, modify_date) VALUES (100049, 6, 'Client 100001 Billing Account 1 Project 1 Development Contest 49', 132456, CURRENT, 132456, CURRENT);
INSERT INTO project_info (project_id, project_info_type_id, value, create_user, create_date, modify_user, modify_date) VALUES (100049, 7, '1.0', 132456, CURRENT, 132456, CURRENT);
INSERT INTO project_info (project_id, project_info_type_id, value, create_user, create_date, modify_user, modify_date) VALUES (100049, 8, '', 132456, CURRENT, 132456, CURRENT);
INSERT INTO project_info (project_id, project_info_type_id, value, create_user, create_date, modify_user, modify_date) VALUES (100049, 11, 'On', 132456, CURRENT, 132456, CURRENT);
INSERT INTO project_info (project_id, project_info_type_id, value, create_user, create_date, modify_user, modify_date) VALUES (100049, 9, 'Off', 132456, CURRENT, 132456, CURRENT);
INSERT INTO project_info (project_id, project_info_type_id, value, create_user, create_date, modify_user, modify_date) VALUES (100049, 10, 'On', 132456, CURRENT, 132456, CURRENT);
INSERT INTO project_info (project_id, project_info_type_id, value, create_user, create_date, modify_user, modify_date) VALUES (100049, 12, 'Yes', 132456, CURRENT, 132456, CURRENT);
INSERT INTO project_info (project_id, project_info_type_id, value, create_user, create_date, modify_user, modify_date) VALUES (100049, 13, 'Yes', 132456, CURRENT, 132456, CURRENT);
INSERT INTO project_info (project_id, project_info_type_id, value, create_user, create_date, modify_user, modify_date) VALUES (100049, 14, 'Open', 132456, CURRENT, 132456, CURRENT);
INSERT INTO project_info (project_id, project_info_type_id, value, create_user, create_date, modify_user, modify_date) VALUES (100049, 16, '1000.0', 132456, CURRENT, 132456, CURRENT);
INSERT INTO project_info (project_id, project_info_type_id, value, create_user, create_date, modify_user, modify_date) VALUES (100049, 17, '', 132456, CURRENT, 132456, CURRENT);
INSERT INTO project_info (project_id, project_info_type_id, value, create_user, create_date, modify_user, modify_date) VALUES (100049, 26, 'On', 132456, CURRENT, 132456, CURRENT);
INSERT INTO project_info (project_id, project_info_type_id, value, create_user, create_date, modify_user, modify_date) VALUES (100049, 30, '450.0', 132456, CURRENT, 132456, CURRENT);
INSERT INTO project_info (project_id, project_info_type_id, value, create_user, create_date, modify_user, modify_date) VALUES (100049, 31, '6001.0', 132456, CURRENT, 132456, CURRENT);
INSERT INTO project_info (project_id, project_info_type_id, value, create_user, create_date, modify_user, modify_date) VALUES (100049, 33, '683.0', 132456, CURRENT, 132456, CURRENT);
INSERT INTO project_info (project_id, project_info_type_id, value, create_user, create_date, modify_user, modify_date) VALUES (100049, 35, '30.0', 132456, CURRENT, 132456, CURRENT);
INSERT INTO project_info (project_id, project_info_type_id, value, create_user, create_date, modify_user, modify_date) VALUES (100049, 36, '1000.0', 132456, CURRENT, 132456, CURRENT);
INSERT INTO project_info (project_id, project_info_type_id, value, create_user, create_date, modify_user, modify_date) VALUES (100049, 37, '500.0', 132456, CURRENT, 132456, CURRENT);
INSERT INTO project_info (project_id, project_info_type_id, value, create_user, create_date, modify_user, modify_date) VALUES (100049, 45, 'true', 132456, CURRENT, 132456, CURRENT);
INSERT INTO project_info (project_id, project_info_type_id, value, create_user, create_date, modify_user, modify_date) VALUES (100049, 47, 'true', 132456, CURRENT, 132456, CURRENT);
INSERT INTO project_info (project_id, project_info_type_id, value, create_user, create_date, modify_user, modify_date) VALUES (100049, 38, '300.0', 132456, CURRENT, 132456, CURRENT);
INSERT INTO project_info (project_id, project_info_type_id, value, create_user, create_date, modify_user, modify_date) VALUES (100049, 39, '0.0', 132456, CURRENT, 132456, CURRENT);
INSERT INTO project_info (project_id, project_info_type_id, value, create_user, create_date, modify_user, modify_date) VALUES (100049, 40, 'B', 132456, CURRENT, 132456, CURRENT);
INSERT INTO project_info (project_id, project_info_type_id, value, create_user, create_date, modify_user, modify_date) VALUES (100049, 32, '100001', 132456, CURRENT, 132456, CURRENT);
INSERT INTO project_info (project_id, project_info_type_id, value, create_user, create_date, modify_user, modify_date) VALUES (100049, 41, 'true', 132456, CURRENT, 132456, CURRENT);
INSERT INTO project_info (project_id, project_info_type_id, value, create_user, create_date, modify_user, modify_date) VALUES (100049, 43, 'true', 132456, CURRENT, 132456, CURRENT);
INSERT INTO project_info (project_id, project_info_type_id, value, create_user, create_date, modify_user, modify_date) VALUES (100049, 44, 'false', 132456, CURRENT, 132456, CURRENT);
INSERT INTO project_info (project_id, project_info_type_id, value, create_user, create_date, modify_user, modify_date) VALUES (100049, 46, 'true', 132456, CURRENT, 132456, CURRENT);
INSERT INTO project_info (project_id, project_info_type_id, value, create_user, create_date, modify_user, modify_date) VALUES (100049, 48, 'true', 132456, CURRENT, 132456, CURRENT);
INSERT INTO project_info (project_id, project_info_type_id, value, create_user, create_date, modify_user, modify_date) VALUES (100049, 21, '02.03.2013 03:21 MSK', 132456, CURRENT, 132456, CURRENT);
INSERT INTO project_info (project_id, project_info_type_id, value, create_user, create_date, modify_user, modify_date) VALUES (100049, 49, '500', 132456, CURRENT, 132456, CURRENT);
INSERT INTO project_info (project_id, project_info_type_id, value, create_user, create_date, modify_user, modify_date) VALUES (100049, 59, 'true', 132456, CURRENT, 132456, CURRENT);
INSERT INTO resource (resource_id, resource_role_id, project_id, project_phase_id, create_user, create_date, modify_user, modify_date) VALUES (100193, 13, 100049, NULL, 132456, CURRENT, 132456, CURRENT);
INSERT INTO resource (resource_id, resource_role_id, project_id, project_phase_id, create_user, create_date, modify_user, modify_date) VALUES (100194, 13, 100049, NULL, 132456, CURRENT, 132456, CURRENT);
INSERT INTO resource (resource_id, resource_role_id, project_id, project_phase_id, create_user, create_date, modify_user, modify_date) VALUES (100195, 14, 100049, NULL, 132456, CURRENT, 132456, CURRENT);
INSERT INTO resource (resource_id, resource_role_id, project_id, project_phase_id, create_user, create_date, modify_user, modify_date) VALUES (100196, 10, 100049, NULL, 132456, CURRENT, 132456, CURRENT);
INSERT INTO resource_info (resource_id, resource_info_type_id, value, create_user, create_date, modify_user, modify_date) VALUES (100193, 1, '132456', 132456, CURRENT, 132456, CURRENT);
INSERT INTO resource_info (resource_id, resource_info_type_id, value, create_user, create_date, modify_user, modify_date) VALUES (100193, 2, 'heffan', 132456, CURRENT, 132456, CURRENT);
INSERT INTO resource_info (resource_id, resource_info_type_id, value, create_user, create_date, modify_user, modify_date) VALUES (100193, 8, 'N/A', 132456, CURRENT, 132456, CURRENT);
INSERT INTO resource_info (resource_id, resource_info_type_id, value, create_user, create_date, modify_user, modify_date) VALUES (100193, 6, '01.26.2013 03:22 PM', 132456, CURRENT, 132456, CURRENT);
INSERT INTO resource_info (resource_id, resource_info_type_id, value, create_user, create_date, modify_user, modify_date) VALUES (100194, 1, '22719217', 132456, CURRENT, 132456, CURRENT);
INSERT INTO resource_info (resource_id, resource_info_type_id, value, create_user, create_date, modify_user, modify_date) VALUES (100194, 2, 'Components', 132456, CURRENT, 132456, CURRENT);
INSERT INTO resource_info (resource_id, resource_info_type_id, value, create_user, create_date, modify_user, modify_date) VALUES (100194, 8, 'N/A', 132456, CURRENT, 132456, CURRENT);
INSERT INTO resource_info (resource_id, resource_info_type_id, value, create_user, create_date, modify_user, modify_date) VALUES (100194, 6, '01.26.2013 03:23 PM', 132456, CURRENT, 132456, CURRENT);
INSERT INTO resource_info (resource_id, resource_info_type_id, value, create_user, create_date, modify_user, modify_date) VALUES (100195, 1, '132458', 132456, CURRENT, 132456, CURRENT);
INSERT INTO resource_info (resource_id, resource_info_type_id, value, create_user, create_date, modify_user, modify_date) VALUES (100195, 2, 'user', 132456, CURRENT, 132456, CURRENT);
INSERT INTO resource_info (resource_id, resource_info_type_id, value, create_user, create_date, modify_user, modify_date) VALUES (100195, 8, 'N/A', 132456, CURRENT, 132456, CURRENT);
INSERT INTO resource_info (resource_id, resource_info_type_id, value, create_user, create_date, modify_user, modify_date) VALUES (100195, 6, '01.26.2013 03:24 PM', 132456, CURRENT, 132456, CURRENT);
INSERT INTO resource_info (resource_id, resource_info_type_id, value, create_user, create_date, modify_user, modify_date) VALUES (100196, 1, '132458', 132456, CURRENT, 132456, CURRENT);
INSERT INTO resource_info (resource_id, resource_info_type_id, value, create_user, create_date, modify_user, modify_date) VALUES (100196, 2, 'user', 132456, CURRENT, 132456, CURRENT);
INSERT INTO resource_info (resource_id, resource_info_type_id, value, create_user, create_date, modify_user, modify_date) VALUES (100196, 8, 'N/A', 132456, CURRENT, 132456, CURRENT);
INSERT INTO resource_info (resource_id, resource_info_type_id, value, create_user, create_date, modify_user, modify_date) VALUES (100196, 6, '01.26.2013 03:25 PM', 132456, CURRENT, 132456, CURRENT);
INSERT INTO project_info (project_id, project_info_type_id, value, create_user, create_date, modify_user, modify_date) VALUES (100050, 1, '100050', 132456, CURRENT, 132456, CURRENT);
INSERT INTO project_info (project_id, project_info_type_id, value, create_user, create_date, modify_user, modify_date) VALUES (100050, 2, '100050', 132456, CURRENT, 132456, CURRENT);
INSERT INTO project_info (project_id, project_info_type_id, value, create_user, create_date, modify_user, modify_date) VALUES (100050, 3, '100050', 132456, CURRENT, 132456, CURRENT);
INSERT INTO project_info (project_id, project_info_type_id, value, create_user, create_date, modify_user, modify_date) VALUES (100050, 4, '100051', 132456, CURRENT, 132456, CURRENT);
INSERT INTO project_info (project_id, project_info_type_id, value, create_user, create_date, modify_user, modify_date) VALUES (100050, 5, '27202913', 132456, CURRENT, 132456, CURRENT);
INSERT INTO project_info (project_id, project_info_type_id, value, create_user, create_date, modify_user, modify_date) VALUES (100050, 6, 'Client 100001 Billing Account 1 Project 1 Module Assembly Contest 50', 132456, CURRENT, 132456, CURRENT);
INSERT INTO project_info (project_id, project_info_type_id, value, create_user, create_date, modify_user, modify_date) VALUES (100050, 7, '1.0', 132456, CURRENT, 132456, CURRENT);
INSERT INTO project_info (project_id, project_info_type_id, value, create_user, create_date, modify_user, modify_date) VALUES (100050, 8, '', 132456, CURRENT, 132456, CURRENT);
INSERT INTO project_info (project_id, project_info_type_id, value, create_user, create_date, modify_user, modify_date) VALUES (100050, 11, 'On', 132456, CURRENT, 132456, CURRENT);
INSERT INTO project_info (project_id, project_info_type_id, value, create_user, create_date, modify_user, modify_date) VALUES (100050, 9, 'Off', 132456, CURRENT, 132456, CURRENT);
INSERT INTO project_info (project_id, project_info_type_id, value, create_user, create_date, modify_user, modify_date) VALUES (100050, 10, 'On', 132456, CURRENT, 132456, CURRENT);
INSERT INTO project_info (project_id, project_info_type_id, value, create_user, create_date, modify_user, modify_date) VALUES (100050, 12, 'Yes', 132456, CURRENT, 132456, CURRENT);
INSERT INTO project_info (project_id, project_info_type_id, value, create_user, create_date, modify_user, modify_date) VALUES (100050, 13, 'Yes', 132456, CURRENT, 132456, CURRENT);
INSERT INTO project_info (project_id, project_info_type_id, value, create_user, create_date, modify_user, modify_date) VALUES (100050, 14, 'Open', 132456, CURRENT, 132456, CURRENT);
INSERT INTO project_info (project_id, project_info_type_id, value, create_user, create_date, modify_user, modify_date) VALUES (100050, 16, '1200.0', 132456, CURRENT, 132456, CURRENT);
INSERT INTO project_info (project_id, project_info_type_id, value, create_user, create_date, modify_user, modify_date) VALUES (100050, 17, '', 132456, CURRENT, 132456, CURRENT);
INSERT INTO project_info (project_id, project_info_type_id, value, create_user, create_date, modify_user, modify_date) VALUES (100050, 26, 'On', 132456, CURRENT, 132456, CURRENT);
INSERT INTO project_info (project_id, project_info_type_id, value, create_user, create_date, modify_user, modify_date) VALUES (100050, 30, '540.0', 132456, CURRENT, 132456, CURRENT);
INSERT INTO project_info (project_id, project_info_type_id, value, create_user, create_date, modify_user, modify_date) VALUES (100050, 31, '6001.0', 132456, CURRENT, 132456, CURRENT);
INSERT INTO project_info (project_id, project_info_type_id, value, create_user, create_date, modify_user, modify_date) VALUES (100050, 33, '761.0', 132456, CURRENT, 132456, CURRENT);
INSERT INTO project_info (project_id, project_info_type_id, value, create_user, create_date, modify_user, modify_date) VALUES (100050, 35, '30.0', 132456, CURRENT, 132456, CURRENT);
INSERT INTO project_info (project_id, project_info_type_id, value, create_user, create_date, modify_user, modify_date) VALUES (100050, 36, '1200.0', 132456, CURRENT, 132456, CURRENT);
INSERT INTO project_info (project_id, project_info_type_id, value, create_user, create_date, modify_user, modify_date) VALUES (100050, 37, '600.0', 132456, CURRENT, 132456, CURRENT);
INSERT INTO project_info (project_id, project_info_type_id, value, create_user, create_date, modify_user, modify_date) VALUES (100050, 45, 'true', 132456, CURRENT, 132456, CURRENT);
INSERT INTO project_info (project_id, project_info_type_id, value, create_user, create_date, modify_user, modify_date) VALUES (100050, 47, 'true', 132456, CURRENT, 132456, CURRENT);
INSERT INTO project_info (project_id, project_info_type_id, value, create_user, create_date, modify_user, modify_date) VALUES (100050, 38, '380.0', 132456, CURRENT, 132456, CURRENT);
INSERT INTO project_info (project_id, project_info_type_id, value, create_user, create_date, modify_user, modify_date) VALUES (100050, 39, '0.0', 132456, CURRENT, 132456, CURRENT);
INSERT INTO project_info (project_id, project_info_type_id, value, create_user, create_date, modify_user, modify_date) VALUES (100050, 40, 'C', 132456, CURRENT, 132456, CURRENT);
INSERT INTO project_info (project_id, project_info_type_id, value, create_user, create_date, modify_user, modify_date) VALUES (100050, 32, '100001', 132456, CURRENT, 132456, CURRENT);
INSERT INTO project_info (project_id, project_info_type_id, value, create_user, create_date, modify_user, modify_date) VALUES (100050, 41, 'true', 132456, CURRENT, 132456, CURRENT);
INSERT INTO project_info (project_id, project_info_type_id, value, create_user, create_date, modify_user, modify_date) VALUES (100050, 43, 'true', 132456, CURRENT, 132456, CURRENT);
INSERT INTO project_info (project_id, project_info_type_id, value, create_user, create_date, modify_user, modify_date) VALUES (100050, 44, 'false', 132456, CURRENT, 132456, CURRENT);
INSERT INTO project_info (project_id, project_info_type_id, value, create_user, create_date, modify_user, modify_date) VALUES (100050, 46, 'true', 132456, CURRENT, 132456, CURRENT);
INSERT INTO project_info (project_id, project_info_type_id, value, create_user, create_date, modify_user, modify_date) VALUES (100050, 48, 'true', 132456, CURRENT, 132456, CURRENT);
INSERT INTO project_info (project_id, project_info_type_id, value, create_user, create_date, modify_user, modify_date) VALUES (100050, 21, '02.11.2013 16:21 MSK', 132456, CURRENT, 132456, CURRENT);
INSERT INTO project_info (project_id, project_info_type_id, value, create_user, create_date, modify_user, modify_date) VALUES (100050, 49, '500', 132456, CURRENT, 132456, CURRENT);
INSERT INTO project_info (project_id, project_info_type_id, value, create_user, create_date, modify_user, modify_date) VALUES (100050, 59, 'true', 132456, CURRENT, 132456, CURRENT);
INSERT INTO resource (resource_id, resource_role_id, project_id, project_phase_id, create_user, create_date, modify_user, modify_date) VALUES (100197, 13, 100050, NULL, 132456, CURRENT, 132456, CURRENT);
INSERT INTO resource (resource_id, resource_role_id, project_id, project_phase_id, create_user, create_date, modify_user, modify_date) VALUES (100198, 13, 100050, NULL, 132456, CURRENT, 132456, CURRENT);
INSERT INTO resource (resource_id, resource_role_id, project_id, project_phase_id, create_user, create_date, modify_user, modify_date) VALUES (100199, 14, 100050, NULL, 132456, CURRENT, 132456, CURRENT);
INSERT INTO resource (resource_id, resource_role_id, project_id, project_phase_id, create_user, create_date, modify_user, modify_date) VALUES (100200, 10, 100050, NULL, 132456, CURRENT, 132456, CURRENT);
INSERT INTO resource_info (resource_id, resource_info_type_id, value, create_user, create_date, modify_user, modify_date) VALUES (100197, 1, '132456', 132456, CURRENT, 132456, CURRENT);
INSERT INTO resource_info (resource_id, resource_info_type_id, value, create_user, create_date, modify_user, modify_date) VALUES (100197, 2, 'heffan', 132456, CURRENT, 132456, CURRENT);
INSERT INTO resource_info (resource_id, resource_info_type_id, value, create_user, create_date, modify_user, modify_date) VALUES (100197, 8, 'N/A', 132456, CURRENT, 132456, CURRENT);
INSERT INTO resource_info (resource_id, resource_info_type_id, value, create_user, create_date, modify_user, modify_date) VALUES (100197, 6, '01.26.2013 03:22 PM', 132456, CURRENT, 132456, CURRENT);
INSERT INTO resource_info (resource_id, resource_info_type_id, value, create_user, create_date, modify_user, modify_date) VALUES (100198, 1, '22770213', 132456, CURRENT, 132456, CURRENT);
INSERT INTO resource_info (resource_id, resource_info_type_id, value, create_user, create_date, modify_user, modify_date) VALUES (100198, 2, 'Applications', 132456, CURRENT, 132456, CURRENT);
INSERT INTO resource_info (resource_id, resource_info_type_id, value, create_user, create_date, modify_user, modify_date) VALUES (100198, 8, 'N/A', 132456, CURRENT, 132456, CURRENT);
INSERT INTO resource_info (resource_id, resource_info_type_id, value, create_user, create_date, modify_user, modify_date) VALUES (100198, 6, '01.26.2013 03:23 PM', 132456, CURRENT, 132456, CURRENT);
INSERT INTO resource_info (resource_id, resource_info_type_id, value, create_user, create_date, modify_user, modify_date) VALUES (100199, 1, '132458', 132456, CURRENT, 132456, CURRENT);
INSERT INTO resource_info (resource_id, resource_info_type_id, value, create_user, create_date, modify_user, modify_date) VALUES (100199, 2, 'user', 132456, CURRENT, 132456, CURRENT);
INSERT INTO resource_info (resource_id, resource_info_type_id, value, create_user, create_date, modify_user, modify_date) VALUES (100199, 8, 'N/A', 132456, CURRENT, 132456, CURRENT);
INSERT INTO resource_info (resource_id, resource_info_type_id, value, create_user, create_date, modify_user, modify_date) VALUES (100199, 6, '01.26.2013 03:24 PM', 132456, CURRENT, 132456, CURRENT);
INSERT INTO resource_info (resource_id, resource_info_type_id, value, create_user, create_date, modify_user, modify_date) VALUES (100200, 1, '132458', 132456, CURRENT, 132456, CURRENT);
INSERT INTO resource_info (resource_id, resource_info_type_id, value, create_user, create_date, modify_user, modify_date) VALUES (100200, 2, 'user', 132456, CURRENT, 132456, CURRENT);
INSERT INTO resource_info (resource_id, resource_info_type_id, value, create_user, create_date, modify_user, modify_date) VALUES (100200, 8, 'N/A', 132456, CURRENT, 132456, CURRENT);
INSERT INTO resource_info (resource_id, resource_info_type_id, value, create_user, create_date, modify_user, modify_date) VALUES (100200, 6, '01.26.2013 03:25 PM', 132456, CURRENT, 132456, CURRENT);
