<?xml version="1.0"?>
<doc>
    <assembly>
        <name>logging_wrapper</name>
    </assembly>
    <members>
        <member name="T:TopCoder.LoggingWrapper.ConfigException">
            <summary>
            Exception class for all errors in configuration    
            </summary>
        </member>
        <member name="M:TopCoder.LoggingWrapper.ConfigException.#ctor">
            <summary>
            Initializes a new instance of the ConfigException class
            </summary>
        </member>
        <member name="M:TopCoder.LoggingWrapper.ConfigException.#ctor(System.String)">
            <summary>
            Initializes a new instance of the ConfigException class with defined message
            </summary>
            <param name="message">Error message for the user.</param>
        </member>
        <member name="T:TopCoder.LoggingWrapper.DiagnosticImpl">
            <summary>
            logging implementation based on System.Diagnostic namespace
            </summary>
        </member>
        <member name="T:TopCoder.LoggingWrapper.Logger">
            <summary>
            Logger abstract class should be extended by classes that wish to provide a custom 
            logging implementation. The <c>Log</c> method is used to log a message using the 
            underlying implementation, and the <c>IsLevelEnabled</c> method is used to determine 
            if a specific logging level is supported by underlying implementation
            </summary>
        </member>
        <member name="M:TopCoder.LoggingWrapper.Logger.#ctor">
            <summary>
            Initializes a new instance of the Logger class
            </summary>
        </member>
        <member name="M:TopCoder.LoggingWrapper.Logger.#ctor(TopCoder.LoggingWrapper.Level)">
            <summary>
            Initializes a new instance of the Logger class with the specified logging level 
            </summary>
            <param name="level">Logging level </param>
        </member>
        <member name="M:TopCoder.LoggingWrapper.Logger.LoadConfiguration(System.Collections.Specialized.NameValueCollection)">
            <summary>
            Is used by logging implementation to load/reload configuration
            </summary>
        </member>
        <member name="M:TopCoder.LoggingWrapper.Logger.Log(System.String,System.Object[])">
            <summary>
            Is used to log a message using the underlying implementation with the default logging level
            </summary>
            <param name="message">parameterized logging message (it can contain {0}, {1}.. for inserting parameters) </param>
            <param name="param">parameters for logging message (if needed)</param>
        </member>
        <member name="M:TopCoder.LoggingWrapper.Logger.Log(TopCoder.LoggingWrapper.Level,System.String,System.Object[])">
            <summary>
            Is used to log a message using the underlying implementation with the specified logging level
            </summary>
            <param name="level">logging level</param>
            <param name="message">logging message</param>
            <param name="param">parameters for logging message</param>
        </member>
        <member name="M:TopCoder.LoggingWrapper.Logger.IsLevelEnabled(TopCoder.LoggingWrapper.Level)">
            <summary>
            Is used to determine if a specific logging level is supported by underlying implementation
            </summary>
            <param name="level">logging level</param>
            <returns>result</returns>
        </member>
        <member name="M:TopCoder.LoggingWrapper.Logger.setMapping">
            <summary>
            Maps the level of logging in the implementation to the logging level of the wrapper.
            </summary>
        </member>
        <member name="M:TopCoder.LoggingWrapper.Logger.Dispose">
            <summary>
            Performs application-defined tasks associated with freeing, releasing, 
            or resetting unmanaged resources.
            </summary>
        </member>
        <member name="P:TopCoder.LoggingWrapper.Logger.Level">
            <summary>
            Default logging level
            </summary>
        </member>
        <member name="P:TopCoder.LoggingWrapper.Logger.ConfigFile">
            <summary>
            name of config file for logging implementation (if necessary)
            </summary>
        </member>
        <member name="P:TopCoder.LoggingWrapper.Logger.Map">
            <summary>
             mapping of logging levels in the implementation to the logging level of wrapper
            </summary>
        </member>
        <member name="F:TopCoder.LoggingWrapper.DiagnosticImpl.log">
            <summary>
            logging implementation object. Should be initialized at LoadConfiguration.
            </summary>
        </member>
        <member name="F:TopCoder.LoggingWrapper.DiagnosticImpl.logname">
            <summary>
            Name of log file
            </summary>
        </member>
        <member name="F:TopCoder.LoggingWrapper.DiagnosticImpl.source">
            <summary>
            Name of source needed for the EventLog.WriteEntry function
            </summary>
        </member>
        <member name="M:TopCoder.LoggingWrapper.DiagnosticImpl.#ctor">
            <summary>
            Initializes a new instance of the DiagnosticImpl class
            </summary>
        </member>
        <member name="M:TopCoder.LoggingWrapper.DiagnosticImpl.#ctor(TopCoder.LoggingWrapper.Level)">
            <summary>
            Initializes a new instance of the DiagnosticImpl class with the specified logging level
            </summary>
        </member>
        <member name="M:TopCoder.LoggingWrapper.DiagnosticImpl.LoadConfiguration(System.Collections.Specialized.NameValueCollection)">
            <summary>
            Is used to load/reload configuration for logging implementation
            </summary>
            <param name="config">configuration</param>
        </member>
        <member name="M:TopCoder.LoggingWrapper.DiagnosticImpl.setMapping">
            <summary>
            Maps the level of logging in the implementation to the logging level of the wrapper.
            </summary>
        </member>
        <member name="M:TopCoder.LoggingWrapper.DiagnosticImpl.Log(TopCoder.LoggingWrapper.Level,System.String,System.Object[])">
            <summary>
            Is used to log a message using the underlying implementation
            </summary>
            <param name="level">logging level</param>
            <param name="message">logging message</param>
            <param name="param">parameters for logging message</param>
        </member>
        <member name="P:TopCoder.LoggingWrapper.DiagnosticImpl.Logname">
            <summary>
            Name of log file
            </summary>
        </member>
        <member name="T:TopCoder.LoggingWrapper.InvalidImpl">
            <summary>
            This class for test purposes only
            </summary>
        </member>
        <member name="M:TopCoder.LoggingWrapper.InvalidImpl.#ctor">
            <summary>
            constructor
            </summary>
        </member>
        <member name="T:TopCoder.LoggingWrapper.InvalidPluginException">
            <summary>
            Exception for incorrect pluggable logging implementations  (without implementation of Logger class)
            </summary>
        </member>
        <member name="M:TopCoder.LoggingWrapper.InvalidPluginException.#ctor">
            <summary>
            Initializes a new instance of the InvalidPluginException class
            </summary>
        </member>
        <member name="T:TopCoder.LoggingWrapper.Level">
            <summary>
            enum type Level is type of logging level
            </summary>
        </member>
        <member name="F:TopCoder.LoggingWrapper.Level.FATAL">
            <summary>
            logging level  FATAL designates very severe error events that will presumably lead the application to abort.
            </summary>
        </member>
        <member name="F:TopCoder.LoggingWrapper.Level.ERROR">
            <summary>
            logging level  ERROR designates error events that might still allow the application to continue running.
            </summary>
        </member>
        <member name="F:TopCoder.LoggingWrapper.Level.FAILUREAUDIT">
            <summary>
            logging level  FAILUREAUDIT indicates a security event that occurs when an audited access attempt fails; for example, a failed attempt to open a file.
            </summary>
        </member>
        <member name="F:TopCoder.LoggingWrapper.Level.SUCCESSAUDIT">
            <summary>
            logging level  SUCCESSAUDIT indicates a significant, successful operation.
            </summary>
        </member>
        <member name="F:TopCoder.LoggingWrapper.Level.WARN">
            <summary>
            logging level  WARN designates potentially harmful situations.
            </summary>
        </member>
        <member name="F:TopCoder.LoggingWrapper.Level.INFO">
            <summary>
            logging level  INFO  designates informational messages that highlight the progress of the application at coarse-grained level.
            </summary>
        </member>
        <member name="F:TopCoder.LoggingWrapper.Level.DEBUG">
            <summary>
            logging level  DEBUG designates fine-grained informational events that are most useful to debug an application.
            </summary>
        </member>
        <member name="F:TopCoder.LoggingWrapper.Level.OFF">
            <summary>
            logging level  OFF designates a lower level priority than all the rest.
            </summary>
        </member>
        <member name="T:TopCoder.LoggingWrapper.Log4NETImpl">
            <summary>
             logging implementation based on log4net logging solution. Implements Facade pattern.
            </summary>
        </member>
        <member name="F:TopCoder.LoggingWrapper.Log4NETImpl.log">
            <summary>
            logging implementation object. should be initialized at constructor.
            </summary>
        </member>
        <member name="F:TopCoder.LoggingWrapper.Log4NETImpl.logfile">
            <summary>
            file name for logging
            </summary>
        </member>
        <member name="M:TopCoder.LoggingWrapper.Log4NETImpl.#ctor">
            <summary>
            Initializes a new instance of the Log4NETImpl class
            </summary>
        </member>
        <member name="M:TopCoder.LoggingWrapper.Log4NETImpl.#ctor(TopCoder.LoggingWrapper.Level)">
            <summary>
            Initializes a new instance of the Log4NETImpl class with the specified logging level
            </summary>        
            <param name="level">Level of logging.</param>
        </member>
        <member name="M:TopCoder.LoggingWrapper.Log4NETImpl.LoadConfiguration(System.Collections.Specialized.NameValueCollection)">
            <summary>
            Is used to load/reload configuration for logging implementation. <c>log</c> object should be initialized here
            </summary>
            <param name="config">configuration</param>
        </member>
        <member name="M:TopCoder.LoggingWrapper.Log4NETImpl.setMapping">
            <summary>
            Maps the level of logging in the implementation to the logging level of the wrapper.
            </summary>
        </member>
        <member name="M:TopCoder.LoggingWrapper.Log4NETImpl.Log(TopCoder.LoggingWrapper.Level,System.String,System.Object[])">
            <summary>
            Is used to log a message using the specified logging level
            </summary>
            <param name="level">logging level</param>
            <param name="message">logging message</param>
            <param name="param">parameters for logging message</param>
        </member>
        <member name="P:TopCoder.LoggingWrapper.Log4NETImpl.Logname">
            <summary>
            filename of logfile
            </summary>
        </member>
        <member name="T:TopCoder.LoggingWrapper.Log4NETImpl.Log4NETLevel">
            <summary>
            logging levels in the implementation
            </summary>
        </member>
        <member name="T:TopCoder.LoggingWrapper.LogManager">
            <summary>
            .NET LoggingWrapper Component
            author: aksonov
            copyright: Copyright (c) 2003, TopCoder, Inc. All rights reserved
            
            static class <c>LogManager</c> contains methods <c>Log</c> and <c>IsLevelEnabled</c> 
            to provide access to the pluggable logging solution and method <c>GetLogger</c> to 
            retrive the logging solution currently in use
            </summary>
            
        </member>
        <member name="F:TopCoder.LoggingWrapper.LogManager.CLASS_PARAMETER">
            <summary>
            String constant used while configuration reading
            </summary>
        </member>
        <member name="F:TopCoder.LoggingWrapper.LogManager.name">
            <summary>
            full class name of current logging solution
            </summary>
        </member>
        <member name="F:TopCoder.LoggingWrapper.LogManager.log">
            <summary>
            current logging implementation
            </summary>
        </member>
        <member name="F:TopCoder.LoggingWrapper.LogManager.isLogging">
            <summary>
            Tells if Logging is in progress.
            </summary>
        </member>
        <member name="F:TopCoder.LoggingWrapper.LogManager.isLoadingConfiguration">
            <summary>
            Tells if Loading Configuration is in progress.
            </summary>        
        </member>
        <member name="M:TopCoder.LoggingWrapper.LogManager.#cctor">
            <summary>
            Static constructor for configuration loading before application starts
            </summary>
        </member>
        <member name="M:TopCoder.LoggingWrapper.LogManager.LoadConfiguration">
            <summary>
            Loads/reloads configuration file and loads pluggable logging solution
            </summary>
        </member>
        <member name="M:TopCoder.LoggingWrapper.LogManager.LoadPlugin(System.String)">
            <summary>
            Loads pluggable logging solution with defined classname
            </summary>
            <param name="classname">Name of implementation to load.</param>
        </member>
        <member name="M:TopCoder.LoggingWrapper.LogManager.GetLogger">
            <summary>
            Retrieves the logging solution currently in use
            </summary>
            <returns>solution currently in use</returns>
        </member>
        <member name="M:TopCoder.LoggingWrapper.LogManager.GetLoggerClassName">
            <summary>
            Retrieves the full class name of logging solution currently in use
            </summary>
            <returns>full class name of logging solution currently in use</returns>
        </member>
        <member name="M:TopCoder.LoggingWrapper.LogManager.GetLogger(System.String)">
            <summary>
            Loads and retrieve the logging solution with class name <c>classname</c>
            </summary>
            <param name="classname">Full name of class of pluggable logging solution</param>
            <returns>logging solution</returns>
        </member>
        <member name="M:TopCoder.LoggingWrapper.LogManager.Log(TopCoder.LoggingWrapper.Level,System.String,System.Object[])">
            <summary>
            Provides access to current pluggable logging solution
            </summary>
            <param name="level">logging level</param>
            <param name="message">logging message (can be contains {0},{1} for parameter inserting)</param>
            <param name="param">parameters for logging message (if needed)</param>
        </member>
        <member name="M:TopCoder.LoggingWrapper.LogManager.Log(System.String,System.Object[])">
            <summary>
            Provides access to current pluggable logging solution with its default logging level
            </summary>
            <param name="message">logging message (can be contains {0},{1} for parameter inserting)</param>
            <param name="param">parameters for logging message (if needed)</param>
        </member>
        <member name="M:TopCoder.LoggingWrapper.LogManager.IsLevelEnabled(TopCoder.LoggingWrapper.Level)">
            <summary>
            Is used to determine if a specific logging level is enabled for current logging solution
            </summary>
            <param name="level">logging level</param>
            <returns>is enabled or not enabled</returns>
        </member>
        <member name="P:TopCoder.LoggingWrapper.LogManager.Configuration">
            <summary>
            configuration
            </summary>
        </member>
        <member name="T:TopCoder.LoggingWrapper.PluginException">
            <summary>
            Exception class for all pluggable implementation exceptions
            </summary>
        </member>
        <member name="M:TopCoder.LoggingWrapper.PluginException.#ctor">
            <summary>
            Initializes a new instance of the PluginException class
            </summary>
        </member>
        <member name="M:TopCoder.LoggingWrapper.PluginException.#ctor(System.String)">
            <summary>
            Initializes a new instance of the PluginException class with defined message
            </summary>
        </member>
    </members>
</doc>
